season_id,title,score,eps,area,status,season_type
33415,名侦探柯南（中配）,8.8,1262,海外,更新至第1262话,番剧
33378,名侦探柯南,9.4,1262,海外,更新至第1262话,番剧
26801,鬼灭之刃,9.7,26,海外,全26话,番剧
6262,蜡笔小新 第二季（中文）,9.8,873,海外,全873话,番剧
34430,咒术回战,9.7,24,海外,全24话,番剧
41410,间谍过家家,9.7,25,海外,全25话,番剧
6260,蜡笔小新 第一季（中文）,9.8,479,海外,全479话,番剧
38157,银魂,9.9,200,海外,全200话,番剧
25681,JOJO的奇妙冒险 黄金之风,9.8,39,海外,全39话,番剧
41013,海绵宝宝  第一季～第九季 中文配音,9.8,161,海外,全161话,番剧
357,猫和老鼠 旧版,9.9,55,海外,全55话,番剧
28324,犬夜叉,9.8,167,海外,全167话,番剧
25739,关于我转生变成史莱姆这档事,9.4,28,海外,全28话,番剧
39462,国王排名,7.0,23,海外,全23话,番剧
2576,OVERLORD,9.6,13,海外,全13话,番剧
36170,关于我转生变成史莱姆这档事 第二季,8.9,26,海外,全26话,番剧
6422,黑色四叶草,9.5,171,海外,全171话,番剧
24596,OVERLORD Ⅲ,9.4,13,海外,全13话,番剧
5398,JOJO的奇妙冒险 不灭钻石,9.8,39,海外,全39话,番剧
21466,OVERLORD Ⅱ,9.6,13,海外,全13话,番剧
39433,鬼灭之刃 游郭篇,9.7,11,海外,全11话,番剧
46089,葬送的芙莉莲,9.9,28,海外,全28话,番剧
36167,转生成蜘蛛又怎样！,7.9,24,海外,全24话,番剧
44860,鬼灭之刃 刀匠村篇,9.2,13,海外,全13话,番剧
5070,齐木楠雄的灾难（日播&精选版）,9.6,120,海外,全120话,番剧
39431,JOJO的奇妙冒险 石之海,9.8,38,海外,全38话,番剧
5800,小林家的龙女仆,9.7,14,海外,全14话,番剧
4334,JOJO的奇妙冒险,9.8,26,海外,全26话,番剧
45574,咒术回战 第二季,9.4,23,海外,全23话,番剧
4185,JOJO的奇妙冒险 星尘远征军,9.8,24,海外,全24话,番剧
36198,堀与宫村,9.8,13,海外,全13话,番剧
6295,蜡笔小新 第六季（中文）,9.8,156,海外,全156话,番剧
26284,盾之勇者成名录,7.4,25,海外,全25话,番剧
26274,辉夜大小姐想让我告白～天才们的恋爱头脑战～,9.8,12,海外,全12话,番剧
4213,JOJO的奇妙冒险 星尘远征军 埃及篇,9.8,24,海外,全24话,番剧
39444,鬼灭之刃 无限列车篇,9.8,7,海外,全7话,番剧
6264,蜡笔小新 第三季（中文）,9.8,156,海外,全156话,番剧
1376,家庭教师HITMAN REBORN!,9.9,203,海外,全203话,番剧
29358,因为太怕痛就全点防御力了,9.0,12,海外,全12话,番剧
6266,蜡笔小新 第四季（中文）,9.7,156,海外,全156话,番剧
47083,迷宫饭,9.8,24,海外,全24话,番剧
1635,EVA 新世纪福音战士,9.7,26,海外,全26话,番剧
24588,工作细胞,9.7,14,海外,全14话,番剧
41417,夏日重现,9.8,25,海外,全25话,番剧
37587,小猪佩奇 第一季,8.8,52,海外,全52话,番剧
29325,某科学的超电磁炮T,9.8,25,海外,全25话,番剧
25733,青春猪头少年不会梦到兔女郎学姐,9.8,13,海外,全13话,番剧
6339,欢迎来到实力至上主义的教室,8.9,12,海外,全12话,番剧
45263,成龙历险记 中文配音,8.8,95,海外,全95话,番剧
3756,百变小樱,9.9,70,海外,全70话,番剧
38385,迪迦奥特曼（中配）,9.9,52,海外,全52话,番剧
32982,辉夜大小姐想让我告白？～天才们的恋爱头脑战～,9.8,12,海外,全12话,番剧
4452,刀剑神域,9.7,25,海外,全25话,番剧
47836,鬼灭之刃 柱训练篇,9.7,8,海外,全8话,番剧
3450,在下坂本，有何贵干？,9.4,13,海外,全13话,番剧
24581,碧蓝之海,9.9,12,海外,全12话,番剧
425,某科学的超电磁炮,9.7,24,海外,全24话,番剧
5997,埃罗芒阿老师,9.3,12,海外,全12话,番剧
1699,四月是你的谎言,9.8,22,海外,全22话,番剧
5069,齐木楠雄的灾难,9.7,24,海外,全24话,番剧
1586,Fate/stay night [Unlimited Blade Works] 第一季,9.5,13,海外,全13话,番剧
38158,银魂 第二季,9.9,64,海外,全64话,番剧
21542,紫罗兰永恒花园,9.8,14,海外,全14话,番剧
2572,Charlotte,9.5,13,海外,全13话,番剧
34230,总之就是非常可爱,9.5,13,海外,全13话,番剧
2580,干物妹！小埋,9.4,12,海外,全12话,番剧
43164,孤独摇滚！,9.9,12,海外,全12话,番剧
6268,蜡笔小新 第五季（中文）,9.8,156,海外,全156话,番剧
25510,刀剑神域 Alicization,8.3,25,海外,全25话,番剧
34004,鬼灭之刃 中配版,9.1,26,海外,全26话,番剧
27993,Ｄｒ．ＳＴＯＮＥ 石纪元,9.7,24,海外,全24话,番剧
1555,终结的炽天使,8.6,12,海外,全12话,番剧
3398,冰菓,9.8,23,海外,全23话,番剧
43013,小猪佩奇 第九季 中文配音,8.9,39,海外,全39话,番剧
21469,齐木楠雄的灾难 第二季,9.8,24,海外,全24话,番剧
1587,Fate/stay night [Unlimited Blade Works] 第二季,9.5,13,海外,全13话,番剧
28320,命运-冠位指定 绝对魔兽战线 巴比伦尼亚,9.5,22,海外,全22话,番剧
28625,这个勇者明明超强却过分慎重,9.7,12,海外,全12话,番剧
1559,食戟之灵,9.5,24,海外,全24话,番剧
1540,我的青春恋爱物语果然有问题。续,9.8,13,海外,全13话,番剧
26146,多罗罗,9.4,24,海外,全24话,番剧
46085,间谍过家家 第二季,9.7,12,海外,全12话,番剧
47556,怪兽8号,8.7,12,海外,全12话,番剧
47211,我独自升级,8.8,12,海外,全12话,番剧
41012,海绵宝宝 第一季～第九季,9.8,161,海外,全161话,番剧
1650,Fate/Zero 第一季,9.6,13,海外,全13话,番剧
29339,星掠者,5.4,24,海外,全24话,番剧
6312,徒然喜欢你,9.7,12,海外,全12话,番剧
6311,笨女孩,9.3,12,海外,全12话,番剧
37589,小猪佩奇 第二季,8.5,52,海外,全52话,番剧
5761,宝可梦,9.8,271,海外,全271话,番剧
1512,路人女主的养成方法,9.4,13,海外,全13话,番剧
37594,小猪佩奇 第七季,8.5,52,海外,全52话,番剧
2727,排球少年！！,9.9,25,海外,全25话,番剧
779,Fate/Zero 第二季,9.7,12,海外,全12话,番剧
39481,"世界顶尖的暗杀者,转生为异世界贵族",9.2,12,海外,全12话,番剧
3054,游戏王 怪兽之决斗,9.8,224,海外,全224话,番剧
6446,干物妹！小埋R,9.5,12,海外,全12话,番剧
6301,Fate/Apocrypha,6.0,25,海外,全25话,番剧
27995,平凡职业造就世界最强,6.1,14,海外,全14话,番剧
28638,入间同学入魔了,9.5,23,海外,全23话,番剧
2760,终结的炽天使 名古屋决战篇,8.8,12,海外,全12话,番剧
5058,路人超能100(灵能百分百),9.8,12,海外,全12话,番剧
48011,不时用俄语小声说真心话的邻桌艾莉同学,7.8,12,海外,全12话,番剧
33802,Re：从零开始的异世界生活 第二季 前半,9.7,13,海外,全13话,番剧
80763,我独自升级 第二季 -起于暗影-,9.7,13,海外,全13话,番剧
4340,中二病也要谈恋爱！,9.8,13,海外,全13话,番剧
38921,小林家的龙女仆 第二季,9.6,13,海外,全13话,番剧
38214,致不灭的你,9.5,20,海外,全20话,番剧
969,会长是女仆大人！,9.7,26,海外,全26话,番剧
46086,香格里拉边境,9.3,25,海外,全25话,番剧
26283,五等分的新娘,8.9,12,海外,全12话,番剧
26297,路人超能100 II(灵能百分百 第二季),9.9,13,海外,全13话,番剧
877,全职猎人,9.8,92,海外,全92话,番剧
1539,我的青春恋爱物语果然有问题。,9.7,13,海外,全13话,番剧
38159,银魂 第三季,9.9,51,海外,全51话,番剧
37593,小猪佩奇 第六季,8.5,26,海外,全26话,番剧
41080,汪汪队立大功 第二季 中文配音,8.5,24,海外,全24话,番剧
41411,辉夜大小姐想让我告白 -究极浪漫-,9.5,13,海外,全13话,番剧
24625,Angels of Death,9.6,16,海外,全16话,番剧
34412,魔女之旅,9.7,12,海外,全12话,番剧
42105,奇幻世界舅舅,9.8,13,海外,全13话,番剧
427,某科学的超电磁炮S,9.7,24,海外,全24话,番剧
2732,野良神 ARAGOTO,9.4,13,海外,全13话,番剧
43145,蓝色监狱 / 蓝色禁区,9.2,24,海外,全24话,番剧
4400,弹丸论破,9.3,13,海外,全13话,番剧
2539,魔法少女小圆,9.8,12,海外,全12话,番剧
29310,异度侵入 ID:INVADED,9.8,13,海外,全13话,番剧
5987,不正经的魔术讲师与禁忌教典,8.9,12,海外,全12话,番剧
44151,因为太怕痛就全点防御力了 第二季,9.3,12,海外,全12话,番剧
48031,蜡笔小新 第七季（中文）,9.7,312,海外,全312话,番剧
3462,双星之阴阳师,8.7,50,海外,全50话,番剧
38221,关于我转生变成史莱姆这档事 转生史莱姆日记,9.7,12,海外,全12话,番剧
33055,转生成为了只有乙女游戏破灭Flag的邪恶大小姐,9.6,12,海外,全12话,番剧
29366,虚构推理,9.2,12,海外,全12话,番剧
25617,魔法禁书目录 第三季,8.0,26,海外,全26话,番剧
44861,物理魔法使-马修-,8.6,12,海外,全12话,番剧
36429,Re：从零开始的异世界生活 第二季 后半,9.9,12,海外,全12话,番剧
39214,小猪佩奇 第八季 中文配音,8.5,45,海外,全45话,番剧
109700,假面骑士ZZZ,9.8,38,海外,更新至第38话,番剧
2932,打工吧！魔王大人,9.6,13,海外,全13话,番剧
21729,戒律的复活,9.7,24,海外,全24话,番剧
1407,欢迎光临樱兰高校,9.9,26,海外,全26话,番剧
1672,龙与虎,9.7,26,海外,全26话,番剧
963,魔法禁书目录 第一季,9.1,24,海外,全24话,番剧
38224,入间同学入魔了 第二季,9.7,21,海外,全21话,番剧
48744,胆大党,9.7,12,海外,全12话,番剧
27959,炎炎消防队,9.2,24,海外,全24话,番剧
32998,我的青春恋爱物语果然有问题。完,8.9,12,海外,全12话,番剧
21554,龙王的工作！,9.1,12,海外,全12话,番剧
73081,颂乐人偶,7.2,13,海外,全13话,番剧
184,NO GAME NO LIFE 游戏人生,9.8,12,海外,全12话,番剧
26769,文豪野犬 第三季,9.8,12,海外,全12话,番剧
2299,乌龙派出所,9.9,341,海外,全341话,番剧
25742,强风吹拂,9.9,23,海外,全23话,番剧
5998,Re：创造主,8.9,22,海外,全22话,番剧
45635,小猪佩奇 第九季 续集 中文配音,8.6,24,海外,全24话,番剧
45510,布莱泽奥特曼,9.9,28,海外,全28话,番剧
38397,泽塔奥特曼,9.8,28,海外,全28话,番剧
29590,Re：从零开始的异世界生活 新编集版,9.6,13,海外,全13话,番剧
37889,工作细胞（中配版）,9.7,14,海外,全14话,番剧
25443,小马宝莉 友谊魔法 第六季 中文配音,9.7,26,海外,全26话,番剧
844,日常,9.9,26,海外,全26话,番剧
76122,坂本日常,9.0,22,海外,全22话,番剧
24265,小马宝莉 友谊魔法 第七季 中文配音,9.8,26,海外,全26话,番剧
27733,小马宝莉 友谊魔法 第五季 中文配音,9.8,26,海外,全26话,番剧
43141,路人超能100 III(灵能百分百 第三季),9.9,12,海外,全12话,番剧
41920,米奇妙妙屋 第1季 中文配音,9.7,26,海外,全26话,番剧
47996,蜡笔小新 第八季（中文）,9.5,84,海外,全84话,番剧
33800,宇崎学妹想要玩！,9.4,12,海外,全12话,番剧
22504,卫宫家今天的饭,9.8,13,海外,全13话,番剧
32781,刀剑神域 爱丽丝篇 异界战争 -终章-,4.8,12,海外,全12话,番剧
42186,德凯奥特曼,9.5,28,海外,全28话,番剧
5793,珈百璃的堕落,9.6,12,海外,全12话,番剧
28615,刀剑神域 爱丽丝篇 异界战争,9.1,13,海外,全13话,番剧
2743,落第骑士英雄谭,9.5,12,海外,全12话,番剧
38229,打了300年的史莱姆，不知不觉就练到了满级,9.5,12,海外,全12话,番剧
23834,赛马娘,9.7,13,海外,全13话,番剧
1173,轻音少女 第二季,9.9,27,海外,全27话,番剧
39461,我被逐出队伍后过上慢生活,8.0,13,海外,全13话,番剧
34411,全员恶玉,6.2,12,海外,全12话,番剧
37590,小猪佩奇 第三季,8.4,26,海外,全26话,番剧
5017,食戟之灵 贰之皿,9.4,13,海外,全13话,番剧
37592,小猪佩奇 第五季,8.5,26,海外,全26话,番剧
5057,弹丸论破3 -绝望篇-,8.4,12,海外,全12话,番剧
23850,超能力女儿,9.6,12,海外,全12话,番剧
6304,骑士&魔法,8.8,13,海外,全13话,番剧
1172,轻音少女 第一季,9.9,14,海外,全14话,番剧
6434,宝石之国,9.7,12,海外,全12话,番剧
23856,阿宅的恋爱真难,9.6,11,海外,全11话,番剧
36166,五等分的新娘∬,9.7,12,海外,全12话,番剧
44865,Ｄｒ．ＳＴＯＮＥ 石纪元 (第三季),9.8,22,海外,全22话,番剧
28542,动物狂想曲 / BEASTARS,9.7,12,海外,全12话,番剧
90217,吉伊卡哇,5.8,120,海外,全120话,番剧
5281,网球王子,9.7,178,海外,全178话,番剧
26291,天使降临到我身边,9.8,13,海外,全13话,番剧
28595,喜欢本大爷的竟然就你一个？,9.1,14,海外,全14话,番剧
34407,在魔王城说晚安,9.7,12,海外,全12话,番剧
32963,公主连结Re:Dive,9.5,13,海外,全13话,番剧
38934,异世界迷宫黑心企业,9.7,12,海外,全12话,番剧
26281,约定的梦幻岛,9.8,12,海外,全12话,番剧
26794,贤者之孙,6.8,12,海外,全12话,番剧
29342,地缚少年花子君,9.5,12,海外,全12话,番剧
32956,格莱普尼尔,8.9,13,海外,全13话,番剧
21421,魔卡少女樱 CLEAR CARD篇,9.7,22,海外,全22话,番剧
102246,怪兽8号 第二季,6.3,12,海外,全12话,番剧
1588,罪恶王冠,9.1,22,海外,全22话,番剧
835,我们仍未知道那天所看见的花的名字。,9.6,11,海外,全11话,番剧
48830,英雄联盟：双城之战,9.7,9,海外,全9话,番剧
39180,测不准的阿波连同学,9.7,12,海外,全12话,番剧
73077,迷途之子!!!!!,9.7,13,海外,全13话,番剧
38935,见面5秒开始战斗,8.7,12,海外,全12话,番剧
41620,汪汪队立大功 第一季 中文配音,9.1,23,海外,全23话,番剧
41413,盾之勇者成名录 第二季,6.1,13,海外,全13话,番剧
38933,精灵幻想记,7.3,12,海外,全12话,番剧
2680,男子高中生的日常,9.8,12,海外,全12话,番剧
2722,学战都市Asterisk,8.5,12,海外,全12话,番剧
36175,Ｄｒ．ＳＴＯＮＥ 石纪元  (第二季),9.7,11,海外,全11话,番剧
37591,小猪佩奇 第四季,8.5,26,海外,全26话,番剧
4349,中二病也要谈恋爱！恋,9.6,13,海外,全13话,番剧
48810,假面骑士加布,7.4,50,海外,全50话,番剧
42921,新猫和老鼠 第四季,9.7,26,海外,全26话,番剧
38931,月光下的异世界之旅,9.1,12,海外,全12话,番剧
33805,炎炎消防队 贰之章,9.1,24,海外,全24话,番剧
1177,CLANNAD,9.9,23,海外,全23话,番剧
36174,工作细胞 第二季,9.7,8,海外,全8话,番剧
36177,工作细胞BLACK,9.8,13,海外,全13话,番剧
497,机动战士高达SEED HD,9.6,48,海外,全48话,番剧
5989,月色真美,9.8,12,海外,全12话,番剧
28544,我，不是说了能力要平均值么！,8.2,12,海外,全12话,番剧
4687,犬夜叉完结篇,9.8,26,海外,全26话,番剧
44870,跃动青春,9.9,12,海外,全12话,番剧
2731,野良神,9.5,12,海外,全12话,番剧
38922,转生成为了只有乙女游戏破灭Flag的邪恶大小姐 第二季,9.6,13,海外,全13话,番剧
687,樱花庄的宠物女孩,9.7,24,海外,全24话,番剧
28016,女高中生的虚度日常,9.8,12,海外,全12话,番剧
28002,某科学的一方通行,6.7,12,海外,全12话,番剧
38384,迪迦奥特曼,9.9,52,海外,全52话,番剧
38952,现实主义勇者的王国再建记,8.5,26,海外,全26话,番剧
964,魔法禁书目录 第二季,9.2,24,海外,全24话,番剧
23878,女神异闻录5 动画版,9.1,26,海外,全26话,番剧
3495,线上游戏的队友不可能是女生？,9.0,12,海外,全12话,番剧
53,月刊少女野崎君,9.8,12,海外,全12话,番剧
48831,英雄联盟：双城之战 第二季,9.3,9,海外,全9话,番剧
45003,航海王：红发歌姬,8.5,0,海外,2022年8月6日上映,番剧
39424,关于前辈很烦人的事,9.8,12,海外,全12话,番剧
28006,擅长捉弄的高木同学 第二季,9.9,12,海外,全12话,番剧
499,机动战士高达SEED Destiny HD,9.0,50,海外,全50话,番剧
41422,骸骨骑士大人奇幻世界冒险中,8.6,12,海外,全12话,番剧
1523,元气少女缘结神◎,9.7,12,海外,全12话,番剧
36191,好比是最终迷宫前的少年到新手村生活一般的故事,7.8,12,海外,全12话,番剧
42176,莉可丽丝,9.2,13,海外,全13话,番剧
40516,与变成了异世界美少女的好友一起冒险,9.7,12,海外,全12话,番剧
48297,小猪佩奇 第十季 中文配音,9.1,26,海外,全26话,番剧
2725,K RETURN OF KINGS,9.3,13,海外,全13话,番剧
41432,约会大作战 第四季,9.8,12,海外,全12话,番剧
44776,假面骑士极狐,7.6,49,海外,全49话,番剧
1660,夏目友人帐,9.8,13,海外,全13话,番剧
41591,恋爱游戏世界对路人角色很不友好,9.1,12,海外,全12话,番剧
1553,幻界战线,9.6,12,海外,全12话,番剧
33343,天气之子,9.6,0,海外,2019年11月1日上映,番剧
32779,哆啦A梦 第三季,9.8,294,海外,全294话,番剧
48852,关于我转生变成史莱姆这档事 第三季,7.6,24,海外,全24话,番剧
37595,小猪佩奇 第一季 英文版,9.4,52,海外,全52话,番剧
80512,Ｄｒ．ＳＴＯＮＥ 石纪元 (第四季),9.9,24,海外,全24话,番剧
688,邻座的怪同学,9.6,13,海外,全13话,番剧
4262,玉子市场,9.8,12,海外,全12话,番剧
26223,小马宝莉 友谊的魔力 第八季（中配）,9.7,26,海外,全26话,番剧
34433,我立于百万生命之上,8.3,12,海外,全12话,番剧
38924,瓦尼塔斯的手记,9.7,24,海外,全24话,番剧
5872,越狱兔 第5季,9.7,13,海外,全13话,番剧
5871,越狱兔 第4季,9.7,13,海外,全13话,番剧
5870,越狱兔 第3季,9.7,13,海外,全13话,番剧
5869,越狱兔 第2季,9.7,13,海外,全13话,番剧
2033,越狱兔 第1季,9.8,29,海外,全29话,番剧
41416,式守同学不只可爱而已,8.1,12,海外,全12话,番剧
2667,我女友与青梅竹马的惨烈修罗场,8.9,13,海外,全13话,番剧
40142,天才王子的赤字国家振兴术,9.5,12,海外,全12话,番剧
75,黑执事,9.8,24,海外,全24话,番剧
6161,宝可梦 超世代,9.5,188,海外,全188话,番剧
21719,pop子和pipi美的日常,8.8,16,海外,全16话,番剧
1382,NANA,9.6,50,海外,全50话,番剧
36211,无限滑板 / SK8 the Infinity,9.6,13,海外,全13话,番剧
24630,邪神与厨二病少女,9.5,13,海外,全13话,番剧
40134,里亚德录大地,9.2,12,海外,全12话,番剧
28598,诸神的逆鳞,4.7,24,海外,全24话,番剧
1574,伪恋：,9.4,12,海外,全12话,番剧
2668,小马宝莉 友谊魔法 第一季,9.8,26,海外,全26话,番剧
26308,约会大作战 第三季,7.9,12,海外,全12话,番剧
38865,我们的重制人生,9.6,12,海外,全12话,番剧
6310,异世界食堂,9.5,12,海外,全12话,番剧
5056,弹丸论破3 -未来篇-,8.1,12,海外,全12话,番剧
5534,我太受欢迎了该怎么办,9.1,12,海外,全12话,番剧
26875,CAROLE & TUESDAY,9.7,25,海外,全25话,番剧
281,甘城光辉游乐园,9.7,14,海外,全14话,番剧
1530,关于完全听不懂老公在说什么的事 第一季,9.7,13,海外,全13话,番剧
238087,小马国女孩系列 中文配音,9.8,12,海外,全12话,番剧
5977,夏目友人帐 第六季,9.8,13,海外,全13话,番剧
40156,擅长捉弄的高木同学 第三季,9.9,12,海外,全12话,番剧
28004,重来吧，魔王大人！,8.3,12,海外,全12话,番剧
5762,宝可梦 XY1&2,9.4,96,海外,全96话,番剧
21720,小木乃伊到我家,9.6,12,海外,全12话,番剧
34404,你与我最后的战场，亦或是世界起始的圣战,8.0,12,海外,全12话,番剧
29110,理科生坠入情网，故尝试证明。,9.7,12,海外,全12话,番剧
27395,冰海战记,9.8,24,海外,全24话,番剧
101758,胆大党 第二季,9.7,12,海外,全12话,番剧
5043,这个美术社大有问题！,9.8,12,海外,全12话,番剧
5550,夏目友人帐 第五季,9.8,11,海外,全11话,番剧
32974,神之塔,9.3,13,海外,全13话,番剧
23880,装甲重拳/MEGALOBOX,9.8,13,海外,全13话,番剧
6162,宝可梦 钻石&珍珠,9.7,185,海外,全185话,番剧
4188,约会大作战,9.3,12,海外,全12话,番剧
36579,赛马娘 第二季,9.9,13,海外,全13话,番剧
41214,朱妮托尼儿歌 中文配音,6.1,343,海外,全343话,番剧
102255,咔嗒咔嗒,9.2,24,海外,全24话,番剧
47068,小马宝莉 友谊的魔力 第九季 中文配音,9.7,26,海外,全26话,番剧
1626,黑子的篮球 第3期,9.4,25,海外,全25话,番剧
39463,宿命回响：命运节拍,7.4,12,海外,全12话,番剧
38220,极主夫道,9.7,10,海外,全10话,番剧
44830,超常技能开启奇幻世界美食之旅,9.7,12,海外,全12话,番剧
38407,梦比优斯奥特曼,9.8,50,海外,全50话,番剧
26767,我们无法一起学习,9.2,13,海外,全13话,番剧
3365,境界的彼方,9.5,12,海外,全12话,番剧
36287,文豪野犬 汪！,9.8,12,海外,全12话,番剧
38035,岸边露伴 一动也不动,9.8,4,海外,全4话,番剧
107100,小猪佩奇 第十一季 中文配音,9.3,26,海外,全26话,番剧
26363,君主·埃尔梅罗二世事件簿 魔眼收集列车 Grace note,9.7,13,海外,全13话,番剧
102173,薰香花朵凛然绽放,9.6,13,海外,全13话,番剧
21464,Fate/EXTRA Last Encore,8.8,13,海外,全13话,番剧
47095,海绵宝宝 第十一季 中文配音,8.3,23,海外,全23话,番剧
6440,如果能写小说就好了,9.3,12,海外,全12话,番剧
3464,学战都市Asterisk 第二季,8.6,12,海外,全12话,番剧
25210,命运之夜  06版,9.5,24,海外,全24话,番剧
39147,初高中同校！！鬼灭学园物语,9.5,7,海外,全7话,番剧
43622,间谍过家家 中配版,8.9,25,海外,全25话,番剧
48035,亚刻奥特曼,7.1,29,海外,全29话,番剧
27999,在地下城寻求邂逅是否搞错了什么 第二季,9.0,13,海外,全13话,番剧
36165,弱势角色友崎君,9.1,14,海外,全14话,番剧
6432,属性咖啡厅,9.6,12,海外,全12话,番剧
2669,小马宝莉 友谊魔法 第二季,9.8,26,海外,全26话,番剧
39190,咒术回战 粤配版,9.7,24,海外,全24话,番剧
5985,武装少女,9.3,13,海外,全13话,番剧
40140,失格纹的最强贤者～世界最强的贤者为了变得更强而转生了～,4.8,12,海外,全12话,番剧
1573,伪恋,9.2,20,海外,全20话,番剧
38945,侦探已死,7.1,12,海外,全12话,番剧
32818,八男？别闹了！,5.5,12,海外,全12话,番剧
41642,黑之召唤士,9.0,12,海外,全12话,番剧
1178,CLANNAD ～AFTER STORY～,9.9,23,海外,全23话,番剧
5012,ReLIFE,9.9,13,海外,全13话,番剧
4197,俺物语！！,9.9,24,海外,全24话,番剧
28590,我们无法一起学习！,5.3,13,海外,全13话,番剧
44082,文豪野犬 第四季,9.7,13,海外,全13话,番剧
33384,怪盗基德1412,9.8,24,海外,全24话,番剧
37597,小猪佩奇 第三季 英文版,9.0,26,海外,全26话,番剧
102891,碧蓝之海 第二季,9.8,12,海外,全12话,番剧
36241,怪物事变,9.6,12,海外,全12话,番剧
39361,进化之实 踏上胜利的人生,5.0,12,海外,全12话,番剧
47210,物理魔法使-马修- 神觉者候选人选拔考试篇,9.1,12,海外,全12话,番剧
4394,Free!,9.4,12,海外,全12话,番剧
25839,天线宝宝,9.7,365,海外,全365话,番剧
38402,盖亚奥特曼（中配）,9.8,51,海外,全51话,番剧
45644,假面骑士创骑,9.2,49,海外,全49话,番剧
39334,世界尽头的圣骑士,6.3,12,海外,全12话,番剧
3496,机动战士高达独角兽(UC) RE:0096,9.3,22,海外,全22话,番剧
36209,奇蛋物语 / WONDER EGG PRIORITY,9.7,12,海外,全12话,番剧
38353,通灵王,8.1,52,海外,全52话,番剧
1547,吹响吧！上低音号,9.8,14,海外,全14话,番剧
4026,Re：从零开始休息时间,9.4,25,海外,全25话,番剧
41603,花园宝宝 中文配音,9.8,98,海外,全98话,番剧
28007,街角魔族,9.8,12,海外,全12话,番剧
68619,英雄联盟：双城之战 第二季 中文配音,9.6,9,海外,全9话,番剧
4181,漆黑的子弹,9.2,13,海外,全13话,番剧
68587,香格里拉边境 第二季,9.4,25,海外,全25话,番剧
44024,成龙历险记,9.2,95,海外,全95话,番剧
5798,One Room,9.7,12,海外,全12话,番剧
38875,堀与宫村 中配版,9.6,13,海外,全13话,番剧
34416,无能力者娜娜,9.4,13,海外,全13话,番剧
3527,逆转裁判,8.9,24,海外,全24话,番剧
2660,我的妹妹不可能那么可爱 第一季,9.2,16,海外,全16话,番剧
46090,狩龙人拉格纳,9.5,24,海外,全24话,番剧
12364,刀剑神域：序列之争,9.4,0,海外,2017年9月15日上映,番剧
36131,动物狂想曲 / BEASTARS 第二季,9.1,12,海外,全12话,番剧
38722,死神少爷与黑女仆,9.7,12,海外,全12话,番剧
6423,品酒要在成为夫妻后,9.5,13,海外,全13话,番剧
3428,OVERLORD SP,9.4,8,海外,全8话,番剧
32777,哆啦A梦 第一季,9.8,142,海外,全142话,番剧
2671,小马宝莉 友谊魔法 第四季,9.8,26,海外,全26话,番剧
4375,钻石王牌,9.7,75,海外,全75话,番剧
34650,政宗君的复仇,4.1,12,海外,全12话,番剧
44152,虚构推理 第二季,9.6,12,海外,全12话,番剧
28013,流汗吧！健身少女,9.7,12,海外,全12话,番剧
34410,熊熊勇闯异世界,8.5,12,海外,全12话,番剧
45011,布鲁伊 第一季 中文配音,9.7,52,海外,全52话,番剧
76110,地缚少年花子君 第二季,9.8,24,海外,全24话,番剧
1193,机动战士高达00 第二季,9.8,25,海外,全25话,番剧
36210,约定的梦幻岛 第二季,2.8,12,海外,全12话,番剧
45305,总之就是非常可爱 第二季,9.6,16,海外,全16话,番剧
31779,紫罗兰永恒花园外传：永远与自动手记人偶,9.9,0,海外,2020年1月10日上映,番剧
38399,雷欧奥特曼,8.9,51,海外,全51话,番剧
1655,关于完全听不懂老公在说什么的事 第二季,9.7,13,海外,全13话,番剧
290,记录的地平线 第二季,9.5,25,海外,全25话,番剧
5971,路人女主的养成方法 ♭,9.7,12,海外,全12话,番剧
28516,碧蓝航线,8.1,12,海外,全12话,番剧
38994,工作细胞 第二季（中配版）,9.4,8,海外,全8话,番剧
38415,欧布奥特曼,9.8,25,海外,全25话,番剧
34436,被神捡到的男人,5.6,12,海外,全12话,番剧
1732,幻想嘉年华,9.8,12,海外,全12话,番剧
2591,噬神者,9.4,13,海外,全13话,番剧
1057,凉宫春日的忧郁 2009,9.5,28,海外,全28话,番剧
43142,入间同学入魔了 第三季,9.5,21,海外,全21话,番剧
6439,幻界战线 & BEYOND,9.8,12,海外,全12话,番剧
33394,怪盗基德1412（中配）,9.4,24,海外,全24话,番剧
1192,机动战士高达00,9.7,25,海外,全25话,番剧
2592,学园孤岛,9.6,12,海外,全12话,番剧
34402,成神之日,5.8,12,海外,全12话,番剧
6447,鬼灯的冷彻 第二季,9.7,13,海外,全13话,番剧
38693,盖亚奥特曼,9.8,51,海外,全51话,番剧
45015,布鲁伊 第三季 中文配音,9.6,52,海外,全52话,番剧
38404,奈克赛斯奥特曼,9.8,38,海外,全38话,番剧
129142,正相反的你与我,9.8,12,海外,全12话,番剧
12116,声之形,9.5,0,海外,2017年9月8日上映,番剧
29052,齐木楠雄的灾难 始动篇,9.8,6,海外,全6话,番剧
5020,Rewrite,8.7,13,海外,全13话,番剧
1293,幸运星,9.9,25,海外,全25话,番剧
1661,夏目友人帐 第二季,9.8,13,海外,全13话,番剧
43814,久保同学不放过我,9.5,12,海外,全12话,番剧
38412,捷德奥特曼,9.3,25,海外,全25话,番剧
36362,愤怒的审判,6.2,24,海外,全24话,番剧
41421,史上最强大魔王转生为村民甲,5.0,12,海外,全12话,番剧
842,笨蛋，测验，召唤兽,9.7,13,海外,全13话,番剧
28634,超人高中生们即便在异世界也能从容生存！,3.6,12,海外,全12话,番剧
26946,ULTRAMAN 机动奥特曼（中配）,9.1,13,海外,全13话,番剧
26765,ULTRAMAN 机动奥特曼,9.4,13,海外,全13话,番剧
26703,命运之夜——天之杯：恶兆之花,9.6,0,海外,2019年1月11日上映,番剧
38222,青梅竹马绝对不会输的恋爱喜剧,5.4,12,海外,全12话,番剧
43146,因为是反派大小姐所以养了魔王,8.5,12,海外,全12话,番剧
23795,宝可梦 太阳&月亮 全三季,9.1,146,海外,全146话,番剧
45013,布鲁伊 第二季 中文配音,9.9,52,海外,全52话,番剧
3072,晨曦公主,9.7,24,海外,全24话,番剧
6340,GAMERS电玩咖！,9.2,12,海外,全12话,番剧
6463,少女终末旅行,9.8,12,海外,全12话,番剧
38233,SSSS.电光机王,9.8,12,海外,全12话,番剧
289,记录的地平线,9.7,25,海外,全25话,番剧
41997,特利迦奥特曼,5.6,29,海外,全29话,番剧
899,滑头鬼之孙,9.3,26,海外,全26话,番剧
3463,百武装战记,8.0,12,海外,全12话,番剧
48811,夏目友人帐 第七季,9.9,13,海外,全13话,番剧
685,K,9.5,13,海外,全13话,番剧
21717,妖精森林的小不点,9.9,13,海外,全13话,番剧
28543,刺客守则,6.5,12,海外,全12话,番剧
1624,黑子的篮球,9.2,25,海外,全25话,番剧
419,斩服少女,9.8,24,海外,全24话,番剧
297,银仙,9.7,12,海外,全12话,番剧
2578,赤发白雪姬 第一季,9.7,12,海外,全12话,番剧
2546,言叶之庭,9.7,1,海外,全1话,番剧
6425,此花亭奇谭,9.8,12,海外,全12话,番剧
959,Angel Beats!,9.8,13,海外,全13话,番剧
2670,小马宝莉 友谊魔法 第三季,9.7,13,海外,全13话,番剧
33803,没落要塞 / DECA-DENCE,9.7,12,海外,全12话,番剧
1662,夏目友人帐 第三季,9.8,13,海外,全13话,番剧
38234,装甲重拳/MEGALOBOX 第二季,9.9,13,海外,全13话,番剧
28000,实况主的逃脱游戏,9.3,11,海外,全11话,番剧
41931,憨豆先生动画版 第一季 中文配音,9.7,52,海外,全52话,番剧
29333,无限系统树,6.2,13,海外,全13话,番剧
3530,超时空要塞Δ,9.1,26,海外,全26话,番剧
26183,新天线宝宝,8.7,60,海外,全60话,番剧
38236,圣女魔力无所不能,8.8,12,海外,全12话,番剧
5788,小魔女学园 TV版,9.7,25,海外,全25话,番剧
41930,憨豆先生动画版 第一季,9.8,52,海外,全52话,番剧
3068,Love Live! School Idol Project,9.7,13,海外,全13话,番剧
5692,宝可梦 XY&Z,8.6,49,海外,全49话,番剧
38401,戴拿奥特曼（中配）,9.4,51,海外,全51话,番剧
34408,忧国的莫里亚蒂,9.6,11,海外,全11话,番剧
471,魔笛MAGI 第二季,9.6,25,海外,全25话,番剧
34431,半妖的夜叉姬,4.7,24,海外,全24话,番剧
2661,我的妹妹不可能那么可爱 第二季,8.4,16,海外,全16话,番剧
44141,名侦探柯南：万圣节的新娘,8.9,0,海外,2022年4月15日上映,番剧
5548,黑白来看守所,9.2,13,海外,全13话,番剧
5747,Fate/Grand Order ‐First Order‐,8.4,1,海外,全1话,番剧
42107,打工吧！魔王大人 第二季,7.5,24,海外,全24话,番剧
1630,EVA 新世纪福音战士剧场版：Air / 真心为你,9.6,2,海外,全2话,番剧
21728,爱吃拉面的小泉同学,9.2,12,海外,全12话,番剧
6419,食戟之灵 餐之皿,9.4,24,海外,全24话,番剧
1239,×××HOLiC,9.8,24,海外,全24话,番剧
470,魔笛MAGI,9.1,25,海外,全25话,番剧
2303,浪客剑心,9.8,94,海外,全94话,番剧
42187,德凯奥特曼（中配）,8.5,28,海外,全28话,番剧
2583,空战魔导士候补生的教官,7.2,12,海外,全12话,番剧
2672,小马宝莉 友谊魔法 第五季,9.8,26,海外,全26话,番剧
1663,夏目友人帐 第四季,9.8,13,海外,全13话,番剧
6427,Just Because!,9.5,13,海外,全13话,番剧
324,我，要成为双马尾。,9.3,12,海外,全12话,番剧
45487,文豪野犬 第五季,7.2,11,海外,全11话,番剧
25696,弦音 -风舞高中弓道部-,9.5,14,海外,全14话,番剧
43150,点满农民相关技能后，不知为何就变强了。,5.7,12,海外,全12话,番剧
3071,Love Live! School Idol Project（第二季）,9.8,13,海外,全13话,番剧
2740,重装武器,9.3,24,海外,全24话,番剧
127870,判处勇者刑,9.6,12,海外,全12话,番剧
29076,魔法纪录 魔法少女小圆外传,9.4,13,海外,全13话,番剧
41005,鬼灭之刃 无限列车篇 中配版,9.1,7,海外,全7话,番剧
3440,鬼灯的冷彻,9.6,13,海外,全13话,番剧
41935,憨豆先生动画版 第三季 中文配音,9.6,26,海外,全26话,番剧
5439,比得兔（第一季）,9.3,50,海外,全50话,番剧
40028,紫罗兰永恒花园 剧场版 ,9.9,0,海外,2021年12月25日上映,番剧
952,恶魔奶爸,9.8,60,海外,全60话,番剧
38237,龙先生，想要买个家,9.4,12,海外,全12话,番剧
25622,终将成为你,9.8,13,海外,全13话,番剧
24628,百炼霸王与圣约女武神,6.2,12,海外,全12话,番剧
37924,这爱情有点奇怪,9.2,12,海外,全12话,番剧
34401,在地下城寻求邂逅是否搞错了什么 第三季,9.2,12,海外,全12话,番剧
5523,3月的狮子,9.8,22,海外,全22话,番剧
40154,自称贤者弟子的贤者,6.1,12,海外,全12话,番剧
38989,戴拿奥特曼,9.6,51,海外,全51话,番剧
24572,One Room 第二季,9.8,13,海外,全13话,番剧
2723,机动战士高达 铁血的奥尔芬斯 第一季,9.5,25,海外,全25话,番剧
6164,宝可梦 超级愿望,7.2,144,海外,全144话,番剧
25619,邻家索菲,9.8,12,海外,全12话,番剧
24627,异界少女召唤术,6.9,12,海外,全12话,番剧
38260,薇薇 -萤石眼之歌-,9.8,13,海外,全13话,番剧
6179,变形金刚 领袖之证 第一季（中文版）,9.8,27,海外,全27话,番剧
44863,国王排名 勇气的宝箱,7.7,10,海外,全10话,番剧
5556,奇异太郎少年的妖怪绘日记,9.7,12,海外,全12话,番剧
23043,OVERLORD Ⅱ SP,9.5,13,海外,全13话,番剧
900,滑头鬼之孙 第二季,9.6,26,海外,全26话,番剧
3096,只有我不存在的城市,9.7,12,海外,全12话,番剧
291,魔弹之王与战姬,9.1,13,海外,全13话,番剧
45005,铃芽之旅,9.8,0,海外,2023年3月24日上映,番剧
44818,邻家的天使同学,7.3,12,海外,全12话,番剧
45492,我的幸福婚姻,7.5,13,海外,全13话,番剧
1064,DARKER THAN BLACK -黑之契约者-,9.7,26,海外,全26话,番剧
468,青春纪行 / 金色时光,9.5,24,海外,全24话,番剧
38923,阴晴不定大哥哥,9.8,13,海外,全13话,番剧
5027,NEW GAME!,9.7,12,海外,全12话,番剧
28965,青春猪头少年不会梦到怀梦美少女,9.8,1,海外,全1话,番剧
40153,公主连结 与你重逢 第二季,5.9,12,海外,全12话,番剧
59,青春之旅,9.5,12,海外,全12话,番剧
102181,光死去的夏天,9.8,12,海外,全12话,番剧
1625,黑子的篮球 第2期,9.3,25,海外,全25话,番剧
46114,米奇与达利,9.7,13,海外,全13话,番剧
45208,刀剑神域进击篇：无星之夜,9.6,0,海外,2021年10月30日上映,番剧
5022,热诚传说X,8.4,13,海外,全13话,番剧
38230,伊甸星原 EDENS ZERO,9.5,25,海外,全25话,番剧
29308,BanG Dream! 梦想协奏曲 第三季,9.8,13,海外,更新至第13话,番剧
44698,名侦探柯南：黑铁的鱼影 ,9.6,0,海外,2023年12月16日上映,番剧
38410,艾克斯奥特曼,9.8,24,海外,全24话,番剧
311,我家浴缸的二三事,9.6,13,海外,全13话,番剧
1656,无头骑士异闻录,9.7,26,海外,全26话,番剧
39145,鬼灭之刃 柱合会议·蝶屋篇,9.2,1,海外,全1话,番剧
46165,鸭乃桥论的禁忌推理,9.1,13,海外,全13话,番剧
37596,小猪佩奇 第二季 英文版,8.9,52,海外,全52话,番剧
2724,对魔导学园35试验小队,8.6,12,海外,全12话,番剧
68627,少女乐队的呐喊,9.7,13,海外,全13话,番剧
37498,碧蓝航线：微速前行！,9.8,12,海外,全12话,番剧
39001,LoveLive 爱与演唱会!超级明星!!,9.7,12,海外,全12话,番剧
444,魔王勇者,9.4,12,海外,全12话,番剧
4155,玉子爱情故事,9.9,1,海外,全1话,番剧
41418,恋爱要在世界征服后,9.8,12,海外,全12话,番剧
102707,奥美迦奥特曼,6.6,28,海外,全28话,番剧
4194,钻石王牌 ～Second Season～,9.8,48,海外,全48话,番剧
120767,汪汪队立大功 第五季 中文配音,0.0,26,海外,全26话,番剧
6180,变形金刚 领袖之证 第二季（中文版）,9.9,25,海外,全25话,番剧
43148,致不灭的你 第二季,9.4,20,海外,全20话,番剧
24571,ISLAND,9.2,12,海外,全12话,番剧
27014,天元突破红莲螺岩,9.8,27,海外,全27话,番剧
2993,绯弹的亚里亚,8.8,12,海外,全12话,番剧
25131,OVERLORD Ⅲ SP,9.3,13,海外,全13话,番剧
38398,泽塔奥特曼（中配）,9.4,28,海外,全28话,番剧
24266,小马宝莉 友谊魔法 第八季,9.5,26,海外,全26话,番剧
6308,妖怪公寓的幽雅日常,9.2,26,海外,全26话,番剧
5201,Free! -Eternal Summer-,9.7,14,海外,全14话,番剧
5515,刀剑乱舞-花丸-,9.7,12,海外,全12话,番剧
48850,蓝色禁区 第二季,8.0,14,海外,全14话,番剧
37601,小猪佩奇 第七季 英文版,8.8,52,海外,全52话,番剧
37575,佐贺偶像是传奇 卷土重来,9.9,12,海外,全12话,番剧
33383,怪盗基德,9.7,12,海外,全12话,番剧
5786,猫咪日常,9.6,12,海外,全12话,番剧
3786,绝园的暴风雨,9.6,24,海外,全24话,番剧
24570,Free!-Dive to the Future-,9.6,12,海外,全12话,番剧
38876,干物妹！小埋 中配版,9.2,12,海外,全12话,番剧
207,头文字D First Stage,9.9,26,海外,全26话,番剧
113034,超常技能开启奇幻世界美食之旅 第二季,9.8,12,海外,全12话,番剧
2742,樱子小姐的脚下埋着秘密,9.4,12,海外,全12话,番剧
38406,麦克斯奥特曼,9.8,39,海外,全39话,番剧
28332,命运之夜——天之杯II ：迷失之蝶,9.7,0,海外,2019年7月12日上映,番剧
41009,小林家的龙女仆 中配版,9.7,14,海外,全14话,番剧
112480,3年Z组银八老师,9.7,12,海外,全12话,番剧
26870,川柳少女,9.7,12,海外,全12话,番剧
6000,时钟机关之星,8.4,12,海外,全12话,番剧
6418,UQ HOLDER！悠久持有者！,6.9,12,海外,全12话,番剧
23877,鬼灯的冷彻 第二季 其二,9.8,13,海外,全13话,番剧
91776,摇滚乃是淑女的爱好,9.7,13,海外,全13话,番剧
44083,物之古物奇谭,9.0,24,海外,全24话,番剧
47245,虫王战队超王者,9.8,50,海外,全50话,番剧
6470,无论何时我们的恋情都是10厘米。～告白实行委员会～,9.6,6,海外,全6话,番剧
6325,舞动青春,9.6,24,海外,全24话,番剧
4996,地狱少女,9.7,26,海外,全26话,番剧
112990,东岛丹三郎想成为假面骑士,9.7,12,海外,更新至第12话,番剧
3103,灰与幻想的格林姆迦尔,9.8,12,海外,全12话,番剧
38408,赛罗奥特曼 英雄传,9.7,25,海外,全25话,番剧
6341,地狱少女 宵伽,9.3,12,海外,全12话,番剧
38949,我立于百万生命之上（第二季）,8.0,12,海外,全12话,番剧
44078,冰属性男子和酷酷女同事,9.6,12,海外,全12话,番剧
191,请问您今天要来点兔子吗？,9.7,12,海外,全12话,番剧
861,青之驱魔师,8.9,25,海外,全25话,番剧
34715,One Room 第三季,9.8,12,海外,全12话,番剧
5535,机动战士高达 铁血的奥尔芬斯 第二季,4.0,25,海外,全25话,番剧
845,花开伊吕波,9.6,26,海外,全26话,番剧
26766,水果篮子 (2019),9.7,25,海外,全25话,番剧
26289,同居人是猫,9.7,12,海外,全12话,番剧
23838,敦君与女朋友,9.4,25,海外,全25话,番剧
2338,幽游白书,9.8,112,海外,全112话,番剧
6181,变形金刚 领袖之证 第三季（中文版）,9.8,16,海外,全16话,番剧
5776,URARA迷路帖,9.6,12,海外,全12话,番剧
26809,钻石王牌 act II 前半,9.8,25,海外,全25话,番剧
41079,汪汪队立大功 第二季,8.3,24,海外,全24话,番剧
43056,间谍过家家 粤配版,9.6,25,海外,全25话,番剧
76133,金牌得主,9.9,13,海外,全13话,番剧
782,一起一起这里那里,9.8,13,海外,全13话,番剧
5016,小桃小栗Love Love物语,9.6,13,海外,全13话,番剧
47534,假面骑士时王,6.5,49,海外,全49话,番剧
47800,铁甲小宝 重制版 中文配音,9.6,51,海外,全51话,番剧
45504,白圣女与黑牧师,9.8,12,海外,全12话,番剧
1638,EVA 新世纪福音战士新剧场版1.11：序,9.7,1,海外,全1话,番剧
800,圣斗士星矢 THE LOST CANVAS 冥王神话,9.7,26,海外,全26话,番剧
39725,理科生坠入情网，故尝试证明。 第二季,6.5,12,海外,全12话,番剧
21778,比宇宙更远的地方,9.8,13,海外,全13话,番剧
28011,COP CRAFT,9.1,13,海外,全13话,番剧
32778,哆啦A梦 第二季,9.7,132,海外,全132话,番剧
5494,精灵宝可梦 世代,9.6,18,海外,全18话,番剧
39143,鬼灭之刃 兄妹之绊,9.0,1,海外,全1话,番剧
39818,新猫和老鼠 第一季,9.4,25,海外,全25话,番剧
2762,请问您今天要来点兔子吗？？,9.8,12,海外,全12话,番剧
45486,勇者赫鲁库,9.2,24,海外,全24话,番剧
4586,黑执事II,9.4,12,海外,全12话,番剧
25711,嫁给非人类,9.6,12,海外,全12话,番剧
48690,青之箱,9.4,25,海外,全25话,番剧
3439,绯弹的亚里亚 第一季 OVA,9.2,1,海外,全1话,番剧
41619,汪汪队立大功 第一季,8.4,23,海外,全23话,番剧
45511,布莱泽奥特曼（中配）,9.5,28,海外,全28话,番剧
24959,剧场版总集篇 OVERLORD 漆黑的英雄,9.3,1,海外,全1话,番剧
5807,BanG Dream!,9.4,13,海外,全13话,番剧
45318,疯狂动物城大小事 中文配音,9.7,6,海外,全6话,番剧
686,加速世界,8.8,24,海外,全24话,番剧
44220,尼尔：自动人形,9.6,24,海外,全24话,番剧
24112,索尼克音爆,9.5,52,海外,全52话,番剧
36282,巴克·亚罗/BACK ARROW,9.8,24,海外,全24话,番剧
34405,约战狂三外传,9.6,2,海外,全2话,番剧
36202,天地创造设计部,9.5,13,海外,全13话,番剧
1600,灼眼的夏娜,9.5,24,海外,全24话,番剧
26303,不吉波普不笑,9.7,18,海外,全18话,番剧
24622,少女☆歌剧 Revue Starlight,9.8,12,海外,全12话,番剧
26184,新天线宝宝 第二季,8.9,60,海外,全60话,番剧
47558,老夫老妻重返青春,9.8,11,海外,全11话,番剧
24569,BanG Dream! 少女乐团派对☆PICO,9.8,26,海外,全26话,番剧
47208,假面骑士歌查德,8.5,50,海外,全50话,番剧
36204,悠哉日常大王 第三季,9.9,12,海外,全12话,番剧
91755,哆啦A梦 第五季,9.8,80,海外,全80话,番剧
42531,奥特银河格斗 命运的冲突,7.6,11,海外,全11话,番剧
3120,粗点心战争,9.3,12,海外,全12话,番剧
710,散华礼弥,9.5,14,海外,全14话,番剧
91812,赛马娘 芦毛灰姑娘,9.9,23,海外,全23话,番剧
38254,忧国的莫里亚蒂 后半,9.7,13,海外,全13话,番剧
88050,假面骑士艾克赛德,9.8,45,海外,全45话,番剧
1639,EVA 新世纪福音战士新剧场版2.22：破,9.7,1,海外,全1话,番剧
1715,虫师,9.9,26,海外,全26话,番剧
44023,被解雇的暗黑士兵慢生活的第二人生,8.6,12,海外,全12话,番剧
843,笨蛋，测验，召唤兽2,9.8,13,海外,全13话,番剧
48029,亚托莉 -我挚爱的时光-,9.6,13,海外,全13话,番剧
39900,猫和老鼠传奇 第一季,9.6,13,海外,全13话,番剧
45641,暴太郎战队咚兄弟,9.8,50,海外,全50话,番剧
23595,高达创形者,4.6,25,海外,全25话,番剧
2574,魔法少女☆伊莉雅 2WEI!,9.5,10,海外,全10话,番剧
48922,假面骑士加布（中配）,6.1,50,海外,全50话,番剧
28635,钻石王牌 act II 后半,9.8,27,海外,全27话,番剧
38420,罗布奥特曼,9.3,25,海外,全25话,番剧
413,变态王子与不笑猫,9.7,12,海外,全12话,番剧
3107,赤发白雪姬 第二季,9.7,12,海外,全12话,番剧
5797,Hand Shakers,8.3,12,海外,全12话,番剧
21785,异世界居酒屋～古都阿伊特力亚的居酒屋阿信～,9.3,12,海外,全12话,番剧
23829,Comic Girls,9.8,12,海外,全12话,番剧
27997,偶像梦幻祭,8.9,25,海外,全25话,番剧
39873,新猫和老鼠 第二季,9.3,26,海外,全26话,番剧
45466,索尼克：回家大冒险 中文配音,0.0,22,海外,全22话,番剧
113353,最后可以再拜托您一件事吗？,9.0,13,海外,全13话,番剧
3420,野良神 ARAGOTO OAD,9.7,2,海外,全2话,番剧
821,零之使魔F,9.3,12,海外,全12话,番剧
47985,假面骑士圣刃,9.6,48,海外,全48话,番剧
24255,剧场版总集篇 OVERLORD 不死者之王,9.4,1,海外,全1话,番剧
5990,王室教师海涅,9.4,12,海外,全12话,番剧
1551,亚尔斯兰战记,8.7,25,海外,全25话,番剧
5029,天真与闪电,9.7,12,海外,全12话,番剧
21775,学园奶爸,9.9,12,海外,全12话,番剧
5440,比得兔（第二季）,9.3,52,海外,全52话,番剧
47066,宝可梦 旅途 第一季（中配）,3.0,48,海外,全48话,番剧
41575,青之芦苇,9.7,24,海外,全24话,番剧
44777,假面骑士极狐（中配）,7.8,49,海外,全49话,番剧
48032,魔法少女与邪恶曾经敌对。,9.8,12,海外,全12话,番剧
1640,EVA 新世纪福音战士新剧场版3.33：Q,9.0,1,海外,全1话,番剧
48048,亚刻奥特曼（中配）,7.5,29,海外,全29话,番剧
33176,BanG Dream! 少女乐团派对！☆PICO～大份～,9.8,26,海外,全26话,番剧
23942,魔法少女 俺（中配）,9.3,12,海外,全12话,番剧
43356,小黄人大眼萌：神偷奶爸前传,9.2,0,海外,2022年6月13日上映,番剧
23884,ReLIFE 完结篇,9.9,4,海外,全4话,番剧
38877,紫罗兰永恒花园 中配版,9.6,14,海外,全14话,番剧
29109,22/7,9.3,13,海外,全13话,番剧
1598,来自新世界,9.5,25,海外,全25话,番剧
43144,驯兽师被逐出队伍后邂逅最强少女,6.2,13,海外,全13话,番剧
33395,怪盗基德（中配）,9.4,12,海外,全12话,番剧
44903,名侦探柯南：犯人犯泽先生,8.6,12,海外,全12话,番剧
4374,高达创战者,9.7,25,海外,全25话,番剧
38950,魔法纪录 魔法少女小圆外传 第二季,7.3,12,海外,全12话,番剧
441,来自风平浪静的明天,9.6,26,海外,全26话,番剧
5062,学园偶像 阳光!!,9.3,13,海外,全13话,番剧
102015,沉默魔女 沉默魔女的秘密,9.5,13,海外,全13话,番剧
818,零之使魔,9.4,13,海外,全13话,番剧
38245,奇巧出租车,9.9,13,海外,全13话,番剧
44081,反派大小姐莉泽洛特与实况解说,9.4,12,海外,全12话,番剧
38958,漂流少年,9.7,12,海外,全12话,番剧
32394,烟花,8.6,0,海外,2017年12月1日上映,番剧
38955,白沙的水族馆,9.6,24,海外,全24话,番剧
38163,环太平洋：黑色禁区,6.3,7,海外,全7话,番剧
3429,Charlotte SP,9.7,2,海外,全2话,番剧
6330,NEW GAME!!,9.6,12,海外,全12话,番剧
43158,pop子和pipi美的日常 第二季,9.8,12,海外,全12话,番剧
3421,干物妹！小埋 OVA,9.5,2,海外,全2话,番剧
4592,海底小纵队 第一季,9.8,50,海外,全50话,番剧
1816,AIR,9.8,12,海外,全12话,番剧
21755,刻刻,9.4,12,海外,全12话,番剧
36197,只有我能进入的隐藏地下城,7.2,12,海外,全12话,番剧
47750,名侦探柯南：百万美元的五棱星,8.0,0,海外,2024年4月12日上映,番剧
26390,次元发电机,9.7,45,海外,全45话,番剧
45624,鬼灭之刃 游郭篇 中配版,9.3,11,海外,全11话,番剧
26927,TRINITY SEVEN 七人魔法使 剧场版 2,9.1,1,海外,全1话,番剧
38878,理科生坠入情网，故尝试证明。 中配版,8.8,12,海外,全12话,番剧
23859,多田君不恋爱,9.0,13,海外,全13话,番剧
1505,无头骑士异闻录×2 承,9.6,12,海外,全12话,番剧
3242,Little Busters!,9.7,26,海外,全26话,番剧
32905,动物新世代 / BNA,9.3,12,海外,全12话,番剧
99644,小城日常,9.8,13,海外,全13话,番剧
91723,夏日口袋,9.8,26,海外,全26话,番剧
40530,明日酱的水手服,9.8,12,海外,全12话,番剧
38403,高斯奥特曼,9.6,65,海外,全65话,番剧
42320,小林家的龙女仆 第二季 中配版,9.5,13,海外,全13话,番剧
4934,网球王子 全国大会篇,9.2,26,海外,全26话,番剧
819,零之使魔 双月骑士,9.2,12,海外,全12话,番剧
33006,昨日之歌,9.4,12,海外,全12话,番剧
38400,雷欧奥特曼（中配）,8.8,51,海外,全51话,番剧
28593,高达创形者 再起,9.4,13,海外,全13话,番剧
38948,桃子男孩渡海而来,4.5,12,海外,全12话,番剧
39174,睡衣小英雄,6.0,52,海外,全52话,番剧
2747,终物语,9.7,12,海外,全12话,番剧
26307,明治东京恋伽,9.1,12,海外,全12话,番剧
46084,盾之勇者成名录 第三季,6.9,12,海外,全12话,番剧
41557,这个治疗有点烦,9.2,12,海外,全12话,番剧
5033,男子高校生活,9.3,12,海外,全12话,番剧
6445,3月的狮子 第二季,9.9,22,海外,全22话,番剧
5234,名侦探柯南 贝克街的亡灵,9.8,1,海外,全1话,番剧
5806,Rewrite 2nd Season,9.3,11,海外,全11话,番剧
38414,捷德奥特曼（中配）,9.1,25,海外,全25话,番剧
33806,赛马娘四格,9.7,12,海外,全12话,番剧
4391,兄弟战争,9.5,13,海外,全13话,番剧
2416,城市猎人 TV版,9.8,127,海外,全127话,番剧
5795,ACCA13区监察课,9.8,12,海外,全12话,番剧
21633,皇帝圣印战记,6.5,24,海外,全24话,番剧
162150,小猪佩奇迷你剧 第三季 中文配音,0.0,20,海外,全20话,番剧
3116,房东青春期！,9.5,12,海外,全12话,番剧
25653,彩虹小马 魔法公主特别篇,9.5,3,海外,全3话,番剧
29343,宝石商人理查德的谜鉴定,9.3,12,海外,全12话,番剧
5031,Taboo Tattoo－禁忌咒纹－,4.4,12,海外,全12话,番剧
38422,泰迦奥特曼,8.6,26,海外,全26话,番剧
5065,魔法少女☆伊莉雅 3REI!!,9.6,12,海外,全12话,番剧
3466,魔笛MAGI 辛巴达的冒险,9.6,13,海外,全13话,番剧
39136,言语如苏打般涌现,9.5,0,海外,2021年7月22日上映,番剧
33328,未确认进行式,9.7,12,海外,全12话,番剧
24611,中间管理录利根川,9.7,24,海外,全24话,番剧
5993,雏子的笔记,9.5,12,海外,全12话,番剧
238,姐姐来了,9.6,13,海外,全13话,番剧
3764,今天开始做魔王 第一季,9.0,39,海外,全39话,番剧
34415,请问您今天要来点兔子吗？BLOOM,9.9,12,海外,全12话,番剧
26300,不愉快的怪物庵 续,9.6,13,海外,全13话,番剧
500,第一神拳,9.8,76,海外,全76话,番剧
26818,一个人的〇〇小日子,9.6,12,海外,全12话,番剧
2238,麻辣教师GTO,9.8,43,海外,全43话,番剧
4239,刀剑神域 Extra Edition,8.8,1,海外,全1话,番剧
39177,睡衣小英雄 第二季,4.5,52,海外,全52话,番剧
3106,苍之彼方的四重奏,7.3,12,海外,全12话,番剧
1593,搞笑漫画日和,9.4,12,海外,全12话,番剧
37598,小猪佩奇 第四季 英文版,8.7,26,海外,全26话,番剧
26305,BanG Dream! 第二季,9.7,13,海外,全13话,番剧
3979,田中君总是如此慵懒小剧场,9.6,35,海外,全35话,番剧
5507,WWW.迷糊餐厅,9.5,13,海外,全13话,番剧
1637,EVA 新世纪福音战士剧场版：死与新生,9.5,1,海外,全1话,番剧
42924,班班和莉莉的小王国 第二季 中文配音,0.0,52,海外,全52话,番剧
47209,假面骑士歌查德（中配）,8.3,50,海外,全50话,番剧
25697,只要贝尔哲布布大小姐喜欢就好,9.6,12,海外,全12话,番剧
6485,IDOLiSH7-偶像星愿-,9.8,17,海外,全17话,番剧
631,学生会的一己之见,9.8,12,海外,全12话,番剧
3366,电影版 境界的彼方,9.6,2,海外,全2话,番剧
4404,热血少年,9.5,10,海外,全10话,番剧
26347,齐木楠雄的灾难 完结篇,9.8,2,海外,全2话,番剧
5678,不愉快的怪物庵,9.4,13,海外,全13话,番剧
39144,鬼灭之刃 那田蜘蛛山篇,9.1,1,海外,全1话,番剧
39446,异想食堂  / 异世界食堂 第二季,9.8,12,海外,全12话,番剧
47093,海绵宝宝 第十季 中文配音,8.5,9,海外,全9话,番剧
4120,三坪房间的侵略者！,9.6,12,海外,全12话,番剧
25615,魔偶马戏团,8.8,37,海外,全37话,番剧
103,KERORO军曹,9.8,358,海外,全358话,番剧
28005,猎兽神兵,8.1,12,海外,全12话,番剧
846,电波女与青春男,9.7,13,海外,全13话,番剧
28937,吹响吧！上低音号 第二季,9.9,13,海外,全13话,番剧
4268,高达创战者 TRY,9.0,25,海外,全25话,番剧
40550,辉夜大小姐想让我告白 中配版,9.7,12,海外,全12话,番剧
25740,逆转裁判 第二季,9.5,23,海外,全23话,番剧
34394,路人女主的养成方法 Fine,9.8,1,海外,全1话,番剧
41028,奥特银河格斗 巨大阴谋,9.2,10,海外,全10话,番剧
868,纯白交响曲,9.5,12,海外,全12话,番剧
40257,秘密内幕 女警的反击,9.9,13,海外,全13话,番剧
41574,相合之物,9.9,12,海外,全12话,番剧
46695,天线宝宝：梦想再出发 中文配音,0.0,26,海外,全26话,番剧
41235,哆啦A梦：伴我同行,9.6,0,海外,2015年5月28日上映,番剧
29350,恋爱小行星,9.7,12,海外,全12话,番剧
39034,宝可梦：超梦的逆袭 进化,7.2,0,海外,2020年12月4日上映,番剧
3419,野良神 OAD,9.7,2,海外,全2话,番剧
4090,ALDNOAH.ZERO,9.1,12,海外,全12话,番剧
2602,和歌子酒 动画,9.7,12,海外,全12话,番剧
37599,小猪佩奇 第五季 英文版,8.2,52,海外,全52话,番剧
45485,主宰七魔剑,7.3,15,海外,全15话,番剧
39199,睡衣小英雄 第三季,0.0,49,海外,全49话,番剧
38627,夏目友人帐 唤石者与怪异的访客,9.9,1,海外,全1话,番剧
2783,狗与剪刀的正确用法,9.1,12,海外,全12话,番剧
38954,开挂药师的奇幻世界悠闲生活,8.8,12,海外,全12话,番剧
37600,小猪佩奇 第六季 英文版,8.6,26,海外,全26话,番剧
47094,海绵宝宝 第十一季,0.0,23,海外,全23话,番剧
47355,百变的七仓同学,9.8,12,海外,全12话,番剧
5365,名侦探柯南 瞳孔中的暗杀者,9.8,1,海外,全1话,番剧
39837,猫和老鼠（1975）,9.7,16,海外,全16话,番剧
39484,半妖的夜叉姬 第二季,5.5,24,海外,全24话,番剧
91466,魔女与使魔,9.7,25,海外,全25话,番剧
27063,魔法少女小圆 剧场版 [新篇] 叛逆的物语,9.9,1,海外,全1话,番剧
41933,憨豆先生动画版 第二季 中文配音,9.4,52,海外,全52话,番剧
25045,剧场版 中二病也要谈恋爱！ -Take On Me-,9.8,1,海外,全1话,番剧
31150,Re：从零开始的异世界生活 Memory Snow(雪之回忆),9.7,1,海外,全1话,番剧
41006,在下坂本，有何贵干？ 中配版,9.8,13,海外,全13话,番剧
29334,索玛丽与森林之神,9.8,12,海外,全12话,番剧
5809,黑白来看守所 第二季,9.3,12,海外,全12话,番剧
5630,约会大作战 万由里裁决,9.4,1,海外,全1话,番剧
41506,处刑少女的生存之道,8.3,12,海外,全12话,番剧
38790,普罗米亚,9.6,0,海外,2021年6月5日上映,番剧
34437,催眠麦克风-Division Rap Battle- Rhyme Anima,6.9,13,海外,全13话,番剧
2717,女神异闻录4,9.8,26,海外,全26话,番剧
21682,中二病也要谈恋爱！恋 SP,9.6,7,海外,全7话,番剧
856,GOSICK,9.7,24,海外,全24话,番剧
5542,TRICKSTER,7.6,24,海外,全24话,番剧
192,乒乓,9.8,11,海外,全11话,番剧
4152,尽管如此世界依然美丽,9.5,12,海外,全12话,番剧
29327,暗黑破坏神在身边。,9.3,12,海外,全12话,番剧
33060,高达创形者 再起 第二季,9.8,13,海外,全13话,番剧
47067,小马宝莉 友谊的魔力 第九季,9.6,26,海外,全26话,番剧
637,GJ部,9.8,12,海外,全12话,番剧
33542,名侦探柯南 计时引爆摩天楼,9.8,1,海外,全1话,番剧
44515,新世纪福音战士新剧场版：终,0.0,0,海外,2021年3月8日上映,番剧
36101,记录的地平线 圆桌崩坏,9.7,12,海外,全12话,番剧
48688,地。-关于地球的运动-,9.5,25,海外,全25话,番剧
2598,新网球王子 OVA 对战Genius10,9.3,10,海外,全10话,番剧
4666,名侦探柯南 天空的遇难船,9.0,1,海外,全1话,番剧
40520,命运-冠位指定 冠位时间神殿所罗门,8.6,1,海外,全1话,番剧
41520,街角魔族 第二季,9.9,12,海外,全12话,番剧
90684,末日后酒店,9.9,12,海外,全12话,番剧
2272,四驱兄弟WGP（中文）,9.4,51,海外,全51话,番剧
39902,新猫和老鼠 第三季,9.2,24,海外,全24话,番剧
48238,黑执事 寄宿学校篇,9.0,11,海外,全11话,番剧
713,恋爱随意链接,9.5,17,海外,全17话,番剧
5532,少女编号,9.3,12,海外,全12话,番剧
37740,JOESTAR RADIO,9.7,21,海外,全21话,番剧
5526,超自然9人组,9.1,12,海外,全12话,番剧
47561,吹响吧！上低音号 第三季,7.1,13,海外,全13话,番剧
41998,特利迦奥特曼（中配）,5.3,29,海外,全29话,番剧
38947,命运-冠位嘉年华,9.8,2,海外,全2话,番剧
41245,能量战士 中文配音,5.6,78,海外,全78话,番剧
40552,辉夜大小姐想让我告白？ 中配版,9.7,12,海外,全12话,番剧
3451,迷家,4.2,12,海外,全12话,番剧
85922,小猪佩奇迷你剧 第二季 中文配音,0.0,20,海外,全20话,番剧
102708,奥美迦奥特曼（中配）,4.7,28,海外,全28话,番剧
3441,我们仍未知道那天所看见的花的名字。 剧场版,9.7,1,海外,全1话,番剧
102261,葬送的芙莉莲 中配版,9.0,28,海外,全28话,番剧
2843,Fate/stay night [Unlimited Blade Works] 特典,9.5,1,海外,全1话,番剧
528,八犬传 -东方八犬异闻- 第一季,9.7,13,海外,全13话,番剧
42289,哆啦A梦 第四季,9.8,99,海外,全99话,番剧
21750,刀使巫女,8.8,25,海外,全25话,番剧
29360,织田肉桂信长,9.7,12,海外,全12话,番剧
31151,Re：从零开始的异世界生活 冰结之绊,9.5,1,海外,全1话,番剧
39347,平家物语,9.8,11,海外,全11话,番剧
90218,吉伊卡哇（中配）,5.7,120,海外,全120话,番剧
47468,间谍过家家 代号：白,9.7,0,海外,2024年4月30日上映,番剧
38939,工作细胞：细胞大作战,9.2,0,海外,2021年4月9日上映,番剧
5622,我的青春恋爱物语果然有问题 续 OVA,9.8,1,海外,全1话,番剧
107767,Yakka Dee 开口说英语 第一季,0.0,20,海外,全20话,番剧
46078,捡到退婚大小姐的我，教她幸福的事,9.3,12,海外,全12话,番剧
5018,初恋怪兽,6.7,12,海外,全12话,番剧
41305,蜡笔小新：梦境世界大突击,9.8,0,海外,2016年11月4日上映,番剧
5316,名侦探柯南 通往天国的倒计时,9.7,1,海外,全1话,番剧
5992,樱花任务,9.5,25,海外,全25话,番剧
48607,依靠最弱辅助职能【话术士】的我统领世界最强氏族,8.8,12,海外,全12话,番剧
47818,假面骑士帝骑,6.9,29,海外,全29话,番剧
5584,OVERLORD OAD,9.4,1,海外,全1话,番剧
41197,鬼灭之刃 粤配版,9.0,26,海外,全26话,番剧
978,荒川爆笑团,9.7,13,海外,全13话,番剧
33046,水果篮子 第二季,9.6,25,海外,全25话,番剧
48923,鹿乃子乃子乃子虎视眈眈,8.3,12,海外,全12话,番剧
29351,神推偶像登上武道馆我就死而无憾,9.8,12,海外,全12话,番剧
2595,无头骑士异闻录×2 转,9.5,12,海外,全12话,番剧
257,稻荷恋之歌,9.0,11,海外,全11话,番剧
91498,打了300年的史莱姆，不知不觉就练到了满级 第二季,9.5,12,海外,全12话,番剧
34418,Love Live！虹咲学园学园偶像同好会,9.8,13,海外,全13话,番剧
4351,中二病也要谈恋爱！恋 Lite,9.6,6,海外,全6话,番剧
43152,书虫公主,8.1,12,海外,全12话,番剧
43156,呆萌酷男孩,9.8,24,海外,全24话,番剧
24609,昴宿七星,5.8,12,海外,全12话,番剧
3437,我的青春恋爱物语果然有问题。 第一季 OVA,9.7,1,海外,全1话,番剧
112978,野生的大魔王出现了！,9.5,12,海外,全12话,番剧
68640,火影忍者剧场版：忍者之路,9.5,0,海外,2024年11月9日上映,番剧
27042,萤火之森,9.7,1,海外,全1话,番剧
46508,为美好的世界献上爆焰！,9.6,12,海外,全12话,番剧
5156,名侦探柯南 迷宫的十字路口,9.7,1,海外,全1话,番剧
1596,搞笑漫画日和＋,9.4,12,海外,全12话,番剧
47794,间谍过家家 第二季 中配版,9.3,12,海外,全12话,番剧
3883,哆啦A梦 大雄的人鱼大海战,9.4,1,海外,全1话,番剧
2587,迷糊餐厅 WORKING!!!,9.7,13,海外,全13话,番剧
23871,魔法少女 俺,9.3,12,海外,全12话,番剧
24620,天狼 Sirius the Jaeger,8.7,12,海外,全12话,番剧
982,花丸幼稚园,9.7,12,海外,全12话,番剧
4920,名侦探柯南 侦探们的镇魂歌,9.5,1,海外,全1话,番剧
45317,疯狂动物城大小事,9.7,6,海外,全6话,番剧
44483,命运-奇异赝品 黎明低语,9.8,1,海外,全1话,番剧
38894,干物妹！小埋R 中配版,9.2,12,海外,全12话,番剧
33026,放学后海堤日记,9.8,12,海外,全12话,番剧
45737,小马宝莉之魔力新世界 第一季 中文配音,9.5,26,海外,全26话,番剧
2069,十二国记,9.8,45,海外,全45话,番剧
4201,如果她的旗帜被折断了,8.8,13,海外,全13话,番剧
102141,克雷瓦提斯-魔兽之王与婴儿与尸之勇者-,9.7,12,海外,全12话,番剧
2764,绯弹的亚里亚 AA,8.2,12,海外,全12话,番剧
2271,四驱兄弟（中文）,9.6,51,海外,全51话,番剧
2771,我们这一家 新篇,9.8,26,海外,全26话,番剧
26271,玛纳利亚的密友（Mysteria Friends）/巴哈姆特之怒/玛娜利亚魔法学院,9.8,10,海外,全10话,番剧
638,失忆症,9.2,12,海外,全12话,番剧
5882,元气少女缘结神 新婚篇,9.8,1,海外,全1话,番剧
68615,英雄联盟：双城之战 中文配音,9.8,9,海外,全9话,番剧
44088,弦音 -连结的一射-,9.8,13,海外,全13话,番剧
3375,她和她的猫,9.7,4,海外,全4话,番剧
24978,剧场版 K Seven Stories,9.7,13,海外,全13话,番剧
113128,搞怪兄弟弗拉德与尼基 中文配音,0.0,50,海外,全50话,番剧
3459,宇宙巡警露露子,9.7,13,海外,全13话,番剧
44904,名侦探柯南：犯人犯泽先生（中配）,5.7,12,海外,全12话,番剧
282,电器街的漫画店,9.6,12,海外,全12话,番剧
5506,魔法少女育成计划,8.0,12,海外,全12话,番剧
34413,突击莉莉 BOUQUET,8.8,12,海外,全12话,番剧
23818,Caligula 卡里古拉,8.7,12,海外,全12话,番剧
91305,测不准的阿波连同学 第二季,9.8,12,海外,全12话,番剧
92458,宝可梦 地平线（中配）,8.0,45,海外,更新至第45话,番剧
5125,温暖的印记,9.8,10,海外,全10话,番剧
47557,夜晚的水母不会游泳,8.2,12,海外,全12话,番剧
580,写真女友,9.2,13,海外,全13话,番剧
2744,小森同学拒绝不了！,9.3,12,海外,全12话,番剧
1564,攻壳机动队 STAND ALONE COMPLEX,9.8,26,海外,全26话,番剧
4070,元气囝仔,9.8,12,海外,全12话,番剧
33543,名侦探柯南 第14个目标,9.6,1,海外,全1话,番剧
5064,Thunderbolt Fantasy 东离剑游纪,0.0,13,海外,全13话,番剧
45467,冰海战记 第二季,9.3,24,海外,全24话,番剧
41287,迷你天线宝宝,2.8,50,海外,全50话,番剧
48609,能干的猫今天也忧郁,9.9,13,海外,全13话,番剧
47092,海绵宝宝 第十季,8.3,9,海外,全9话,番剧
6365,名侦探柯南 纯黑的恶梦,9.0,1,海外,全1话,番剧
2589,青春生存游戏,9.2,13,海外,全13话,番剧
24694,名侦探柯南 唐红的恋歌,8.9,1,海外,全1话,番剧
210,头文字D Fourth Stage,9.8,24,海外,全24话,番剧
109701,假面骑士ZZZ（中配）,9.6,38,海外,更新至第38话,番剧
26286,revisions,8.8,12,海外,全12话,番剧
47799,铁甲小宝 重制版,9.7,51,海外,全51话,番剧
5617,飞翔的魔女,9.8,12,海外,全12话,番剧
27503,目隐都市的演绎者,9.6,12,海外,全12话,番剧
984,传说中勇者的传说,9.4,24,海外,全24话,番剧
5575,从很久以前就喜欢你了。～告白实行委员会～,9.5,1,海外,全1话,番剧
5525,乌冬面之国的金色毛球,9.6,12,海外,全12话,番剧
28877,NARUTO to BORUTO THE LIVE 2019,9.1,1,海外,全1话,番剧
5794,飙速宅男 新世代,8.3,25,海外,全25话,番剧
5789,热诚传说 第二季,8.2,13,海外,全13话,番剧
48511,擅长逃跑的殿下,9.5,12,海外,全12话,番剧
4300,DEPTH OF FIELD ～ 爱与憎恨的剧场,9.5,7,海外,全7话,番剧
25402,肆式青春,8.3,0,海外,2018年8月4日上映,番剧
5142,名侦探柯南 银翼的魔术师,9.3,1,海外,全1话,番剧
112542,明明只是暗杀者，我的面板数值却比勇者还要强,4.7,12,海外,全12话,番剧
38421,罗布奥特曼（中配）,8.3,25,海外,全25话,番剧
48574,神之塔 王子的归来,6.8,13,海外,全13话,番剧
44869,祭品公主与兽之王,9.3,24,海外,全24话,番剧
44819,冰剑的魔术师将要统一世界,5.4,12,海外,全12话,番剧
44868,放学后失眠的你,9.5,13,海外,全13话,番剧
24589,轻羽飞扬！,4.0,13,海外,全13话,番剧
2306,玩偶游戏,9.6,103,海外,全103话,番剧
68613,你想活出怎样的人生,9.0,0,海外,2023年7月14日上映,番剧
46083,赛马娘 第三季,7.0,13,海外,全13话,番剧
42923,班班和莉莉的小王国 第一季  中文配音,0.0,52,海外,全52话,番剧
44084,睡衣小英雄 第四季,0.0,52,海外,全52话,番剧
919,架向星空之桥,9.0,12,海外,全12话,番剧
32005,海兽之子,8.4,0,海外,2019年6月7日上映,番剧
36286,怪病医拉姆尼,9.3,12,海外,全12话,番剧
3467,命运石之门 负荷领域的既视感,9.9,1,海外,全1话,番剧
3297,历物语,9.7,12,海外,全12话,番剧
47388,擅长捉弄的高木同学,9.8,12,海外,全12话,番剧
33539,名侦探柯南 世纪末的魔术师,9.7,1,海外,全1话,番剧
1245,S.A特优生,9.3,24,海外,全24话,番剧
40242,女孩的钓鱼慢活,9.8,12,海外,全12话,番剧
735,只要你说你爱我,7.2,13,海外,全13话,番剧
36724,青山刚昌短篇集,8.8,2,海外,全2话,番剧
1558,长门有希酱的消失,9.3,16,海外,全16话,番剧
41011,pop子和pipi美的日常 中配版,9.6,16,海外,全16话,番剧
6326,人马少女的烦恼,9.3,12,海外,全12话,番剧
3498,Anne Happy,9.7,12,海外,全12话,番剧
43264,名侦探柯南：零的日常,9.0,6,海外,全6话,番剧
34425,勇者斗恶龙 达伊的大冒险,9.6,100,海外,全100话,番剧
2038,我们这一家 第一期,9.8,270,海外,全270话,番剧
29317,思维覆写,9.6,13,海外,全13话,番剧
1723,变形金刚 领袖之证 第一季（美版）,9.7,52,海外,全52话,番剧
39487,创之界限,8.2,24,海外,全24话,番剧
26777,深夜的超自然公务员,7.7,15,海外,全15话,番剧
5983,重启咲良田,9.8,24,海外,全24话,番剧
45645,假面骑士创骑（中配）,8.8,49,海外,全49话,番剧
48028,地下城里的人们,9.6,12,海外,全12话,番剧
3389,×××HOLiC 继,9.8,13,海外,全13话,番剧
106420,布鲁伊迷你剧 第一季 中文配音,0.0,20,海外,全20话,番剧
4724,名侦探柯南 漆黑的追踪者,9.3,1,海外,全1话,番剧
862,丹特丽安的书架,9.7,12,海外,全12话,番剧
23852,全金属狂潮 Invisible Victory,9.7,12,海外,全12话,番剧
34297,史上最强弟子兼一,9.7,50,海外,全50话,番剧
41419,魔法使黎明期,2.4,12,海外,全12话,番剧
47321,米奇妙妙屋 第2季 中文配音,0.0,39,海外,全39话,番剧
5038,月歌,9.6,13,海外,全13话,番剧
6435,Code:Realize ～创世的姬君～,9.0,12,海外,全12话,番剧
41151,朱妮托尼儿歌,0.0,342,海外,全342话,番剧
3532,美妙天堂 第三季,9.4,51,海外,全51话,番剧
43153,新人炼金术师的店铺经营,9.1,12,海外,全12话,番剧
3395,×××HOLiC 笼 徒梦,9.8,1,海外,全1话,番剧
3391,×××HOLiC 笼,9.8,1,海外,全1话,番剧
3390,×××HOLiC 春梦记,9.8,2,海外,全2话,番剧
47345,假面骑士零一,4.2,46,海外,全46话,番剧
48027,X特遣队的奇幻之旅,8.7,10,海外,全10话,番剧
1021,无法逃离的背叛,8.8,24,海外,全24话,番剧
3101,无头骑士异闻录×2 结,9.4,12,海外,全12话,番剧
48047,夜樱家的大作战,9.4,27,海外,全27话,番剧
1722,BUDDY COMPLEX,9.4,13,海外,全13话,番剧
34432,龙与魔女/BURN THE WITCH,9.8,4,海外,全4话,番剧
296,天体的秩序,9.5,13,海外,全13话,番剧
46698,兽电战队强龙者,9.7,48,海外,全48话,番剧
28617,非枪人生,7.5,12,海外,全12话,番剧
28546,爱书的下克上：为了成为图书管理员不择手段！,9.5,15,海外,全15话,番剧
38417,欧布奥特曼 原生之初,3.3,12,海外,全12话,番剧
97528,小马宝莉 友谊的魔法 第一季 中文配音,9.8,26,海外,全26话,番剧
4199,名侦探柯南 业火的向日葵,6.9,1,海外,全1话,番剧
4198,名侦探柯南 异次元的狙击手,8.3,1,海外,全1话,番剧
5980,剑姬神圣谭 在地下城寻求邂逅是否搞错了什么 外传,9.7,12,海外,全12话,番剧
2425,棒球英豪 TV版,9.8,101,海外,全101话,番剧
40116,东方少年,5.9,12,海外,全12话,番剧
24949,甜甜私房猫 第四季 中配版,8.9,25,海外,全25话,番剧
2741,Concrete Revolutio 超人幻想 第一季,9.5,13,海外,全13话,番剧
41038,奥特银河格斗 新生代英雄,9.3,13,海外,全13话,番剧
323,大图书馆的牧羊人,9.4,12,海外,全12话,番剧
5053,Ange Vierge,8.3,12,海外,全12话,番剧
2676,境界线上的地平线,9.4,13,海外,全13话,番剧
3895,蜡笔小新 超级美味B级美食大逃亡,9.7,1,海外,全1话,番剧
33382,名侦探柯南 Episode“ONE” 变小的名侦探,9.7,1,海外,全1话,番剧
34543,来自深渊 深沉灵魂的黎明,9.8,1,海外,全1话,番剧
4078,RAIL WARS!-日本国有铁道公安队-,8.3,12,海外,全12话,番剧
48590,哈尔的移动城堡,9.8,0,海外,2024年4月30日上映,番剧
3307,革命机Valvrave,9.8,24,海外,全24话,番剧
1463,翼年代记 第一季,9.6,26,海外,全26话,番剧
38416,欧布奥特曼（中配）,9.2,25,海外,全25话,番剧
34423,阿松 第三季,9.6,25,海外,全25话,番剧
29006,Fate/stay night UNLIMITED BLADE WORKS,9.3,1,海外,全1话,番剧
23848,冷然之天秤,9.4,12,海外,全12话,番剧
4518,名侦探柯南 沉默的15分钟,8.9,1,海外,全1话,番剧
33381,江户川柯南失踪事件～史上最糟糕的两天～,9.4,1,海外,全1话,番剧
2746,Dance with Devils,7.8,12,海外,全12话,番剧
102130,盾之勇者成名录 第四季,6.7,12,海外,全12话,番剧
48764,盖比的娃娃屋 第一季 中文配音,0.0,25,海外,全25话,番剧
1274,英雄时代,9.8,26,海外,全26话,番剧
76312,红战士转职冒险者,9.7,12,海外,全12话,番剧
91894,最强王者的第二人生,5.9,12,海外,全12话,番剧
173,一周的朋友。,9.7,12,海外,全12话,番剧
620,南家三姐妹,9.7,13,海外,全13话,番剧
2317,新机动战记高达W TV版,9.4,49,海外,全49话,番剧
45303,命运之夜——天之杯Ⅲ：春之歌,9.8,1,海外,全1话,番剧
5522,超心动！艺术之星,9.1,13,海外,全13话,番剧
1603,灼眼的夏娜III -Final-,9.5,24,海外,全24话,番剧
5085,名侦探柯南 水平线上的阴谋,9.3,1,海外,全1话,番剧
5045,星之梦,9.7,5,海外,全5话,番剧
41932,憨豆先生动画版 第二季,9.5,52,海外,全52话,番剧
119759,鬼灭之刃：无限城篇 第一章 猗窝座再袭,9.7,0,海外,2025年7月18日上映,番剧
42922,猫和老鼠喜剧秀,8.5,15,海外,全15话,番剧
3646,变形金刚 领袖的挑战 第一季,7.7,26,海外,全26话,番剧
1776,斗牌传说,9.7,26,海外,全26话,番剧
4880,地狱少女 二笼,9.8,26,海外,全26话,番剧
45010,布鲁伊 第一季,9.9,52,海外,全52话,番剧
4784,名侦探柯南 战栗的乐谱,9.5,1,海外,全1话,番剧
965,魔法禁书目录 剧场版,9.1,1,海外,全1话,番剧
5802,混沌之子/CHAOS;CHILD,8.1,14,海外,全14话,番剧
2013,奇诺之旅（2017）,9.8,12,海外,全12话,番剧
522,蔷薇少女,9.7,12,海外,全12话,番剧
41601,「鬼灭之刃」交响音乐会～鬼灭之奏～,9.2,2,海外,全2话,番剧
47313,小马宝莉：我的可爱标志 中文配音,5.3,31,海外,全31话,番剧
25663,书店里的骷髅店员本田,9.6,12,海外,全12话,番剧
68545,杖与剑的魔剑谭,9.0,12,海外,全12话,番剧
97530,小马宝莉 友谊魔法 第二季 中文配音,9.8,26,海外,全26话,番剧
4205,恶魔之谜,9.3,12,海外,全12话,番剧
45455,魔法师的爱徒 / 魔法使的新娘 第二季,9.7,24,海外,全24话,番剧
1405,结界师,9.8,52,海外,全52话,番剧
2793,K MISSING KINGS,9.5,2,海外,全2话,番剧
47098,异修罗,9.0,12,海外,全12话,番剧
48608,鸭乃桥论的禁忌推理 第二季,9.6,13,海外,全13话,番剧
34212,知晓天空之蓝的人啊,9.6,1,海外,全1话,番剧
3423,四月是你的谎言 OAD,9.7,1,海外,全1话,番剧
417,琴浦小姐,9.2,12,海外,全12话,番剧
5032,吸血鬼仆人,8.0,13,海外,全13话,番剧
23833,路人超能100 REIGEN～不为人知的奇迹灵能者～（OVA）,9.7,1,海外,全1话,番剧
47729,小猪佩奇学英语绘本故事,0.0,208,海外,全208话,番剧
227071,超级小猫战队：喵喵成长记 中文配音,0.0,22,海外,全22话,番剧
23846,恶魔战线,8.2,12,海外,全12话,番剧
1910,怪医黑杰克,9.8,62,海外,全62话,番剧
42093,Ｄｒ．ＳＴＯＮＥ 石纪元 特别篇：龙水,9.8,2,海外,全2话,番剧
2613,城下町的蒲公英,9.7,12,海外,全12话,番剧
5063,DAYS,8.6,24,海外,全24话,番剧
38409,赛罗奥特曼 英雄传（中配）,8.9,25,海外,全25话,番剧
4787,名侦探柯南 绀碧之棺,8.8,1,海外,全1话,番剧
3126,魔法少女什么的已经够了啦。,9.2,12,海外,全12话,番剧
34420,王之逆袭：意志的继承者,6.6,26,海外,全26话,番剧
4162,狼少女与黑王子,8.6,13,海外,全13话,番剧
208,头文字D Second Stage,9.8,13,海外,全13话,番剧
3815,魔动王 冒险篇,9.2,3,海外,全3话,番剧
3814,魔动王 最后的魔法大战,9.2,2,海外,全2话,番剧
2397,光能使者,9.8,41,海外,全41话,番剧
48037,事与愿违的不死冒险者,9.4,12,海外,全12话,番剧
981,大神与七位伙伴,9.4,12,海外,全12话,番剧
38171,名侦探柯南 绯色的不在证明,0.0,1,海外,全1话,番剧
28618,高分少女 第二季,9.9,9,海外,全9话,番剧
33380,鲁邦三世VS名侦探柯南THE MOVIE,9.7,1,海外,全1话,番剧
97532,小马宝莉 友谊魔法 第四季 中文配音,9.8,26,海外,全26话,番剧
5981,覆面系 NOISE,8.2,12,海外,全12话,番剧
21594,宅饮,9.3,12,海外,全12话,番剧
23861,宇宙战舰提拉米斯,9.2,16,海外,全16话,番剧
34544,来自深渊 剧场版总集篇,9.8,2,海外,全2话,番剧
38423,泰迦奥特曼（中配）,7.9,26,海外,全26话,番剧
6433,学园偶像 阳光!! 第二季,9.5,13,海外,全13话,番剧
5549,忍者少女千鸟,9.4,26,海外,全26话,番剧
6071,Under The Dog,9.2,1,海外,全1话,番剧
1509,偶像大师 灰姑娘女孩,9.3,13,海外,全13话,番剧
26280,格林笔记 The Animation,8.9,12,海外,全12话,番剧
46443,嗨！道奇 第四季 中文配音,0.0,20,海外,全20话,番剧
41919,米奇妙妙屋 第1季,9.6,26,海外,全26话,番剧
40685,宝可梦：皮卡丘和可可的冒险,9.8,0,海外,2021年9月10日上映,番剧
42290,幕末替身传说,8.1,12,海外,全12话,番剧
2469,鲁邦三世 第一季,9.8,23,海外,全23话,番剧
38540,生化危机：诅咒,9.0,0,海外,2012年9月25日上映,番剧
42327,哥斯拉：噬星者,7.2,0,海外,2018年11月9日上映,番剧
2797,怪医黑杰克 OVA（1993）,9.9,12,海外,全12话,番剧
28631,厨神小当家,5.0,12,海外,全12话,番剧
40260,白领羽球部,9.5,12,海外,全12话,番剧
48721,新网球王子 U-17世界杯半决赛,6.9,13,海外,全13话,番剧
5963,美妙天堂 偶像时间,6.1,51,海外,全51话,番剧
1359,永生之酒,9.7,16,海外,全16话,番剧
1749,马达加斯加的企鹅 第一季,9.8,47,海外,全47话,番剧
113090,假面骑士驰骑,9.8,48,海外,全48话,番剧
5951,笑面推销员NEW,8.7,12,海外,全12话,番剧
32983,听我的电波吧,9.8,12,海外,全12话,番剧
41036,银河奥特曼S,9.1,16,海外,全16话,番剧
39485,大正少女御伽话,9.2,12,海外,全12话,番剧
5383,星际牛仔 SP,9.8,6,海外,全6话,番剧
1595,搞笑漫画日和3,9.2,12,海外,全12话,番剧
26275,ENDRO~!,9.8,12,海外,全12话,番剧
530,超次元游戏 海王星,9.6,13,海外,全13话,番剧
47265,名侦探柯南：零的执行人,7.6,0,海外,2018年4月13日上映,番剧
41558,RPG不动产,8.6,12,海外,全12话,番剧
3145,神不在的星期天,9.3,13,海外,全13话,番剧
1083,公主恋人！,8.1,12,海外,全12话,番剧
5576,喜欢上你的那个瞬间。～告白实行委员会～,9.6,1,海外,全1话,番剧
897,神的记事本,9.3,12,海外,全12话,番剧
47329,米奇妙妙大冒险 第一季 中文配音,0.0,36,海外,全36话,番剧
47096,我被逐出队伍后过上慢生活 第二季,8.6,12,海外,全12话,番剧
112827,间谍过家家 第三季,0.0,0,海外,,番剧
21781,飙速宅男 GLORY LINE,8.5,25,海外,全25话,番剧
41198,疯狂兔子入侵：火星任务,9.8,3,海外,全3话,番剧
2251,玲音,9.8,13,海外,全13话,番剧
48001,剧场版 咒术回战 0,8.8,1,海外,全1话,番剧
45121,雷古洛思奥特曼,8.0,3,海外,全3话,番剧
28627,星合之空,9.7,12,海外,全12话,番剧
2582,Classroom☆Crisis,9.3,13,海外,全13话,番剧
47342,小猪佩奇 迷你剧 第一季 中文配音,0.0,10,海外,全10话,番剧
5047,发条精灵战记 天镜的极北之星,9.1,13,海外,全13话,番剧
45503,浪客剑心 -明治剑客浪漫谭-（新作） ,9.5,24,海外,全24话,番剧
45272,ULTRAMAN 机动奥特曼 终章,6.6,12,海外,全12话,番剧
46217,小猪佩奇 第九季 续集 英文版,0.0,24,海外,全24话,番剧
1563,歌之☆王子殿下 真爱REVOLUTIONS,9.3,13,海外,全13话,番剧
26354,女神异闻录5 动画版 年末特别篇「前篇 / 后篇」,9.2,2,海外,全2话,番剧
973,天降之物Final 我永远的鸟笼,9.8,1,海外,全1话,番剧
47854,海底小纵队 第九季,0.0,26,海外,全26话,番剧
4092,ALDNOAH.ZERO 第二季,6.7,12,海外,全12话,番剧
4625,新网球王子,8.7,13,海外,全13话,番剧
866,迷糊餐厅 WORKING!!,9.5,13,海外,全13话,番剧
5796,兽娘动物园,9.7,13,海外,全13话,番剧
120749,汪汪队立大功 第三季 中文配音,0.0,26,海外,全26话,番剧
3449,命运石之门 境界面上的迷失之链,9.8,1,海外,全1话,番剧
5906,超级弹丸论破2.5 狛枝凪斗与世界的破坏者,9.7,1,海外,全1话,番剧
21683,中二病也要谈恋爱！Lite,9.6,1,海外,全1话,番剧
45136,赛罗奥特曼格斗,9.6,23,海外,全23话,番剧
1205,超智游戏,9.8,25,海外,全25话,番剧
28610,路人超能100 第一次灵能咨询所员工旅游～舒缓心灵的疗愈之旅~（OVA2）,9.8,1,海外,全1话,番剧
3551,黑色残骸,8.8,26,海外,全26话,番剧
814,在盛夏等待,9.2,12,海外,全12话,番剧
727,食梦者,9.8,25,海外,全25话,番剧
32915,IDOLiSH7-偶像星愿- Second BEAT!,9.8,15,海外,全15话,番剧
4471,拜托了 爱因兹贝伦咨询室,9.4,7,海外,全7话,番剧
26770,MIX,9.7,24,海外,全24话,番剧
45012,布鲁伊 第二季,9.9,52,海外,全52话,番剧
5867,剧场版 魔法禁书目录炭 SP,9.2,1,海外,全1话,番剧
3784,魔法禁书目录 炭,9.3,4,海外,全4话,番剧
1175,轻音少女 剧场版,9.9,1,海外,全1话,番剧
91510,乡下大叔成为剑圣,8.5,12,海外,全12话,番剧
47821,机界战队全开者,9.4,46,海外,全46话,番剧
2588,那就是声优！,9.4,13,海外,全13话,番剧
40246,少女前线,8.4,12,海外,全12话,番剧
20897,夏目友人帐 第五季 特别篇,9.8,2,海外,全2话,番剧
6452,Infini-T Force,9.1,12,海外,全12话,番剧
41648,泡泡,7.4,1,海外,全1话,番剧
5604,火影忍者舞台剧,8.4,5,海外,全5话,番剧
2720,青年黑杰克,9.0,12,海外,全12话,番剧
2102,星之卡比,9.7,100,海外,全100话,番剧
1594,搞笑漫画日和2,9.3,12,海外,全12话,番剧
45620,变形金刚：地球火种 第一季,9.2,26,海外,全26话,番剧
3901,哆啦A梦 新大雄的大魔境~扁扁与5人之探险队,9.4,1,海外,全1话,番剧
45489,公司的小小前辈,9.0,12,海外,全12话,番剧
43744,真・进化之实 踏上胜利的人生,6.1,12,海外,全12话,番剧
6006,机动战士高达 雷霆宙域战线 第一季,9.7,4,海外,全4话,番剧
34434,战翼的希格德莉法,9.1,12,海外,全12话,番剧
33051,文豪与炼金术师 ～审判的齿轮～,9.0,13,海外,全13话,番剧
25730,火之丸相扑,9.2,24,海外,全24话,番剧
170,众神的恶作剧,9.0,12,海外,全12话,番剧
5552,神装少女小缠,8.7,12,海外,全12话,番剧
47559,无名记忆,7.5,12,海外,全12话,番剧
6042,珈百璃的堕落 SP,9.8,2,海外,全2话,番剧
2061,人形电脑天使心,9.8,28,海外,全28话,番剧
34064,若能与你共乘海浪之上,9.0,0,海外,2019年12月7日上映,番剧
100274,肥宅勇者,8.8,12,海外,全12话,番剧
24856,Fate/kaleid liner 魔法少女☆伊莉雅：雪下的誓言,9.6,1,海外,全1话,番剧
25624,ANIMAYELL!,9.6,12,海外,全12话,番剧
893,白兔糖,9.8,11,海外,全11话,番剧
5994,机甲少女 FRAME ARMS GIRL,9.3,12,海外,全12话,番剧
47691,嗨！道奇 第四季（下） 中文配音 ,0.0,20,海外,全20话,番剧
39050,机动战士高达：闪光的哈萨维,9.8,1,海外,全1话,番剧
1375,KANON / 雪之少女（京都版）,9.8,24,海外,全24话,番剧
40264,指名！,9.4,24,海外,全24话,番剧
113,我们大家的河合庄,9.8,12,海外,全12话,番剧
44832,海底小纵队 第四季,9.6,24,海外,全24话,番剧
33327,奇诺之旅,9.8,13,海外,全13话,番剧
3583,奇诺之旅 活着的目标 -life goes on.-,9.5,1,海外,全1话,番剧
3582,奇诺之旅 疾病之国 -For You-,9.5,1,海外,全1话,番剧
3581,奇诺之旅 塔之国 -Free Lance-,9.6,1,海外,全1话,番剧
3578,浪客剑心 追忆篇,9.9,4,海外,全4话,番剧
47625,蜡笔小新：谜团！花之天下春日部学院,9.8,0,海外,2021年7月30日上映,番剧
3446,夏目友人帐 OVA,9.8,2,海外,全2话,番剧
46216,小猪佩奇 第九季 英文版,0.0,39,海外,全39话,番剧
33807,宝石幻想 光芒重现,9.6,13,海外,全13话,番剧
39258,命运-冠位指定 -月光／失落之室-,9.5,1,海外,全1话,番剧
1299,彩云国物语,9.6,39,海外,全39话,番剧
117925,离开A级队伍的我，和从前的弟子往迷宫深处迈进,7.6,24,海外,全24话,番剧
47323,米奇妙妙屋 第3季 中文配音,0.0,35,海外,全35话,番剧
44851,PUI PUI 天竺鼠车车 驾校篇,9.7,12,海外,全12话,番剧
123,宝石宠物 Tinkle☆（第二季）,9.8,52,海外,全52话,番剧
6036,田中君总是如此慵懒 特典,9.7,7,海外,全7话,番剧
4593,海底小纵队 第二季,9.8,22,海外,全22话,番剧
3880,蜡笔小新：大人王国的反击,9.9,1,海外,全1话,番剧
616,花牌情缘,8.7,25,海外,全25话,番剧
28584,花牌情缘 第三季,7.9,24,海外,全24话,番剧
12477,宝可梦 波尔凯尼恩与机巧的玛机雅娜,8.9,0,海外,2017年11月11日上映,番剧
1065,DARKER THAN BLACK -流星的双子-,9.6,12,海外,全12话,番剧
46699,兽电战队强龙者（中配）,8.6,48,海外,全48话,番剧
5995,爱丽丝与藏六,9.3,13,海外,全13话,番剧
30238,奇幻☆怪盗,6.3,12,海外,全12话,番剧
27729,机动战士高达AGE,8.5,49,海外,全49话,番剧
75404,飞天小女警 第一季 中文配音,9.7,26,海外,全26话,番剧
33022,白猫计划 零之纪元,4.8,12,海外,全12话,番剧
623,南家三姐妹 我回来了,9.8,13,海外,全13话,番剧
112481,弹珠汽水瓶里的千岁同学,5.3,13,海外,全13话,番剧
47081,托马斯和他的朋友们 第二十二季 中文配音,0.0,26,海外,全26话,番剧
3319,SHUFFLE,9.0,24,海外,全24话,番剧
864,便·当,9.4,12,海外,全12话,番剧
46140,银河奥特曼,9.5,11,海外,全11话,番剧
3486,笨蛋，测验，召唤兽 OVA,9.8,2,海外,全2话,番剧
2726,全部成为F -THE PERFECT INSIDER-,9.2,11,海外,全11话,番剧
45072,银魂 最终篇,9.8,1,海外,全1话,番剧
45014,布鲁伊 第三季,9.9,52,海外,全52话,番剧
48146,生化危机：死亡岛,0.0,0,海外,2023年7月7日上映,番剧
26285,KEMURIKUSA,9.7,12,海外,全12话,番剧
709,啾咪BABY 日语版,9.8,13,中国,全13话,番剧
23979,排球少年剧场版 观念之战,9.8,1,海外,全1话,番剧
4316,魔法少女小圆 剧场版 [前篇] 起始的物语,9.8,1,海外,全1话,番剧
46352,蜡笔小新：新次元！超能力大决战,8.5,0,海外,2023年11月25日上映,番剧
5514,ViVid Strike!,8.5,12,海外,全12话,番剧
2270,魔卡少女樱 香港之旅,9.4,1,海外,全1话,番剧
3766,今天开始做魔王 第三季,9.1,39,海外,全39话,番剧
5792,鬼平,9.6,13,海外,全13话,番剧
33050,爱书的下克上：为了成为图书管理员不择手段！ 第二部,9.6,12,海外,全12话,番剧
5500,女神异闻录3 电影版 第四章：重生之冬,9.8,1,海外,全1话,番剧
3758,女神异闻录3 电影版 第三章：秋降,9.6,1,海外,全1话,番剧
3757,女神异闻录3 电影版 第二章：仲夏骑士之梦,9.5,1,海外,全1话,番剧
2845,女神异闻录3 电影版 第一章：春生,9.5,1,海外,全1话,番剧
752,TARI TARI,9.7,13,海外,全13话,番剧
39482,迷宫标记者,5.7,12,海外,全12话,番剧
33808,猎魔武士/GIBIATE,4.0,12,海外,全12话,番剧
628,Q弟侦探因幡,9.7,12,海外,全12话,番剧
112541,绝妙舞步,7.6,12,海外,全12话,番剧
28616,银河英雄传说：全新命题 星乱,9.8,12,海外,全12话,番剧
39901,猫和老鼠传奇 第二季,9.4,13,海外,全13话,番剧
4273,结城友奈是勇者,9.6,12,海外,全12话,番剧
23869,踏切时间,9.7,12,海外,全12话,番剧
3570,Little Busters! ～Refrain～,9.8,13,海外,全13话,番剧
12732,玛丽与魔女之花,7.7,0,海外,2018年4月28日上映,番剧
703,人类衰退之后,9.8,12,海外,全12话,番剧
408,潜行吧！奈亚子 Remember My Love,9.4,12,海外,全12话,番剧
113506,致不灭的你 第三季,8.9,8,海外,更新至第8话,番剧
3882,蜡笔小新 呼风唤雨！光荣烧肉之路,9.7,1,海外,全1话,番剧
2735,高校星歌剧,9.6,12,海外,全12话,番剧
28400,Fate/kaleid liner 魔法少女☆伊莉雅 Prisma☆Phantasm,9.6,1,海外,全1话,番剧
525,新蔷薇少女,9.5,13,海外,全13话,番剧
48686,悲喜渔生,9.8,12,海外,全12话,番剧
1921,爱丽丝学园,9.8,27,海外,全27话,番剧
4751,地狱少女 三鼎,9.5,26,海外,全26话,番剧
25582,机动武斗传G高达,9.7,49,海外,全49话,番剧
98694,少年骇客 第一季 中文配音,9.9,13,海外,全13话,番剧
47827,摇曳露营 第三季,9.5,13,海外,全13话,番剧
2684,偶像大师,9.8,25,海外,全25话,番剧
3070,早安恋味糕点店,7.4,24,海外,全24话,番剧
3879,蜡笔小新 森林里的暴风雨,9.7,1,海外,全1话,番剧
44530,梦比优斯奥特曼&奥特兄弟,9.8,1,海外,全1话,番剧
2990,复活！小猫咪,9.3,52,海外,全52话,番剧
48030,小市民系列,8.6,10,海外,全10话,番剧
108550,吉伊卡哇 第二季（中配）,5.6,120,海外,全120话,番剧
2040,东京猫猫,9.6,52,海外,全52话,番剧
4594,海底小纵队 第三季,9.6,20,海外,全20话,番剧
41029,奥特银河格斗 巨大阴谋（中配）,8.6,10,海外,全10话,番剧
42532,奥特银河格斗 命运的冲突（中配）,8.7,10,海外,全10话,番剧
979,荒川爆笑团2,9.7,13,海外,全13话,番剧
5482,女神异闻录5 -THE DAY BREAKERS-,9.6,1,海外,全1话,番剧
21674,三丽鸥男子,8.5,12,海外,全12话,番剧
28639,梦幻之星 神谕篇,8.2,26,海外,全26话,番剧
41934,憨豆先生动画版 第三季,9.7,26,海外,全26话,番剧
97531,小马宝莉 友谊魔法 第三季 中文配音,9.8,13,海外,全13话,番剧
3361,龙之界点,8.2,12,海外,全12话,番剧
6448,结城友奈是勇者 鹫尾须美之章&勇者之章,9.6,12,海外,全12话,番剧
253,世界征服 谋略之星,9.1,12,海外,全12话,番剧
28622,虚空魔境 第二季,9.0,21,海外,全21话,番剧
23910,魔卡少女樱 Clear Card篇 序幕 小樱与两人的小熊,9.5,1,海外,全1话,番剧
4333,堀桑与宫村君,9.8,3,海外,全3话,番剧
39486,结城友奈是勇者 第三季 / 大满开之章,9.8,12,海外,全12话,番剧
26304,笑容的代价,4.1,12,海外,全12话,番剧
120765,汪汪队立大功 第四季 中文配音,0.0,26,海外,全26话,番剧
38964,我，小怼,9.5,12,海外,全12话,番剧
445,翠星之加尔刚蒂亚,9.4,13,海外,全13话,番剧
2721,骇客娃娃,9.6,13,海外,全13话,番剧
516,跟班×服务,9.6,13,海外,全13话,番剧
68583,魔王2099,9.6,12,海外,全12话,番剧
2876,猫眼三姐妹,9.8,73,海外,全73话,番剧
930,+TIC模型姐妹,9.7,12,海外,全12话,番剧
44864,辉夜大小姐想让我告白 剧场版,0.0,0,海外,,番剧
3869,哆啦A梦 大雄的新魔界大冒险～7人之魔法使～,9.6,1,海外,全1话,番剧
45638,赛马娘 巅峰之路,9.8,4,海外,全4话,番剧
5933,龙的牙医,9.5,2,海外,全2话,番剧
45579,蜡笔小新：我的搬家物语 仙人掌大袭击,9.6,0,海外,2015年4月18日上映,番剧
6007,机动战士高达 雷霆宙域战线 第二季,9.4,4,海外,全4话,番剧
92,每度！浦安铁筋家族,9.1,24,海外,全24话,番剧
33025,社长，战斗时间到！,6.2,12,海外,全12话,番剧
45632,辉夜大小姐想让我告白 -究极浪漫- 中配版,9.7,13,海外,全13话,番剧
112807,不动声色的柏田与喜形于色的太田,9.6,12,海外,全12话,番剧
24674,银河英雄传说：全新命题,9.7,12,海外,全12话,番剧
102268,睡衣小英雄 第六季 超级联盟 中文配音,0.0,52,海外,全52话,番剧
36208,重创的伤口,6.3,13,海外,全13话,番剧
75427,飞天小女警 第三季 中文配音,9.4,26,海外,全26话,番剧
3100,石膏男孩,8.8,12,海外,全12话,番剧
2910,真实之泪,9.3,13,海外,全13话,番剧
42978,神偷奶爸2,9.7,0,海外,2013年7月3日上映,番剧
2569,幸腹涂鸦,9.5,12,海外,全12话,番剧
41569,上班族想被治愈,9.2,12,海外,全12话,番剧
33052,阿尔蒂,9.6,12,海外,全12话,番剧
112943,无敌的我是英雄爸爸和精灵妈妈的女儿,4.2,12,海外,全12话,番剧
41943,银河奥特曼S剧场版 决战！奥特10勇士！！,8.6,1,海外,全1话,番剧
2848,影鳄,9.5,13,海外,全13话,番剧
3097,梦幻之星online2,8.2,12,海外,全12话,番剧
47327,米奇妙妙屋 第5季 中文配音,0.0,35,海外,全35话,番剧
1565,攻壳机动队 S.A.C. 2nd GIG,9.8,26,海外,全26话,番剧
23854,鲁邦三世 第五季,9.8,24,海外,全24话,番剧
98696,少年骇客 第二季 中文配音,9.8,13,海外,全13话,番剧
42119,特利迦奥特曼 泽塔篇,9.5,1,海外,全1话,番剧
68473,蓦然回首,9.8,0,海外,2024年10月26日上映,番剧
762,薄樱鬼 碧血录,9.3,10,海外,全10话,番剧
761,薄樱鬼,9.3,12,海外,全12话,番剧
36283,苍之骑士团,8.4,12,海外,全12话,番剧
47333,米奇妙妙车队 第一季 中文配音,0.0,25,海外,全25话,番剧
23811,重神机潘多拉,6.6,26,海外,全26话,番剧
45642,暴太郎战队咚兄弟（中配）,9.1,50,海外,全50话,番剧
863,[C]THE MONEY OF SOUL AND POSSIBILITY CONTROL,9.2,11,海外,全11话,番剧
38257,水果篮子 最终季,9.6,13,海外,全13话,番剧
32907,攻壳机动队 SAC_2045,9.5,12,海外,全12话,番剧
3115,黑之宣告,6.3,11,海外,全11话,番剧
41963,忍者龟 第一季 中文配音,9.8,26,海外,全26话,番剧
3781,罪恶王冠 失落的圣诞节 an episode of port town,9.0,1,海外,全1话,番剧
3540,番剧茶会,8.8,1000,海外,全1000话,番剧
2981,格林童话剧场【中文】,9.6,47,海外,全47话,番剧
3891,蜡笔小新 超时空！呼风唤雨的我的新娘,9.7,1,海外,全1话,番剧
48038,新世界之门,6.2,12,海外,全12话,番剧
45814,企鹅家族 第一季,9.9,26,海外,全26话,番剧
45809,嗨！道奇 第三季 中文配音,0.0,52,海外,全52话,番剧
47325,米奇妙妙屋 第4季 中文配音,0.0,22,海外,全22话,番剧
3860,魔卡少女樱 被封印的卡片,9.7,1,海外,全1话,番剧
2039,我们这一家 剧场版,9.6,2,海外,全2话,番剧
3318,蜂蜜与四叶草II,9.7,12,海外,全12话,番剧
3317,蜂蜜与四叶草,9.8,26,海外,全26话,番剧
92544,黑执事 绿之魔女篇,9.7,13,海外,全13话,番剧
193,龙娘七七七埋藏的宝藏,9.0,11,海外,全11话,番剧
23879,LOST SONG 失落的歌谣,9.4,12,海外,全12话,番剧
47213,青之驱魔师 岛根启明结社篇,8.3,12,海外,全12话,番剧
3765,今天开始做魔王 第二季,9.4,39,海外,全39话,番剧
3898,哆啦A梦 大雄的秘密道具博物馆,9.5,1,海外,全1话,番剧
25720,叛逆性百万亚瑟王,8.1,10,海外,全10话,番剧
44705,神奇蜘蛛侠,9.6,26,海外,全26话,番剧
1538,魔法少女奈叶ViVid,8.6,12,海外,全12话,番剧
36364,美少年侦探团,9.4,12,海外,全12话,番剧
6320,将国之天鹰星,9.1,24,海外,全24话,番剧
24586,付丧神出租中,9.4,12,海外,全12话,番剧
211,头文字D Fifth Stage,9.3,14,海外,全14话,番剧
23841,美妙☆频道,8.2,153,海外,全153话,番剧
1072,狼与香辛料 第二季,9.8,13,海外,全13话,番剧
45582,蜡笔小新：新婚旅行飓风之遗失的野原广志,9.7,0,海外,2019年4月19日上映,番剧
39788,Q版猫和老鼠 第一季,9.6,13,海外,全13话,番剧
24607,LORD of VERMILION 红莲之王,4.3,12,海外,全12话,番剧
37822,舞伎家的料理人,9.7,12,海外,全12话,番剧
4479,未来都市No.6,9.5,11,海外,全11话,番剧
6441,动画同好会,8.6,13,海外,全13话,番剧
21744,三颗星彩色冒险,9.7,12,海外,全12话,番剧
48147,暴食狂战士,7.0,12,海外,全12话,番剧
2837,滑头鬼之孙 第二季【中文】,9.1,25,海外,全25话,番剧
2836,滑头鬼之孙 第一季【中文】,9.0,26,海外,全26话,番剧
26917,RobiHachi,9.5,12,海外,全12话,番剧
43154,飙速宅男 突破极限,7.9,25,海外,全25话,番剧
3213,大叔与棉花糖,9.0,13,海外,全13话,番剧
91577,炎炎消防队 叁之章,8.7,12,海外,全12话,番剧
1982,索尼克,9.7,78,海外,全78话,番剧
45805,嗨！道奇 第一季 中文配音,0.0,51,海外,全51话,番剧
1189,超时空要塞 Frontier,9.6,25,海外,全25话,番剧
47099,金属口红/METALLIC ROUGE,6.9,13,海外,全13话,番剧
5066,屁屁吾郎,8.6,13,海外,全13话,番剧
43265,名侦探柯南：零的日常（中配）,6.7,6,海外,全6话,番剧
6345,终物语 下,9.8,3,海外,全3话,番剧
41484,夏日幻魂,9.8,1,海外,全1话,番剧
44219,擅长捉弄的高木同学 剧场版,9.9,1,海外,全1话,番剧
38241,纯白之音,9.3,12,海外,全12话,番剧
790,交响诗篇 第一季,9.6,50,海外,全50话,番剧
485,核爆默示录,8.3,13,海外,全13话,番剧
45137,赛罗奥特曼格斗（中配）,0.0,23,海外,全23话,番剧
23978,排球少年剧场版 才能与感觉,9.8,1,海外,全1话,番剧
3452,三者三叶,9.6,12,海外,全12话,番剧
5504,喵阿楞,9.4,26,海外,全26话,番剧
2590,若叶女孩,9.7,13,海外,全13话,番剧
41967,忍者龟 第三季 中文配音,0.0,26,海外,全26话,番剧
98698,少年骇客 第三季 中文配音,9.8,13,海外,全13话,番剧
3553,幻想嘉年华 Special Season,9.7,1,海外,全1话,番剧
73828,这公司有我喜欢的人,9.6,12,海外,全12话,番剧
3864,哆啦A梦 大雄和发条都市冒险记,9.5,1,海外,全1话,番剧
34841,与汪汪喵喵同居的开心日常,9.8,24,海外,全24话,番剧
44153,砂糖苹果童话故事 银砂糖师与黑妖精,8.1,24,海外,全24话,番剧
1015,王牌投手 振臂高挥,9.7,26,海外,全26话,番剧
4378,神奇宝贝 起源,9.7,4,海外,全4话,番剧
47548,神渴望着游戏。,6.3,13,海外,全13话,番剧
76117,我的幸福婚姻 第二季,7.9,13,海外,全13话,番剧
4317,魔法少女小圆 剧场版 [后篇] 永远的物语,9.8,1,海外,全1话,番剧
4032,心灵想要大声呼喊,9.2,1,海外,全1话,番剧
3892,蜡笔小新 呼风唤雨黄金的间谍大作战,9.5,1,海外,全1话,番剧
39438,键等学园/键等,9.8,12,海外,全12话,番剧
996,FORTUNE ARTERIAL -赤之约定-,9.1,12,海外,全12话,番剧
34414,池袋西口公园,7.3,12,海外,全12话,番剧
5859,妖狐×仆SS SP,9.7,1,海外,全1话,番剧
96971,假面骑士利维斯,5.0,50,海外,全50话,番剧
3499,影鳄 承,9.4,13,海外,全13话,番剧
46135,菜鸟魔王与独居勇者,9.1,12,海外,全12话,番剧
643,AKB0048 第一季,9.7,13,海外,全13话,番剧
4267,高达Reconguista in G,8.5,26,海外,全26话,番剧
6453,TSUKIPRO,9.2,13,海外,全13话,番剧
523,蔷薇少女 梦之终结,9.6,12,海外,全12话,番剧
3135,归宅部活动记录,9.7,12,海外,全12话,番剧
33167,虹色时光,9.2,24,海外,全24话,番剧
1185,神薙,9.4,14,海外,全14话,番剧
28624,厨病激发男孩,9.6,12,海外,全12话,番剧
45502,莱莎的炼金工房～常暗女王与秘密藏身处～,9.1,12,海外,全12话,番剧
91765,失忆投捕,9.9,12,海外,全12话,番剧
3868,蜡笔小新之动感超人大战泳装魔王,9.5,1,海外,全1话,番剧
33954,星河战队：入侵,7.8,0,海外,2012年7月21日上映,番剧
47732,忍者龟 第四季 中文配音,9.7,26,海外,全26话,番剧
43382,阿鲁斯的巨兽,8.5,12,海外,全12话,番剧
38541,生化危机：恶化,6.8,0,海外,2008年10月18日上映,番剧
1448,我的女神,9.7,26,海外,全26话,番剧
102014,琉璃的宝石,9.8,13,海外,全13话,番剧
5784,锁链战记 赫克瑟塔斯之光,6.8,12,海外,全12话,番剧
21478,如果有○○就好了。,9.5,8,海外,全8话,番剧
6449,战刻夜想曲,8.3,12,海外,全12话,番剧
3128,舞武器舞乱伎,7.6,12,海外,全12话,番剧
41508,环太平洋：黑色禁区 第二季,4.9,7,海外,全7话,番剧
3552,幻想嘉年华 EX Season,9.6,1,海外,全1话,番剧
39483,男孩遇见女孩,9.4,12,海外,全12话,番剧
46155,托马斯和他的朋友们 第二十五季（上）（中文配音）,0.0,26,海外,全26话,番剧
23934,排球少年剧场版 胜者与败者,9.7,1,海外,全1话,番剧
45306,不知情的转学生硬要凑上来。,9.8,13,海外,全13话,番剧
107779,Yakka Dee 开口说英语 第五季,0.0,20,海外,全20话,番剧
5520,SHOW BY ROCK!! 第二季,9.3,12,海外,全12话,番剧
1464,翼年代记 第二季,9.4,26,海外,全26话,番剧
48045,海底小纵队 第八季,0.0,26,海外,全26话,番剧
41965,忍者龟 第二季 中文配音,9.9,26,海外,全26话,番剧
1857,鸦KARAS,9.8,6,海外,全6话,番剧
3890,蜡笔小新 呐喊!春日部野生王国,9.5,1,海外,全1话,番剧
5039,OZMAFIA!!,8.7,12,海外,全12话,番剧
47214,百千家的妖怪王子,5.8,12,海外,全12话,番剧
39495,四色战记 / RWBY 第一季,9.8,16,海外,全16话,番剧
47535,假面骑士时王（中配）,7.8,49,海外,全49话,番剧
4735,小凉宫春日的忧郁,9.6,25,海外,全25话,番剧
38963,歌剧少女！！,9.7,13,海外,全13话,番剧
1092,钢壳都市雷吉欧斯,7.9,24,海外,全24话,番剧
79683,蜂蜜柠檬苏打,8.1,12,海外,全12话,番剧
2682,萝球社！,9.4,12,海外,全12话,番剧
1206,亡念之扎姆德,9.1,26,海外,全26话,番剧
3750,校园迷糊大王 二学期,9.3,26,海外,全26话,番剧
34714,小碧蓝幻想！,9.5,12,海外,全12话,番剧
1180,CLANNAD ～AFTER STORY～另一个世界 杏篇,9.8,1,海外,全1话,番剧
48034,你与我最后的战场，亦或是世界起始的圣战 第二季,7.3,12,海外,全12话,番剧
4170,灰色的迷宫,9.7,1,海外,全1话,番剧
502,第一神拳 Rising,9.7,25,海外,全25话,番剧
1659,Code Geass 亡国的阿基德,7.4,5,海外,全5话,番剧
5959,Room Mate,7.5,12,海外,全12话,番剧
32904,聆听者 / LISTENERS,7.7,12,海外,全12话,番剧
1388,传颂之物,9.7,26,海外,全26话,番剧
1078,白色相簿 上半篇章,9.4,13,海外,全13话,番剧
4067,寻找失去的未来,9.0,12,海外,全12话,番剧
113463,盖比的娃娃屋 第二季 中文配音,0.0,14,海外,全14话,番剧
117891,叹气的亡灵想隐退,9.7,13,海外,全13话,番剧
36281,花样滑冰Stars,2.6,12,海外,全12话,番剧
41833,东方少年 第二季,8.9,12,海外,全12话,番剧
621,南家三姐妹 再来一碗,8.8,13,海外,全13话,番剧
2745,彗星路西法,6.6,12,海外,全12话,番剧
5021,亚尔斯兰战记 风尘乱舞,8.2,8,海外,全8话,番剧
3460,面包带来和平！,9.0,13,海外,全13话,番剧
45581,蜡笔小新：激战！涂鸦王国和约四位勇士,9.8,0,海外,2020年9月11日上映,番剧
3387,噬神者 SP,9.2,4,海外,全4话,番剧
45736,小马宝莉之魔力新世界 第一季,9.5,26,海外,全26话,番剧
99556,通往夏天的隧道，再见的出口,9.1,0,海外,2024年8月30日上映,番剧
48040,亦叶亦花,7.5,12,海外,全12话,番剧
1875,人鱼的旋律,9.7,50,海外,全50话,番剧
3885,蜡笔小新 呼风唤雨！夕阳下的春日部男孩,9.8,1,海外,全1话,番剧
1631,DOG DAYS,9.3,13,海外,全13话,番剧
2809,凉宫春日的消失,9.9,1,海外,全1话,番剧
4145,前进吧！登山少女,9.7,12,海外,全12话,番剧
47641,小猪佩奇 第八季 英文版,0.0,45,海外,全45话,番剧
5938,黑子的篮球 Winter Cup总集篇,9.2,3,海外,全3话,番剧
68641,神之塔 工房战,8.5,13,海外,全13话,番剧
2953,拽妹黛薇儿 第一季,9.8,13,海外,全13话,番剧
24728,甜甜私房猫 第四季,9.4,25,海外,全25话,番剧
5407,Da!Da!Da!,9.7,39,海外,全39话,番剧
1451,我的女神 OVA,9.7,5,海外,全5话,番剧
34422,厨神小当家2,6.3,12,海外,全12话,番剧
2334,叮当猫,9.7,170,海外,全170话,番剧
5221,恋爱情结,9.7,24,海外,全24话,番剧
3523,晨曦公主 OAD,9.8,3,海外,全3话,番剧
2655,CLANNAD 另一个世界 智代篇,9.8,1,海外,全1话,番剧
41546,生化危机：复仇,7.9,0,海外,2017年5月27日上映,番剧
1665,黑岩射手 / BLACK★ROCK SHOOTER,9.6,8,海外,全8话,番剧
4845,海底小纵队 特别篇,9.7,9,海外,全9话,番剧
41954,艾克斯奥特曼剧场版 来了！我们的奥特曼,9.7,1,海外,全1话,番剧
28614,募恋英雄,9.0,12,海外,全12话,番剧
41547,ULTRAMAN 机动奥特曼 第二季（中配）,8.2,6,海外,全6话,番剧
3851,潜行吧！奈亚子 OVA 温柔地解决敌人的方法,9.6,1,海外,全1话,番剧
867,迷糊餐厅 WORKING’!!,9.6,13,海外,全13话,番剧
48591,拾荒者统治,9.6,12,海外,全12话,番剧
28047,企鹅公路,9.7,0,海外,2018年8月17日上映,番剧
43896,功夫熊猫 第一季,9.7,26,海外,全26话,番剧
28951,吹响吧！上低音号～誓言的终章～,9.9,1,海外,全1话,番剧
5041,Regalia 三圣星,8.8,13,海外,全13话,番剧
45647,米奇欢笑多 第1季 中文配音,0.0,18,海外,全18话,番剧
3275,他和她的故事,9.7,26,海外,全26话,番剧
44528,欧布奥特曼剧场版 赐予我羁绊之力吧！,6.8,1,海外,全1话,番剧
47246,虫王战队超王者（中配）,9.2,50,海外,全50话,番剧
43167,忍者一时,5.0,12,海外,全12话,番剧
3858,魔卡少女樱 知世的影像活跃日记,9.5,1,海外,全1话,番剧
2767,给你做饭了！,6.0,26,海外,全26话,番剧
107102,小猪佩奇 第十一季 英文版,0.0,26,海外,全26话,番剧
32908,新樱花大战,8.4,12,海外,全12话,番剧
1562,歌之☆王子殿下 真爱2000%,9.4,13,海外,全13话,番剧
148250,搞怪兄弟弗拉德与尼基 第二季 中文配音,0.0,50,海外,全50话,番剧
28716,厨神小当家（中配）,5.2,12,海外,全12话,番剧
43902,功夫熊猫 第三季 中文配音,0.0,27,海外,全27话,番剧
44909,命运-冠位指定 -神圣圆桌领域卡美洛- 前篇 漂泊的银之臂,3.9,1,海外,全1话,番剧
26871,消灭都市,7.6,12,海外,全12话,番剧
767,魔力家族,8.6,12,海外,全12话,番剧
41535,Love All Play热血羽毛球 / 羽球青春 ,7.0,24,海外,全24话,番剧
47089,超常技能开启奇幻世界美食之旅（中配版）,9.6,12,海外,全12话,番剧
47707,哆啦A梦：大雄的地球交响乐,9.6,0,海外,2024年3月1日上映,番剧
41202,降世神通 第一季,9.8,20,海外,全20话,番剧
40776,新网球王子 冰帝 vs 立海 未来之战,9.3,0,海外,2021年2月13日上映,番剧
1181,悠久之翼,9.7,12,海外,全12话,番剧
167,金色琴弦～primo passo～,9.7,26,海外,全26话,番剧
1548,御神乐学园组曲,9.0,12,海外,全12话,番剧
45807,嗨！道奇 第二季 中文配音,0.0,52,海外,全52话,番剧
5025,智龙迷城X,8.3,89,海外,全89话,番剧
1561,歌之☆王子殿下 真爱1000%,9.4,13,海外,全13话,番剧
3886,蜡笔小新 呼唤传说！三分钟嘎巴大进攻,9.5,1,海外,全1话,番剧
2450,铁臂阿童木 2003,9.8,50,海外,全50话,番剧
2825,花田少年史,9.8,25,海外,全25话,番剧
28578,异界群敌 代码重组,6.2,12,海外,全12话,番剧
81533,花园宝宝ZinkyZonk 特别篇 中文配音,0.0,6,海外,全6话,番剧
47560,声优广播的台前幕后,9.1,12,海外,全12话,番剧
4546,新网球王子 OVA,8.8,7,海外,全7话,番剧
48724,米奇欢乐屋：奇妙探险家 中文配音,0.0,26,海外,全26话,番剧
3782,青春之旅 OAD,9.3,2,海外,全2话,番剧
24951,牵牛花与加濑同学。,9.8,3,海外,全3话,番剧
91777,直至魔女消逝,9.3,12,海外,全12话,番剧
5965,忍者少女千鸟～伊势・金崎篇～,9.3,26,海外,全26话,番剧
1738,英国一家 吃在日本,8.8,24,海外,全24话,番剧
38239,蔚蓝反射 澪,8.6,24,海外,全24话,番剧
128628,螺丝钉 第四季,0.0,26,海外,全26话,番剧
38238,美丽新世界 The Animation/美好世界,8.8,12,海外,全12话,番剧
41872,特工宾奇 第一季 中文配音,0.0,52,海外,全52话,番剧
47170,芭比之二人搭档 中文配音,0.0,26,海外,全26话,番剧
48683,重来吧、魔王大人！R,5.4,12,海外,全12话,番剧
25420,高达创战者 战斗部落（BATTLOGUE）,9.4,5,海外,全5话,番剧
5567,悠哉日常大王 Repeat OAD,9.8,1,海外,全1话,番剧
1220,伯爵与妖精,8.9,12,海外,全12话,番剧
42104,传颂之物 二人的白皇,9.7,28,海外,全28话,番剧
1231,药师寺凉子的怪奇事件簿,9.3,13,海外,全13话,番剧
23817,Butlers～千年百年物语～,6.8,12,海外,全12话,番剧
6414,UQ HOLDER！悠久持有者 OAD,9.1,3,海外,全3话,番剧
2454,宇宙战舰大和号 2199,9.7,26,海外,全26话,番剧
1039,交响情人梦,9.8,23,海外,全23话,番剧
2840,米老鼠的黑白动画片生涯,9.7,20,海外,全20话,番剧
4677,11eyes,5.7,12,海外,全12话,番剧
26018,索尼克X,9.3,78,海外,全78话,番剧
5076,加速世界 Infinite Burst,8.8,1,海外,全1话,番剧
1247,我家有个狐仙大人,9.6,24,海外,全24话,番剧
5562,无畏魔女,8.7,12,海外,全12话,番剧
91943,爆燃战队奔奔者（中配）,8.8,48,海外,全48话,番剧
24605,前进吧！登山少女 第三季,9.8,13,海外,全13话,番剧
1569,怪盗JOKER 第一季,9.8,13,海外,全13话,番剧
91942,爆燃战队奔奔者,8.7,48,海外,全48话,番剧
41956,奥特英雄传泽塔 英雄之路,9.0,25,海外,全25话,番剧
622,南家三姐妹 欢迎回来,9.6,13,海外,全13话,番剧
47602,排球少年!!垃圾场决战,9.8,0,海外,2024年2月16日上映,番剧
41204,降世神通 第二季,9.8,20,海外,全20话,番剧
729,食梦者。3,9.8,25,海外,全25话,番剧
128624,螺丝钉 第一季+第二季,0.0,104,海外,全104话,番剧
4115,前进吧！登山少女 第二季,9.8,24,海外,全24话,番剧
1233,Sends of Destruction,8.5,13,海外,全13话,番剧
43155,少女手工,9.8,12,海外,全12话,番剧
507,有顶天家族,9.5,13,海外,全13话,番剧
42199,世界末日柴犬为伴,9.7,72,海外,全72话,番剧
3481,我的朋友很少 OAD,9.2,1,海外,全1话,番剧
5973,高校星歌剧 第二季,9.5,12,海外,全12话,番剧
40798,Ｄｒ．ＳＴＯＮＥ 石纪元 粤配版,9.4,24,海外,全24话,番剧
41534,银河英雄传说：全新命题 激战,9.8,12,海外,全12话,番剧
4720,最终幻想VII：降临之子,9.8,1,海外,全1话,番剧
42295,绽放的阿尔斯诺特利亚,9.1,12,海外,全12话,番剧
6497,月色真美 SP,9.7,1,海外,全1话,番剧
6518,春宵苦短，少女前进吧,9.8,1,海外,全1话,番剧
3888,蜡笔小新 呼风唤雨！会唱歌的屁股炸弹,9.5,1,海外,全1话,番剧
2941,潜行吧！奈亚子F,9.7,1,海外,全1话,番剧
34421,满溢的水果挞,9.6,12,海外,全12话,番剧
3220,隐之王,8.9,26,海外,全26话,番剧
27819,酷妹当家,9.7,51,海外,全51话,番剧
904,猫神八百万,9.7,12,海外,全12话,番剧
47077,托马斯和他的朋友们 第二十季 中文配音,0.0,26,海外,全26话,番剧
5540,斯特拉的魔法,9.4,12,海外,全12话,番剧
4498,妖精的尾巴 剧场版 凤凰巫女,9.6,1,海外,全1话,番剧
39333,RE-MAIN：少年与水球,9.5,12,海外,全12话,番剧
2719,枪与假面舞会,7.4,12,海外,全12话,番剧
41037,银河奥特曼S（中配）,8.8,16,海外,全16话,番剧
5512,梦之祭,9.0,12,海外,全12话,番剧
656,初音岛,9.5,26,海外,全26话,番剧
26294,雨色可可side G,8.4,12,海外,全12话,番剧
110,犬神同学和猫山同学,9.7,13,海外,全13话,番剧
3893,哆啦A梦 大雄与奇迹之岛～动物历险记～,9.4,1,海外,全1话,番剧
741,武装神姬,9.5,13,海外,全13话,番剧
41944,银河奥特曼S剧场版 决战！奥特10勇士！！（中配）,8.3,1,海外,全1话,番剧
3571,Little Busters! EX,9.8,8,海外,全8话,番剧
45580,蜡笔小新：决一胜负！逆袭的机器人爸爸,9.8,0,海外,2014年4月19日上映,番剧
47363,布莱泽奥特曼 大电影 大怪兽东京决战,7.0,1,海外,全1话,番剧
120768,汪汪队立大功 第五季,0.0,26,海外,全26话,番剧
34435,体操武士,9.8,11,海外,全11话,番剧
44531,梦比优斯奥特曼&奥特兄弟（中配）,9.4,1,海外,全1话,番剧
38995,隐瞒之事 电影剪辑版,9.8,1,海外,全1话,番剧
526,战姬绝唱SYMPHOGEAR,9.7,13,海外,全13话,番剧
728,食梦者。2,9.7,25,海外,全25话,番剧
41206,降世神通 第三季,9.8,21,海外,全21话,番剧
6375,魔女的考验【日语】,9.6,51,海外,全51话,番剧
47736,忍者龟 风云再起 中文配音,0.0,26,海外,全26话,番剧
3874,蜡笔小新之黑暗珠珠大追击,9.6,1,海外,全1话,番剧
3219,变形金刚2008,9.8,42,海外,全42话,番剧
33021,非枪人生 第二季,9.3,12,海外,全12话,番剧
130006,趣趣知知鸟 第1季 中文配音,0.0,50,海外,全50话,番剧
75403,飞天小女警 第一季,9.8,26,海外,全26话,番剧
25152,NEKOPARA EXTRA 小猫篇（猫娘乐园）,9.8,1,海外,全1话,番剧
25379,此花亭奇谭（中配）,9.3,12,海外,全12话,番剧
47258,马达加斯加企鹅 第二季 中文配音,0.0,39,海外,全39话,番剧
92889,胆大党 中配版,9.5,12,海外,全12话,番剧
44080,大雪海的卡纳,7.4,11,海外,全11话,番剧
44910,命运-冠位指定 -神圣圆桌领域卡美洛- 后篇 圣骑士银之臂,9.8,1,海外,全1话,番剧
42112,LoveLive 爱与演唱会!超级明星!! 第二季,4.0,12,海外,全12话,番剧
6046,MS动画图鉴 第二季,9.6,76,海外,全76话,番剧
46087,圣女魔力无所不能 第二季,8.9,12,海外,全12话,番剧
46088,晚安世界,9.2,12,海外,全12话,番剧
2556,哆啦A梦 大雄的平行西游记,9.1,1,海外,全1话,番剧
41297,海岬的迷途之家 ,9.1,0,海外,2021年8月27日上映,番剧
3476,魔法少女☆伊莉雅 OVA,9.3,1,海外,全1话,番剧
42201,新 东京猫猫,6.3,24,海外,全24话,番剧
38259,影宅,0.0,0,海外,,番剧
617,花牌情缘 第二季,8.6,25,海外,全25话,番剧
39791,Q版猫和老鼠 第三季,9.3,39,海外,全39话,番剧
42188,顶点!!!!!!!!!!!!!!!,9.7,11,海外,全11话,番剧
43897,功夫熊猫 第一季 中文配音,0.0,26,海外,全26话,番剧
23821,棒球大联盟 2,9.5,25,海外,全25话,番剧
41955,艾克斯奥特曼剧场版 来了！我们的奥特曼（中配）,9.1,1,海外,全1话,番剧
3881,蜡笔小新 呼风唤雨！战国大合战,9.8,1,海外,全1话,番剧
42326,哥斯拉：决战之都,7.8,0,海外,2018年5月18日上映,番剧
42652,犬夜叉剧场版 穿越时空的思念,9.8,1,海外,全1话,番剧
1862,枪心剑刃,9.5,26,海外,全26话,番剧
47260,马达加斯加企鹅 第三季 中文配音,0.0,15,海外,全15话,番剧
1338,MYSELF;YOURSELF,9.4,13,海外,全13话,番剧
2144,最游记,9.6,50,海外,全50话,番剧
48833,极速车魂 第二季,9.3,12,海外,全12话,番剧
35182,Love Live! 学园偶像 电影,9.8,1,海外,全1话,番剧
45691,旅程,4.8,0,海外,2021年6月25日上映,番剧
5787,偶像选举,8.2,12,海外,全12话,番剧
29359,猎龙飞船,8.8,12,海外,全12话,番剧
42106,惑星公主蜥蜴骑士,7.7,24,海外,全24话,番剧
443,黄金拼图,9.7,12,海外,全12话,番剧
1781,极速方程式,9.8,52,海外,全52话,番剧
47734,忍者龟 第五季 中文配音,0.0,20,海外,全20话,番剧
3465,Concrete Revolutio 超人幻想 第二季,9.4,12,海外,全12话,番剧
1560,灵感！,9.7,13,海外,全13话,番剧
113129,搞怪兄弟弗拉德与尼基,0.0,50,海外,全50话,番剧
25610,RErideD-穿越时空的德理达,7.5,12,海外,全12话,番剧
2774,牙狼 -红莲之月-,8.0,24,海外,全24话,番剧
1302,SOLA,9.4,13,海外,全13话,番剧
75425,飞天小女警 第二季 中文配音,9.1,26,海外,全26话,番剧
5560,魔法少女什么的已经够了啦。第二季,9.2,12,海外,全12话,番剧
36291,装甲娘战机,8.3,12,海外,全12话,番剧
23851,琴之森,9.5,12,海外,全12话,番剧
47989,天线宝宝向前冲！（下）  中文配音,0.0,26,海外,全26话,番剧
25101,剧场版 Free!-Timeless Medley,9.6,2,海外,全2话,番剧
4368,苍翼默示录 Alter Memory,9.2,12,海外,全12话,番剧
1550,雨色可可,8.2,12,海外,全12话,番剧
91100,前桥魔女,9.8,12,海外,全12话,番剧
34424,攀岩少女！,9.0,12,海外,全12话,番剧
26771,在世界尽头咏唱恋曲的少女YU-NO,6.5,26,海外,全26话,番剧
106,迷你偶像,9.5,64,海外,全64话,番剧
28547,放学后桌游俱乐部,9.3,12,海外,全12话,番剧
43149,银河英雄传说：全新命题 策谋,9.9,12,海外,全12话,番剧
2927,花开伊吕波 Home Sweet Home,9.8,1,海外,全1话,番剧
24618,千枪士,5.8,13,海外,全13话,番剧
3586,山田君与7人魔女 OAD,9.6,2,海外,全2话,番剧
45828,男子游泳部：最后一击！前篇,9.3,0,海外,2021年9月17日上映,番剧
48656,再见龙生，你好人生,8.3,12,海外,全12话,番剧
2098,X战记,9.4,25,海外,全25话,番剧
26350,环战公主 CIRCLET PRINCESS,7.2,12,海外,全12话,番剧
43899,功夫熊猫 第二季 中文配音,0.0,23,海外,全23话,番剧
3008,星际牛仔 天国之扉,9.8,1,海外,全1话,番剧
1843,凉风,8.5,26,海外,全26话,番剧
46157,托马斯和他的朋友们 第二十五季（下）（中文配音）,0.0,26,海外,全26话,番剧
33597,列比乌斯/Levius,9.4,12,海外,全12话,番剧
42120,特利迦奥特曼 泽塔篇（中配）,8.6,1,海外,全1话,番剧
2594,偶像大师 灰姑娘女孩 第2期,9.2,12,海外,全12话,番剧
109010,大叔新人冒险者，被最强小队往死里锻炼后变无敌了,9.5,12,海外,全12话,番剧
5441,比得兔（特别篇）,0.0,5,海外,全5话,番剧
47079,托马斯和他的朋友们 第二十一季 中文配音,0.0,20,海外,全20话,番剧
3872,哆啦A梦 新大雄的恐龙,9.5,1,海外,全1话,番剧
2068,拜托了！老师,8.8,13,海外,全13话,番剧
26632,剧场版 悠哉日常大王 Vacation,9.9,1,海外,全1话,番剧
3957,勇者王GaoGaiGar Final,9.8,8,海外,全8话,番剧
1823,勇者王GAOGAIGAR,9.8,49,海外,全49话,番剧
86136,飞天小女警 第五季 中文配音,8.6,34,海外,全34话,番剧
28568,歌塑世界,9.1,12,海外,全12话,番剧
158244,小猪佩奇之好习惯养成 中文配音,0.0,25,海外,全25话,番剧
3900,哆啦A梦 新·大雄与铁人兵团～振翅吧天使们～,9.7,1,海外,全1话,番剧
5545,怪盗Joker 第四季,9.8,13,海外,全13话,番剧
41039,奥特银河格斗 新生代英雄（中配）,8.6,13,海外,全13话,番剧
38240,卡片战斗先导者overDress,7.2,25,海外,全25话,番剧
6474,URAHARA,8.3,12,海外,全12话,番剧
1308,小女神花铃,9.7,26,海外,全26话,番剧
40753,干物妹！小埋 粤配版,9.5,12,海外,全12话,番剧
676,鸭子的生活,9.8,34,海外,全34话,番剧
3490,问题儿童都来自异世界？ OVA 温泉漫游记,9.5,1,海外,全1话,番剧
3396,×××HOLiC 仲夏夜之梦,9.7,1,海外,全1话,番剧
5206,弱酸性百万亚瑟王,9.4,48,海外,全48话,番剧
28777,超级小白（中配）,9.3,48,海外,全48话,番剧
48012,天穗之咲稻姬,9.4,13,海外,全13话,番剧
34676,春日望和安斋由香里的Do YU~NO~ the Radio,9.7,23,海外,全23话,番剧
107770,Yakka Dee 开口说英语 第二季,0.0,20,海外,全20话,番剧
2091,热带雨林的爆笑生活,9.5,26,海外,全26话,番剧
739,CØDE:BREAKER 法外制裁者,5.9,13,海外,全13话,番剧
21718,樱花忍法帖,5.0,24,海外,全24话,番剧
73658,海底小纵队 第六季,0.0,26,海外,全26话,番剧
91778,搞笑漫画日和GO,9.5,12,海外,全12话,番剧
2599,VENUS PROJECT -CLIMAX-,8.0,6,海外,全6话,番剧
25234,机动战士高达 暮光的阿克西斯 红色残影,8.0,1,海外,全1话,番剧
41957,奥特英雄传泽塔 英雄之路（中配）,0.0,25,海外,全25话,番剧
100887,真·武士传,9.4,24,海外,全24话,番剧
3878,哆啦A梦 新大雄的宇宙开拓史,9.3,1,海外,全1话,番剧
1570,怪盗JOKER 第二季,9.8,13,海外,全13话,番剧
2325,魔法骑士,9.5,49,海外,全49话,番剧
5028,SHOW BY ROCK!! Short!!,9.1,12,海外,全12话,番剧
38418,欧布奥特曼 原生之初（中配）,4.7,12,海外,全12话,番剧
24632,音乐少女,7.8,12,海外,全12话,番剧
47215,红辣椒,9.7,0,海外,2006年9月2日上映,番剧
3807,破刃之剑,8.3,12,海外,全12话,番剧
3870,蜡笔小新之布里布里王国的秘密宝藏,9.6,1,海外,全1话,番剧
4435,旋风管家 Cuties,9.5,12,海外,全12话,番剧
5521,Classica Loid,9.5,25,海外,全25话,番剧
2729,温泉幼精箱根酱,8.4,13,海外,全13话,番剧
123730,新猫和老鼠 第五季 中文配音,0.0,13,海外,全13话,番剧
29051,机动战士高达 THE ORIGIN VI：红色彗星的诞生,9.8,1,海外,全1话,番剧
68585,刀剑神域外传：暴风之铳 第二季,9.0,12,海外,全12话,番剧
26277,B-PROJECT～绝顶＊Emotion～,8.1,12,海外,全12话,番剧
34598,BT21 UNIVERSE动画 第二季,0.0,15,海外,全15话,番剧
6369,猎人 剧场版 最后的任务,5.8,1,海外,全1话,番剧
44154,天线宝宝：准备出发,0.0,10,海外,全10话,番剧
25806,宇宙战舰提拉米斯II,9.5,17,海外,全17话,番剧
28048,高校星歌剧 第三季,9.6,12,海外,全12话,番剧
1112,秀逗魔导士 第一季,9.8,26,海外,全26话,番剧
1568,攻壳机动队ARISE ALTERNATIVE ARCHITECTURE,8.7,10,海外,全10话,番剧
4060,笑对阴天,9.4,12,海外,全12话,番剧
5621,斩首循环 蓝色学者与戏言跟班,9.5,8,海外,全8话,番剧
212,头文字D Final Stage,9.7,4,海外,全4话,番剧
33077,BT21 UNIVERSE动画,9.8,9,海外,全9话,番剧
527,战姬绝唱SYMPHOGEAR G,9.7,13,海外,全13话,番剧
5966,偶像大师灰姑娘剧场,9.3,26,海外,全26话,番剧
44911,四月是你的谎言 粤配版,9.5,22,海外,全22话,番剧
1004,钢铁侠,3.3,12,海外,全12话,番剧
34417,光之战记－ZUERST－,9.4,12,海外,全12话,番剧
29307,A3!满开剧团,9.4,12,海外,全12话,番剧
2308,街头霸王2 V,9.3,29,海外,全29话,番剧
3871,蜡笔小新之云黑斋的野心,9.5,1,海外,全1话,番剧
39464,蓝色时期,9.6,12,海外,全12话,番剧
1300,彩云国物语 第二季,9.5,39,海外,全39话,番剧
1187,超时空要塞 Macross,9.6,36,海外,全36话,番剧
1836,武器种族传说,9.6,26,海外,全26话,番剧
3491,HELLO!! 黄金拼图,9.8,12,海外,全12话,番剧
612,闪电十一人 GO,9.3,47,海外,全47话,番剧
109018,我要招架一切 逆向误解的世界最强梦想成为冒险者,9.2,12,海外,全12话,番剧
6332,咕噜咕噜魔法阵 新系列,9.6,24,海外,全24话,番剧
222,未来卡 搭档对战,9.6,64,海外,全64话,番剧
2579,创圣的大天使LOGOS,7.5,26,海外,全26话,番剧
31861,BanG Dream! 梦想协奏曲 电影演唱会,9.8,1,海外,全1话,番剧
24619,梦王国与沉睡的100王子,7.8,12,海外,全12话,番剧
46151,托马斯和他的朋友们 第二十三季 中文配音,0.0,23,海外,全23话,番剧
1727,迷你偶像 2期,9.6,74,海外,全74话,番剧
109851,嗨！道奇 第五季（上） 中文配音,0.0,20,海外,全20话,番剧
32934,宝可梦 就决定是你了！,9.6,1,海外,全1话,番剧
6480,宝可梦 光环的超魔神胡帕,9.2,1,海外,全1话,番剧
1535,魔法少女奈叶,9.8,13,海外,全13话,番剧
27064,机动战士高达 THE ORIGIN I：苍瞳的卡斯巴尔,9.8,1,海外,全1话,番剧
5239,剧场版「High☆Speed! -Free! Starting Days-」,9.7,1,海外,全1话,番剧
2557,哆啦A梦 大雄与日本诞生,9.5,1,海外,全1话,番剧
33863,月歌。THE ANIMATION2,8.0,13,海外,全13话,番剧
2566,哆啦A梦 大雄的太阳王传说,9.5,1,海外,全1话,番剧
36285,2.43清阴高中男子排球社,8.6,12,海外,全12话,番剧
41032,泰迦奥特曼剧场版 新生代之巅,5.3,1,海外,全1话,番剧
163,罗德岛战记-英雄骑士传-,9.4,27,海外,全27话,番剧
3852,潜行吧！奈亚子W OVA,9.6,1,海外,全1话,番剧
45122,雷古洛思奥特曼（中配）,8.0,3,海外,全3话,番剧
3377,薄樱鬼 御伽草子,9.6,12,海外,全12话,番剧
2996,君吻Pure Rouge,8.3,25,海外,全25话,番剧
47831,睡衣小英雄 第五季,0.0,52,海外,全52话,番剧
644,AKB0048 第二季,9.7,13,海外,全13话,番剧
32935,宝可梦 我们的故事,9.4,1,海外,全1话,番剧
2204,超级酷乐猫,9.8,66,海外,全66话,番剧
25368,吉尔伽美什,8.2,26,海外,全26话,番剧
6473,宇宙战舰大和号2202 爱的战士,9.2,0,海外,,番剧
41030,奥特英雄传 赛罗与捷德,9.2,23,海外,全23话,番剧
26880,叛逆性百万亚瑟王 第二季,9.4,14,海外,全14话,番剧
6319,18if 梦境异闻录,8.6,13,海外,全13话,番剧
5456,剧场版 快要坏掉的八音盒,9.6,1,海外,全1话,番剧
3292,快要坏掉的八音盒,9.6,3,海外,全3话,番剧
28709,网球王子 BEST GAMES!!,0.0,3,海外,全3话,番剧
4341,旋风管家 CAN'T TAKE MY EYES OFF YOU,9.3,12,海外,全12话,番剧
983,刀语,9.6,12,海外,全12话,番剧
84,荷包蛋的蛋黄什么时候戳破才好？,9.2,4,海外,全4话,番剧
1066,DARKER THAN BLACK -黑之契约者- 外传,9.7,4,海外,全4话,番剧
47828,极速车魂,9.1,12,海外,全12话,番剧
31854,Q版！黑色四叶草,9.7,8,海外,全8话,番剧
33457,Free!-Road to the World-梦,9.7,1,海外,全1话,番剧
43815,英雄传说：闪之轨迹,8.3,12,海外,全12话,番剧
1410,心跳回忆 ONLY LOVE,9.4,25,海外,全25话,番剧
5250,纯情房东俏房客 Again,9.3,3,海外,全3话,番剧
2952,魔女的考验【中文】,9.5,51,海外,全51话,番剧
6398,BanG Dream! OVA,9.1,1,海外,全1话,番剧
33312,Re:Stage！Dream Days♪,9.8,12,海外,全12话,番剧
2319,鬼神童子ZENKI,9.6,51,海外,全51话,番剧
1340,逮捕令 第一季,9.7,51,海外,全51话,番剧
5385,猪猪秀 第三季,0.0,34,海外,全34话,番剧
41949,赛文加格斗（中配）,8.8,7,海外,全7话,番剧
34241,斩服少女 OAD,9.9,1,海外,全1话,番剧
2980,BLACK CAT,9.4,24,海外,全24话,番剧
1292,天元突破 红莲螺岩 剧场版,9.8,2,海外,全2话,番剧
122262,爱探险的朵拉 第一季 中文配音,0.0,25,海外,全25话,番剧
5034,龙收藏,9.4,51,海外,全51话,番剧
4124,普通女高中生要做当地偶像,9.7,12,海外,全12话,番剧
2597,东京教父,9.8,1,海外,全1话,番剧
103738,安迪的恐龙冒险 中文配音,9.9,20,海外,全20话,番剧
519,现视研 二代目,9.5,13,海外,全13话,番剧
2554,哆啦A梦 大雄与铁人兵团,9.6,1,海外,全1话,番剧
2549,哆啦A梦 大雄的恐龙,9.5,1,海外,全1话,番剧
45996,剧场版 假面骑士时王 超越时间,6.0,1,海外,全1话,番剧
25001,特别版 Free!-Take Your Marks-,9.7,1,海外,全1话,番剧
105864,海底小纵队 第十季,0.0,26,海外,全26话,番剧
1928,小魔女蒙娜,9.8,65,海外,全65话,番剧
99688,丁丁历险记 第一季,9.8,13,海外,全13话,番剧
2568,哆啦A梦 大雄的猫狗时空传,9.7,1,海外,全1话,番剧
1333,龙鸣,5.1,26,海外,全26话,番剧
48848,星球大战：幻境 第一季,9.1,9,海外,全9话,番剧
2593,洲崎西 THE ANIMATION,9.4,12,海外,全12话,番剧
3455,甘城光辉游乐园 SP 激动人心小剧场,9.7,7,海外,全7话,番剧
45177,新·奥特Q,9.7,12,海外,全12话,番剧
23775,网球王子 过去和未来的信息,9.2,4,海外,全4话,番剧
26460,怪物猎人物语 RIDE ON 第二季,9.3,27,海外,全27话,番剧
79667,无名记忆 第二季,9.2,12,海外,全12话,番剧
3484,心灵侦探八云,8.9,13,海外,全13话,番剧
3262,湾岸MIDNIGHT,9.7,26,海外,全26话,番剧
3803,史上最强弟子兼一 OVA,9.1,11,海外,全11话,番剧
45840,蓝精灵 中文配音,9.7,272,海外,全272话,番剧
106421,布鲁伊迷你剧 第一季,0.0,20,海外,全20话,番剧
2987,白色相簿 下半篇章,9.5,13,海外,全13话,番剧
46141,银河奥特曼（中配）,9.4,11,海外,全11话,番剧
46142,欧布奥特曼 英雄传,9.2,26,海外,全26话,番剧
5468,闪电十一人 第三季 日语,9.7,60,中国,全60话,番剧
1420,魔法老师涅吉! 第一季,9.0,26,海外,全26话,番剧
2857,邻座的怪同学 OAD,9.6,1,海外,全1话,番剧
2794,家有穆珂,9.5,25,海外,全25话,番剧
45989,美味派对 光之美少女,7.2,45,海外,全45话,番剧
36389,小不点社长,9.5,15,海外,全15话,番剧
47986,假面骑士圣刃（中配）,9.3,48,海外,全48话,番剧
3502,魔女的使命 OVA,9.3,1,海外,全1话,番剧
1394,备长炭,9.9,12,海外,全12话,番剧
5297,千年女优,9.8,1,海外,全1话,番剧
6384,火影忍者舞台剧 虹桥艺术中心采访篇,0.0,1,海外,全1话,番剧
39442,桃子男孩渡海而来 正序版,7.0,12,海外,全12话,番剧
38366,妖怪手表,9.1,97,海外,全97话,番剧
41952,捷德奥特曼剧场版 连接吧！心愿！！,7.1,1,海外,全1话,番剧
47518,数码宝贝02：最初的召唤,9.3,0,海外,2024年4月20日上映,番剧
33809,魔法律事务所 第二季,8.6,12,海外,全12话,番剧
33059,厨神小当家2（中配）,6.7,12,海外,全12话,番剧
4098,尸者的帝国,8.4,1,海外,全1话,番剧
2683,萝球社！SS,9.4,12,海外,全12话,番剧
43901,功夫熊猫 第三季,0.0,27,海外,全27话,番剧
4384,大怪兽RUSH,9.6,13,海外,全13话,番剧
1731,VIVIDRED OPERATION,9.3,12,海外,全12话,番剧
47312,小马宝莉：我的可爱标志,5.9,31,海外,全31话,番剧
26782,CANNON BUSTERS,7.0,12,海外,全12话,番剧
68586,青之驱魔师 雪之尽头篇,9.2,12,海外,全12话,番剧
45130,赛罗奥特曼剧场版 超决战！贝利亚银河帝国,9.8,1,海外,全1话,番剧
1983,真月谭月姬,8.1,12,海外,全12话,番剧
5486,星梦手记,7.2,12,海外,全12话,番剧
2567,哆啦A梦 大雄与风之使者,9.6,1,海外,全1话,番剧
148347,超常技能开启奇幻世界美食之旅 第二季（中配版）,9.3,12,海外,全12话,番剧
47744,剧场版 黑色四叶草 魔法帝之剑,9.8,1,海外,全1话,番剧
45829,男子游泳部：最后一击！后篇,9.6,0,海外,2022年4月22日上映,番剧
2480,阿尔卑斯山的少女,9.8,50,海外,全50话,番剧
28621,美妙射击部,9.4,12,海外,全12话,番剧
5758,宝可梦 超梦的逆袭,9.4,1,海外,全1话,番剧
1255,幻影少年,9.3,24,海外,全24话,番剧
1876,人鱼的旋律Pure,9.1,39,海外,全39话,番剧
47693,天线宝宝向前冲！ 中文配音,0.0,25,海外,全25话,番剧
1262,Stories of Last Letter,9.5,13,海外,全13话,番剧
920,玛莉亚†狂热,9.5,12,海外,全12话,番剧
3668,颠倒的帕特玛,9.7,1,海外,全1话,番剧
26295,兽娘动物园 2,2.2,12,海外,全12话,番剧
97527,小马宝莉 友谊魔法 第六季,9.6,26,海外,全26话,番剧
2547,小魔女学园,9.7,1,海外,全1话,番剧
26714,鲁邦三世：次元大介的墓标,9.7,1,海外,全1话,番剧
5158,侦探学园Q,9.5,45,海外,全45话,番剧
43151,前进吧！登山少女 第四季,9.8,12,海外,全12话,番剧
3584,浪客剑心 新京都篇,7.5,2,海外,全2话,番剧
827,足球骑士,8.8,37,海外,全37话,番剧
47239,假面骑士 平成世代 终章 创骑与艾克赛德联手传奇骑士,9.7,1,海外,全1话,番剧
47346,假面骑士零一（中配）,6.6,46,海外,全46话,番剧
36288,世界魔女出发！,9.4,12,海外,全12话,番剧
162,罗德岛战记,9.5,13,海外,全13话,番剧
43631, 天线宝宝无处不在 第一季 中文配音,0.0,13,海外,全13话,番剧
1674,竖笛与双肩书包 2♪,9.6,13,海外,全13话,番剧
5537,伯纳德小姐说。,9.3,12,海外,全12话,番剧
45986,希德尼娅的骑士：织爱之星,9.8,0,海外,2021年5月14日上映,番剧
2541,Punch Line,9.2,12,海外,全12话,番剧
3771,Candy☆Boy OVA,9.7,1,海外,全1话,番剧
1789,CANDY BOY,9.8,9,海外,全9话,番剧
41324,洛克人：全面充能 第一季 中文配音,6.8,52,海外,全52话,番剧
41387,高达创造者 战斗部落,7.1,6,海外,全6话,番剧
4446,Code Geass 反叛的鲁路修 娜娜莉梦游仙境,9.7,1,海外,全1话,番剧
46689,迪迦奥特曼・戴拿奥特曼&盖亚奥特曼 超时空大决战,9.8,1,海外,全1话,番剧
43165,机动战士高达：水星的魔女,0.0,0,海外,,番剧
3751,校园迷糊大王 三学期,9.6,2,海外,全2话,番剧
2079,翼神传说,9.1,26,海外,全26话,番剧
45998,假面骑士时王 下一刻 王权盖茨,8.2,1,海外,全1话,番剧
24745,灰与幻想的格林姆迦尔 OVA,9.8,1,海外,全1话,番剧
29043,机动战士高达 THE ORIGIN V：激战 鲁姆会战,9.7,1,海外,全1话,番剧
5941,Hello Kitty的天堂,9.6,30,海外,全30话,番剧
38378,明日之丈 第二季,9.8,47,海外,全47话,番剧
2552,哆啦A梦 大雄的海底鬼岩城,9.6,1,海外,全1话,番剧
23919,重神机潘多拉（中配）,7.1,26,海外,全26话,番剧
995,海月姬,9.3,11,海外,全11话,番剧
40873,川尻小玉的懒散生活,9.1,24,海外,全24话,番剧
97525,小马宝莉 友谊魔法 第七季,9.3,26,海外,全26话,番剧
3673,阿茹茉妮,9.6,1,海外,全1话,番剧
36388,剧场版 BEM BECOME HUMAN,9.0,1,海外,全1话,番剧
38339,地球先锋队（中配版）,7.7,51,海外,全51话,番剧
947,LEVEL E,9.7,13,海外,全13话,番剧
45057,致深爱你的那个我,8.7,0,海外,2022年10月7日上映,番剧
47255,马达加斯加企鹅 第一季,9.9,26,海外,全26话,番剧
39607,春 ,8.6,0,海外,2013年6月8日上映,番剧
4319,魔法少女☆伊莉雅 2wei Herz! SP,9.3,5,海外,全5话,番剧
47741,变形金刚：赛博坦传奇 第三季 中文配音,0.0,26,海外,全26话,番剧
695,创圣的大天使,8.8,26,海外,全26话,番剧
4342,超速变形螺旋杰特,9.1,51,海外,全51话,番剧
132124,蝙蝠交通工具 第一季 中文配音,0.0,40,海外,全40话,番剧
6070,变形少女,9.2,5,海外,全5话,番剧
1118,源氏物语千年纪 Genji,9.2,11,海外,全11话,番剧
1557,吸血鬼福尔摩斯,8.0,12,海外,全12话,番剧
102079,禁止出入的鼹鼠,9.8,12,海外,全12话,番剧
2954,拽妹黛薇儿 第二季,9.8,13,海外,全13话,番剧
5412,浪客剑心 （中配）,8.4,94,海外,全94话,番剧
88051,假面骑士艾克赛德（中配）,9.1,45,海外,全45话,番剧
112820,扭曲仙境,9.4,8,海外,全8话,番剧
3543,青之驱魔师 剧场版,9.2,1,海外,全1话,番剧
76142,咱们裸熊 第一季 中文配音,0.0,26,海外,全26话,番剧
3443,黑子的篮球 第2期 OVA,9.4,1,海外,全1话,番剧
41533,舞动不止,8.9,11,海外,全11话,番剧
76143,咱们裸熊 第一季,9.8,26,海外,全26话,番剧
2656,绝对防卫利维坦,9.0,13,海外,全13话,番剧
47341,小猪佩奇 迷你剧 第一季,0.0,10,海外,全10话,番剧
91814,战队大失格 第二季,8.1,12,海外,全12话,番剧
48343,米奇妙妙世界 第一季 中文配音,0.0,20,海外,全20话,番剧
39575,本田小狼与我,9.3,12,海外,全12话,番剧
48725,米奇欢乐屋：快乐成长记 中文配音,0.0,26,海外,全26话,番剧
124862,鲨鱼宝宝：欢乐海洋秀 第1季 中文配音,0.0,26,海外,全26话,番剧
2617,黑白小姐 第二季,9.0,13,海外,全13话,番剧
48643,小羊肖恩 第一季,9.9,40,海外,全40话,番剧
25345,高达创战者 ​GM的逆袭,9.6,1,海外,全1话,番剧
4922,怪医黑杰克21,9.7,17,海外,全17话,番剧
1651,网球优等生,9.6,25,海外,全25话,番剧
4403,Fantasista Doll,7.3,12,海外,全12话,番剧
1332,出租魔法使,8.9,24,海外,全24话,番剧
48837,变形金刚：赛博坦之战/决战塞伯坦 中文配音,0.0,18,海外,全18话,番剧
2733,不思议美眉,9.3,12,海外,全12话,番剧
33045,甜梦猫,9.6,48,海外,全48话,番剧
42033,走开独角兽 中文配音,0.0,52,海外,全52话,番剧
42994,理科生坠入情网，故尝试证明。 第二季 中配版,7.9,12,海外,全12话,番剧
1422,调酒师,9.7,11,海外,全11话,番剧
39790,Q版猫和老鼠 第二季,9.5,13,海外,全13话,番剧
36284,魔术士欧菲流浪之旅 基姆拉克篇,7.0,11,海外,全11话,番剧
1466,学园天堂,9.4,13,海外,全13话,番剧
1657,宇宙兄弟,9.8,99,海外,全99话,番剧
4762,Ragnastrike Angels,8.6,12,海外,全12话,番剧
38243,烧窑的话也要马克杯,9.0,12,海外,全12话,番剧
102146,弹速狂飙,7.9,12,海外,全12话,番剧
5991,青春歌舞伎,9.0,12,海外,全12话,番剧
45812,我是格鲁特,9.6,5,海外,全5话,番剧
2358,蓝宝石之谜,9.6,39,海外,全39话,番剧
24702,请问您今天要来点兔子吗？？～Dear My Sister～,9.8,1,海外,全1话,番剧
5051,星之梦～星之人～,9.8,1,海外,全1话,番剧
1182,悠久之翼2,9.7,12,海外,全12话,番剧
476,武士弗拉明戈,9.3,22,海外,全22话,番剧
96742,樱桃小丸子 第四季 上（中配）,0.0,52,海外,全52话,番剧
45175,银河奥特曼剧场版SP 怪兽争夺战,9.2,1,海外,全1话,番剧
2563,哆啦A梦 大雄的创世日记,9.6,1,海外,全1话,番剧
1882,遥远时空中 八叶抄,9.0,26,海外,全26话,番剧
2610,枕男子,9.1,12,海外,全12话,番剧
48684,辰星降临之国的妮娜,8.1,12,海外,全12话,番剧
33169,橘色奇迹,8.8,13,海外,全13话,番剧
43147,我家师傅没有尾巴,9.5,13,海外,全13话,番剧
43630,天线宝宝无处不在 第一季,0.0,13,海外,全13话,番剧
1867,苍穹之法芙娜,9.6,26,海外,全26话,番剧
47543,女神异闻录4：黄金版,9.8,12,海外,全12话,番剧
39372,鼠来宝(第三季）,0.0,52,海外,全52话,番剧
2854,翼·年代记 东京默示录,9.7,3,海外,全3话,番剧
2913,狼雨,9.4,30,海外,全30话,番剧
45058,致我深爱的每个你,9.3,0,海外,2022年10月7日上映,番剧
46148,奥特怪兽拟人化计划 怪兽娘 第二季,9.1,12,海外,全12话,番剧
44529,欧布奥特曼剧场版 赐予我羁绊之力吧！（中配）,7.0,1,海外,全1话,番剧
46153,托马斯和他的朋友们 第二十四季 中文配音,0.0,20,海外,全20话,番剧
3374,魍魉之匣,9.6,14,海外,全14话,番剧
98687,少年骇客 第一季,9.7,13,海外,全13话,番剧
495,限制级杀手,9.3,10,海外,全10话,番剧
26008,闪电十一人GO2 时空之石,9.5,51,海外,全51话,番剧
5539,灼热乒乓妹,9.3,12,海外,全12话,番剧
81007,青之驱魔师 终夜篇,9.6,12,海外,全12话,番剧
2031,铁胆火车侠 第一季,9.5,51,海外,全51话,番剧
28938,吹响吧！上低音号～欢迎来到北宇治高中吹奏乐部～,9.8,1,海外,全1话,番剧
41953,捷德奥特曼剧场版 连接吧！心愿！！（中配）,7.5,1,海外,全1话,番剧
817,暴力宇宙海贼,9.6,26,海外,全26话,番剧
106413,风都侦探,9.5,12,海外,全12话,番剧
33032,ARGONAVIS from BanG Dream! 梦想协奏曲,9.4,13,海外,全13话,番剧
46147,奥特银河传说 外传 赛罗奥特曼VS黑暗洛普斯赛罗：STAGE 2 赛罗的决死之战,9.4,1,海外,全1话,番剧
112243,胆大党 第二季 中配版,9.4,12,海外,全12话,番剧
5049,时间旅行少女,8.7,12,海外,全12话,番剧
41948,赛文加格斗,9.5,7,海外,全7话,番剧
1449,我的女神 缤纷之翼,9.7,24,海外,全24话,番剧
321,世嘉硬件女孩,9.4,13,海外,全13话,番剧
5769,锁链战记 赫克瑟塔斯之光,7.2,3,海外,全3话,番剧
6008,梦王国与沉睡的100王子 短篇动画,8.6,10,海外,全10话,番剧
6454,Classica Loid 第二季,8.5,25,海外,全25话,番剧
2160,X战警：进化,8.8,13,海外,全13话,番剧
2565,哆啦A梦 大雄的南海大冒险,9.5,1,海外,全1话,番剧
41207,降世神通 第三季 中文配音,0.0,21,海外,全21话,番剧
41959,小怪兽成长日记 蹒跚学步（中配）,0.0,26,海外,全26话,番剧
5044,美男高校地球防卫部LOVE！LOVE！,9.1,12,海外,全12话,番剧
5518,骑行少女,9.5,12,海外,全12话,番剧
1001,超级机器人大战OG -DIVINE WARS- 第一季,9.5,25,海外,全25话,番剧
2872,Peeping Life,5.6,12,海外,全12话,番剧
41950,罗布奥特曼剧场版 决定了！羁绊的水晶,9.7,1,海外,全1话,番剧
1295,地球防卫少年,9.0,24,海外,全24话,番剧
6522,DRIVE HEAD 机动救急警察,9.2,37,海外,全37话,番剧
47257,马达加斯加企鹅 第二季,9.8,39,海外,全39话,番剧
46143,欧布奥特曼 英雄传（中配）,8.8,26,海外,全26话,番剧
1520,美男高校地球防卫部LOVE！,9.3,12,海外,全12话,番剧
85921,小猪佩奇迷你剧 第二季,0.0,20,海外,全20话,番剧
41203,降世神通 第一季 中文配音,9.8,20,海外,全20话,番剧
1133,天国少女,9.6,39,海外,全39话,番剧
1805,太空堡垒 第一季,9.6,36,海外,全36话,番剧
439,问题儿童都来自异世界？,9.2,10,海外,全10话,番剧
2008,瓶诘妖精,9.6,13,海外,全13话,番剧
1673,竖笛与双肩书包,9.6,13,海外,全13话,番剧
68582,浪客剑心 -明治剑客浪漫谭- 京都动乱（新作）,9.7,23,海外,全23话,番剧
3797,未确认进行式 OAD,9.6,1,海外,全1话,番剧
3507,未确认进行式 OVA,9.6,1,海外,全1话,番剧
3260,绝对少年,9.1,26,海外,全26话,番剧
1675,竖笛与双肩书包 3☆,9.1,12,海外,全12话,番剧
45309,德凯奥特曼最终章 前往旅途的彼岸,3.5,1,海外,全1话,番剧
1016,王牌投手 振臂高挥～夏日大会篇～,9.8,14,海外,全14话,番剧
2073,闪灵二人组,9.7,49,海外,全49话,番剧
696,创圣的大天使EVOL,9.0,26,海外,全26话,番剧
47668,假面骑士 令和第一世代,9.4,1,海外,全1话,番剧
26433,网球王子 那时的我们,9.1,4,海外,全4话,番剧
24833,闪电十一人 第一季 日语,9.8,26,中国,全26话,番剧
48785,海绵宝宝：营救大冒险,7.1,0,海外,2020年8月14日上映,番剧
1002,超级机器人大战OG -DIVINE WARS- 第二季,9.4,26,海外,全26话,番剧
879,猎人 剧场版 绯色的幻影,6.3,1,海外,全1话,番剧
48834,变形金刚：赛博坦之战/决战塞伯坦,5.8,18,海外,全18话,番剧
28950,吹响吧！上低音号～想要传达的旋律～,9.8,1,海外,全1话,番剧
47064,队长小翼 世少篇,9.4,39,海外,全39话,番剧
2392,天空战记,9.6,38,海外,全38话,番剧
594,穿透幻影的太阳,9.2,14,海外,全14话,番剧
40241,东京24区,7.4,12,海外,全12话,番剧
45981,鲁邦三世VS猫眼三姐妹,0.0,0,海外,2023年1月27日上映,番剧
1908,七武士,8.9,26,海外,全26话,番剧
102140,歌声是千层派,8.9,10,海外,全10话,番剧
25451,高达创战者 TRY 岛上热战,9.2,1,海外,全1话,番剧
91787,记忆缝线,7.2,13,海外,全13话,番剧
41962,忍者龟 第一季,9.8,26,海外,全26话,番剧
2550,哆啦A梦 大雄的宇宙开拓史,9.4,1,海外,全1话,番剧
107775,Yakka Dee 开口说英语 第三季,0.0,20,海外,全20话,番剧
44648,辣糖甜心（中文配音）,0.0,16,海外,全16话,番剧
2324,橘子酱男孩,8.2,76,海外,全76话,番剧
1221,武装机甲,8.6,26,海外,全26话,番剧
3341,青之文学,9.4,12,海外,全12话,番剧
91516,无限滑板 特别篇,9.9,1,海外,全1话,番剧
91811,战队大失格,8.1,12,海外,全12话,番剧
921,玛莉亚†狂热 第二季,9.6,12,海外,全12话,番剧
3964,人鱼之森 OVA,0.0,1,海外,全1话,番剧
1965,人鱼之森,9.3,13,海外,全13话,番剧
1093,明日的与一,6.3,12,海外,全12话,番剧
80059,宝贝老板: 宝宝归来 第一季,0.0,26,海外,全26话,番剧
3236,矶部矶兵卫物语,9.2,34,海外,全34话,番剧
2112,新白雪姬传说,9.2,13,海外,全13话,番剧
3525,FORTUNE ARTERIAL -赤之约束- OAD,9.5,1,海外,全1话,番剧
2866,圣诞之吻SS+ SP,9.8,8,海外,全8话,番剧
2873,变形金刚大电影,9.7,2,海外,全2话,番剧
45178,奥特格斗 维克特利,9.2,1,海外,全1话,番剧
26775,八月的棒球甜心,9.1,12,海外,全12话,番剧
81534,花园宝宝ZinkyZonk 特别篇,0.0,6,海外,全6话,番剧
3579,浪客剑心 星霜篇,7.6,2,海外,全2话,番剧
5402,当女孩遇到熊,6.8,12,海外,全12话,番剧
158440,小猪佩奇之美食总动员 中文配音,0.0,8,海外,全8话,番剧
44741,光之诅咒者,8.8,1,海外,全1话,番剧
45950,乐高悟空小侠之英雄出世,9.8,1,海外,全1话,番剧
47740,变形金刚：赛博坦传奇 第三季,0.0,26,海外,全26话,番剧
3798,滑头鬼之孙 ～奴良组事始～,9.6,1,海外,全1话,番剧
5467,闪电十一人 第二季 日语,9.7,41,中国,全41话,番剧
3015,拽妹黛薇儿 剧场版,9.7,2,海外,全2话,番剧
4118,信长协奏曲,9.7,10,海外,全10话,番剧
42653,犬夜叉剧场版 镜中的梦幻城,9.8,1,海外,全1话,番剧
1605,灼眼的夏娜S,9.6,4,海外,全4话,番剧
34088,最终休止符～无止境的螺旋物语～,9.1,12,海外,全12话,番剧
3574,莉露莉露妖精莉露～妖精之门～,9.5,59,海外,全59话,番剧
4544,给桃子的信,9.5,1,海外,全1话,番剧
2776,双面骑士,9.6,24,海外,全24话,番剧
5569,超级马力欧兄弟 拯救桃子公主大作战！,8.3,1,海外,全1话,番剧
47238,假面骑士 平成世代 吃豆人博士对战艾克赛德与灵骑以及传奇骑士,9.5,1,海外,全1话,番剧
112823,希维司：英雄之声,7.9,12,海外,更新至第12话,番剧
2564,哆啦A梦 大雄与银河超特急,9.6,1,海外,全1话,番剧
25951,剧场版「 - Alice in the Garden -」,9.0,1,海外,全1话,番剧
3360,道子与哈金,9.5,22,海外,全22话,番剧
520,科学小飞侠Crowds,9.6,12,海外,全12话,番剧
3003,消防员山姆,9.6,136,海外,全136话,番剧
780,坂道上的阿波罗,9.6,12,海外,全12话,番剧
30288,请问您今天要来点兔子吗？？～Sing for You～,9.8,1,海外,全1话,番剧
41031,奥特英雄传 赛罗与捷德（中配）,8.5,23,海外,全23话,番剧
38246,新干线变形机器人 辛卡利欧Z / 进化利恩 极,7.9,41,海外,全41话,番剧
3235,SUSHI POLICE,6.9,13,海外,全13话,番剧
5037,红伤骑士X,6.5,12,海外,全12话,番剧
4422,AURA ～魔龙院光牙最后的战斗～,9.7,1,海外,全1话,番剧
36289,剧偶像,8.3,12,海外,全12话,番剧
791,交响诗篇 AO,7.8,24,海外,全24话,番剧
26268,琴之森 第二季,9.1,12,海外,全12话,番剧
40272,室内足球少年!!!!!,4.4,12,海外,全12话,番剧
517,现视研1,9.7,12,海外,全12话,番剧
68611,默示录的四骑士,9.0,24,海外,全24话,番剧
43916,天线宝宝无处不在 第二季 中文配音,0.0,13,海外,全13话,番剧
89735,孤独摇滚（上）,0.0,0,海外,2025年4月25日上映,番剧
3346,虫之歌,9.1,12,海外,全12话,番剧
1383,我们的存在,9.4,26,海外,全26话,番剧
41205,降世神通 第二季 中文配音,0.0,20,海外,全20话,番剧
3867,哆啦A梦 大雄的魔界大冒险,9.6,1,海外,全1话,番剧
41322,小恐龙可可奈 第二季,0.0,52,海外,全52话,番剧
1925,爱情泡泡糖,9.0,13,海外,全13话,番剧
3258,四叠半神话大系,9.8,12,海外,全12话,番剧
3266,机械女神R,0.0,3,海外,全3话,番剧
3265,机械女神J again,0.0,6,海外,全6话,番剧
3264,机械女神J to X,0.0,26,海外,全26话,番剧
3263,机械女神J,0.0,25,海外,全25话,番剧
28034,机动战士高达 THE ORIGIN IV：命运的前夜,9.7,1,海外,全1话,番剧
1666,BLACK★ROCK SHOOTER OVA,9.5,1,海外,全1话,番剧
2955,拽妹黛薇儿 第三季,9.7,13,海外,全13话,番剧
41134,四色战记 / RWBY 第二季,9.8,12,海外,全12话,番剧
6058,新机动战记高达W 无尽的华尔兹,9.3,3,海外,全3话,番剧
41510,攻壳机动队 2045 第二季,9.2,12,海外,全12话,番剧
1765,机巧魔神,8.9,13,海外,全13话,番剧
108224,猫和老鼠在纽约 第一季 中文配音,0.0,7,海外,全7话,番剧
40754,干物妹！小埋R 粤配版,9.3,12,海外,全12话,番剧
41033,泰迦奥特曼剧场版 新生代之巅（中配）,7.1,1,海外,全1话,番剧
1097,空罐少女,9.2,12,海外,全12话,番剧
44006,太空家族 中文配音,0.0,26,海外,全26话,番剧
48026,托马斯和他的朋友们 第十九季 中文配音,0.0,26,海外,全26话,番剧
190,爱丝卡与罗吉的工作室 黄昏之空的炼金术士,9.2,12,海外,全12话,番剧
1041,交响情人梦Finale,9.8,11,海外,全11话,番剧
2152,梦幻妖子,8.7,24,海外,全24话,番剧
2553,哆啦A梦 大雄的宇宙小战争,9.6,1,海外,全1话,番剧
5746,宝可梦 阿尔宙斯 超克的时空,8.9,1,海外,全1话,番剧
48812,默示录的四骑士 第二季,9.2,12,海外,全12话,番剧
113297,高达创战者（中配）,9.6,25,海外,全25话,番剧
45273,ULTRAMAN 机动奥特曼 终章（中配）,7.5,12,海外,全12话,番剧
29367,魔术士欧菲流浪之旅,6.5,14,海外,全14话,番剧
4232,弁魔士塞西尔,7.8,12,海外,全12话,番剧
3482,魔弹之王与战姬 SP 堤格尔君与战姬亲,9.0,14,海外,全14话,番剧
42034,小羊驼拉玛 中文配音,0.0,50,海外,全50话,番剧
43898,功夫熊猫 第二季,9.7,23,海外,全23话,番剧
5757,宝可梦 幻之宝可梦 洛奇亚爆诞,9.4,1,海外,全1话,番剧
1213,混沌之脑,7.5,12,海外,全12话,番剧
45180,高斯奥特曼VS杰斯提斯奥特曼 最终决战,9.8,1,海外,全1话,番剧
46693,奥特怪兽拟人化计划 怪兽娘,9.5,12,海外,全12话,番剧
109360,奥特银河 大怪兽之战 无尽的圣战,9.9,13,海外,全13话,番剧
1091,加奈日记,9.7,13,海外,全13话,番剧
3046,莎拉公主,9.7,46,海外,全46话,番剧
110471,猫和老鼠在纽约 第二季 中文配音,0.0,6,海外,全6话,番剧
111323,乐一通秀场 第一季 中文配音,0.0,26,海外,全26话,番剧
4949,灼眼的夏娜炭,9.5,15,海外,全15话,番剧
107627,PLUTO 冥王,9.6,8,海外,全8话,番剧
3875,哆啦A梦 大雄与绿之巨人传,9.0,1,海外,全1话,番剧
45815,企鹅家族 第二季,9.9,26,海外,全26话,番剧
2678,轮回的拉格朗日,8.6,12,海外,全12话,番剧
41958,小怪兽成长日记 蹒跚学步,0.0,26,海外,全26话,番剧
23857,忍者少女千鸟～姐川·石山篇～,9.6,26,海外,全26话,番剧
1489,大家集合！Falcom学园,9.3,13,海外,全13话,番剧
4653,超级街头霸王4,0.0,1,海外,全1话,番剧
6424,偶像大师灰姑娘剧场 第二季,9.3,13,海外,全13话,番剧
1996,星空清理者,9.6,26,海外,全26话,番剧
1794,忏・再见绝望先生,9.7,13,海外,全13话,番剧
2012,天使怪盗,9.4,26,海外,全26话,番剧
39288,星之梦～雪圈球～,9.9,1,海外,全1话,番剧
4049,橙路 ~接着，那个夏天开始~,9.4,1,海外,全1话,番剧
2505,橙路 再回到往日,0.0,1,海外,全1话,番剧
2504,橙路 OVA,0.0,8,海外,全8话,番剧
2418,橙路,9.5,48,海外,全48话,番剧
27808,机动战士高达 THE ORIGIN III：破晓起义,9.6,1,海外,全1话,番剧
2562,哆啦A梦 大雄与梦幻三剑士,9.7,1,海外,全1话,番剧
39382,鼠来宝 英文版(第一季）,0.0,49,海外,全49话,番剧
1994,铳墓,9.5,26,海外,全26话,番剧
4642,祝福的钟声,8.7,12,海外,全12话,番剧
48767,托马斯和他的朋友们 第二十六季（下）（中文配音）,0.0,26,海外,全26话,番剧
2558,哆啦A梦 大雄与动物行星,9.5,1,海外,全1话,番剧
102162,神椿市建设中。,3.8,13,海外,全13话,番剧
44142,再见了，夏日冒险,9.6,0,海外,2022年2月18日上映,番剧
39448,狂热深渊-迷失的孩子,5.6,12,海外,全12话,番剧
1937,双恋,8.7,13,海外,全13话,番剧
42229,四色战记 冰雪帝国,7.4,12,海外,全12话,番剧
3129,简单易懂的现代魔法,8.6,13,海外,全13话,番剧
645,我的妹妹是大阪大妈,8.8,13,海外,全13话,番剧
3075,GJ部@,9.8,1,海外,全1话,番剧
3444,黑子的篮球 第3期 OVA,9.8,1,海外,全1话,番剧
75429,飞天小女警 第四季 中文配音,0.0,20,海外,全20话,番剧
5090,恋恋七人组,0.0,13,海外,全13话,番剧
657,初音岛 S.S.,9.1,26,海外,全26话,番剧
23855,雷顿神秘侦探社～卡特莉的解谜事件簿～,9.7,50,海外,全50话,番剧
3938,鲁邦三世：Master File,9.4,1,海外,全1话,番剧
23875,SWORD GAI 装刀凯 The Animation,5.0,12,海外,全12话,番剧
209,头文字D Third Stage,9.6,1,海外,全1话,番剧
2855,翼·年代记 春雷记,9.7,2,海外,全2话,番剧
5097,捉迷藏,8.8,1,海外,全1话,番剧
46211,惊喜娃娃剧场版1 中文配音,0.0,1,海外,全1话,番剧
2493,少女革命 思春期默示录,9.7,1,海外,全1话,番剧
23867,温泉屋小女管家,9.2,24,海外,全24话,番剧
5566,星梦手记 声优节目,0.0,12,海外,全12话,番剧
1155,战斗司书,9.1,27,海外,全27话,番剧
124861,鲨鱼宝宝：欢乐海洋秀 第1季,0.0,26,海外,全26话,番剧
44950,狮子王辛巴 中文配音,0.0,52,海外,全52话,番剧
1271,精灵守护者,9.8,26,海外,全26话,番剧
2560,哆啦A梦 大雄与云之王国,9.5,1,海外,全1话,番剧
1890,岩窟王,8.9,24,海外,全24话,番剧
45794,数码宝贝 幽灵游戏,9.1,18,海外,全18话,番剧
472,夜樱四重奏,7.0,12,海外,全12话,番剧
88667,亚刻奥特曼 大电影 超次元大决战！ 光与暗的亚刻,7.2,1,海外,全1话,番剧
130009,趣趣知知鸟 第2季 中文配音,0.0,15,海外,全15话,番剧
5574,光晕：传奇,9.6,8,海外,全8话,番剧
1924,BECK,9.7,26,海外,全26话,番剧
3993,银河英雄传说 新战争的序曲,9.5,1,海外,全1话,番剧
3992,银河英雄传说 黄金之翼,9.2,1,海外,全1话,番剧
3284,银河英雄传说 我的征途是星辰大海,9.6,1,海外,全1话,番剧
44532,梦比优斯奥特曼外传 复活的恶灵,9.5,2,海外,全2话,番剧
38137,机器人笔记,8.9,22,海外,全22话,番剧
41509,歌愈少女,9.6,12,海外,全12话,番剧
112617,娑婆气,8.4,13,海外,全13话,番剧
2559,哆啦A梦 大雄的天方夜谭,9.6,1,海外,全1话,番剧
1847,增血鬼果林,9.1,24,海外,全24话,番剧
2791,黑白小姐 第三季,9.1,13,海外,全13话,番剧
2290,樱花大战 TV版,9.4,25,海外,全25话,番剧
4828,草莓棉花糖 OVA 第1期,9.8,3,海外,全3话,番剧
4737,草莓棉花糖 encore,9.8,2,海外,全2话,番剧
26619,剧场版 王室教师海涅,9.6,1,海外,全1话,番剧
2561,哆啦A梦 大雄和白金迷宫,9.6,1,海外,全1话,番剧
992,女仆咖啡厅,9.7,12,海外,全12话,番剧
6075,结城友奈是勇者 -鹫尾须美之章-,9.7,3,海外,全3话,番剧
2551,哆啦A梦 大雄的大魔境,9.5,1,海外,全1话,番剧
18,网球并不可笑嘛 第二季,9.2,12,海外,全12话,番剧
25851,爱玩怪兽,7.2,50,海外,全50话,番剧
158262,小猪佩奇之逆商成长记 中文配音,0.0,20,海外,全20话,番剧
4984,拳皇的另一天,9.6,4,海外,全4话,番剧
1922,舞-HIME,9.4,26,海外,全26话,番剧
21749,打工小哥,9.5,13,海外,全13话,番剧
2958,蜜桃女孩,6.8,25,海外,全25话,番剧
26229,网球王子剧场版：英国式庭球城决战,9.0,1,海外,全1话,番剧
3433,异国迷宫的十字路口,9.6,12,海外,全12话,番剧
1166,轻声密语,9.7,13,海外,全13话,番剧
148251,搞怪兄弟弗拉德与尼基 第二季,0.0,50,海外,全50话,番剧
45804,嗨！道奇 第一季,0.0,51,海外,全51话,番剧
1938,双恋 Alternative,9.7,13,海外,全13话,番剧
2674,东之伊甸,9.1,11,海外,全11话,番剧
43166,四叠半时光机布鲁斯,9.8,5,海外,全5话,番剧
6344,梦之祭！R,9.1,12,海外,全12话,番剧
17,网球并不可笑嘛 第一季,9.4,12,海外,全12话,番剧
3405,萌菌物语,9.5,11,海外,全11话,番剧
91807,机动战士高达：跨时之战,0.0,0,海外,2025年4月4日上映,番剧
1978,成惠的世界,9.1,12,海外,全12话,番剧
3487,加速世界 OVA1 银翼的觉醒,8.8,1,海外,全1话,番剧
106205,海底小纵队 第七季,0.0,26,海外,全26话,番剧
45512,夏目友人帐 唤石者与怪异的访客（中配）,8.6,1,海外,全1话,番剧
3414,废弃公主,9.2,24,海外,全24话,番剧
1113,秀逗魔导士 第二季,9.7,26,海外,全26话,番剧
1957,灌篮少年,9.1,26,海外,全26话,番剧
2615,乌瑟的穷困生活 梦幻篇,9.4,13,海外,全13话,番剧
4472,永远之久远,8.4,6,海外,全6话,番剧
96745,樱桃小丸子 第四季 下（中配）,0.0,73,海外,全73话,番剧
42910,酷爱电影的庞波小姐,9.8,1,海外,全1话,番剧
103877,憨豆先生动画版 第四季 中文配音,0.0,52,海外,全52话,番剧
44647,辣糖甜心,9.5,16,海外,全16话,番剧
5040,魔法少女？Naria☆Girls,6.6,12,海外,全12话,番剧
742,绯色的欠片 第一季,7.5,13,海外,全13话,番剧
3865,哆啦A梦 大雄和长翅膀的勇士们,9.3,1,海外,全1话,番剧
1652,网球优等生 第二期,9.6,25,海外,全25话,番剧
3488,加速世界 OVA2 加速的顶点,8.8,1,海外,全1话,番剧
5323,魔法战士李维,9.6,24,海外,全24话,番剧
45738,键等学园/键等 第二季,9.8,12,海外,全12话,番剧
107766,Yakka Dee 开口说英语 第一季 中文配音,0.0,20,海外,全20话,番剧
38375,HUMAN LOST 人间失格,6.1,1,海外,全1话,番剧
744,超速变形GYRO ZETTER,9.4,51,海外,全51话,番剧
106968,欢迎来到日本，妖精小姐。,9.4,12,海外,全12话,番剧
47690,嗨！道奇 第四季（下）,0.0,20,海外,全20话,番剧
2486,海螺小姐,9.4,6674,海外,全6674话,番剧
4790,爆丸 粤语版,9.5,52,海外,全52话,番剧
46694,天线宝宝：梦想再出发,0.0,26,海外,全26话,番剧
2458,凡尔赛玫瑰,9.7,40,海外,全40话,番剧
6431,偶像大师 SideM,9.4,13,海外,全13话,番剧
27795,机动战士高达 THE ORIGIN II：悲哀的阿尔黛西亚,9.7,1,海外,全1话,番剧
41951,罗布奥特曼剧场版 决定了！羁绊的水晶（中配）,8.7,1,海外,全1话,番剧
1473,机神咆吼,8.6,12,海外,全12话,番剧
5755,宝可梦 水都的守护神 拉帝亚斯与拉帝欧斯,9.7,1,海外,全1话,番剧
45322,芭比公主历险记 中文配音,0.0,1,海外,全1话,番剧
6538,群居姐妹 OVA,9.7,1,海外,全1话,番剧
128627,螺丝钉 第三季,0.0,52,海外,全52话,番剧
2496,城市猎人 剧场版,9.7,5,海外,全5话,番剧
2311,十二生肖守护神,9.6,39,海外,全39话,番剧
4738,铁腕巴迪 DECODE 第二季,9.2,12,海外,全12话,番剧
1127,战场上的女武神,8.6,26,海外,全26话,番剧
1314,悲惨世界 少女珂赛特,9.8,52,海外,全52话,番剧
33168,城市猎人91,9.7,13,海外,全13话,番剧
109321,奥特银河 大怪兽之战,9.9,13,海外,全13话,番剧
2956,拽妹黛薇儿 第四季,9.6,13,海外,全13话,番剧
103895,活死喵之夜,9.0,12,海外,全12话,番剧
5527,战国鸟兽戏画 ~甲~,9.3,13,海外,全13话,番剧
169,金色琴弦 Blue♪Sky,6.7,12,海外,全12话,番剧
103893,转生大作战,9.2,0,海外,2023年12月8日上映,番剧
5137,蒸汽男孩,9.4,1,海外,全1话,番剧
1490,大家集合！Falcom学园 第二季,9.4,12,海外,全12话,番剧
1850,天使心,9.7,50,海外,全50话,番剧
6298,拽妹黛薇儿 第五季,9.8,13,海外,全13话,番剧
6158,NEW GAME! OVA,9.6,1,海外,全1话,番剧
24181,刀使巫女（中配）,8.2,24,海外,全24话,番剧
2820,阳光中的青时雨,9.7,4,海外,全4话,番剧
1724,变形金刚 领袖之证 第二季（美版）,9.3,8,海外,全8话,番剧
2804,被狙击的学园,8.5,1,海外,全1话,番剧
2315,近所物语,9.5,50,海外,全50话,番剧
4107,皮卡丘，这是什么的钥匙？,9.6,1,海外,全1话,番剧
1787,逆转公主,8.9,6,海外,全6话,番剧
45131,赛罗奥特曼剧场版 超决战！贝利亚银河帝国（中配）,9.7,1,海外,全1话,番剧
524,蔷薇少女 序曲,9.6,2,海外,全2话,番剧
68557,大怪兽之战 奥特银河传说 THE MOVIE,9.5,1,海外,全1话,番剧
3866,哆啦A梦 大雄与机器人王国,9.4,1,海外,全1话,番剧
763,薄樱鬼 黎明录,9.0,12,海外,全12话,番剧
5804,MARGINAL#4 从KISS开始创造Big Bang,9.5,12,海外,全12话,番剧
28960,剧场版 阿松,9.8,1,海外,全1话,番剧
1971,拜托了！双子星,9.5,13,海外,全13话,番剧
3099,幸运逻辑,6.6,12,海外,全12话,番剧
75426,飞天小女警 第三季,0.0,26,海外,全26话,番剧
6389,宝可梦 破坏之茧与蒂安希,9.0,1,海外,全1话,番剧
46732,特别篇 吹响吧！上低音号～合奏比赛～,9.8,1,海外,全1话,番剧
5744,宝可梦 神速的盖诺赛克特 超梦觉醒,8.7,1,海外,全1话,番剧
1126,魔神Z 真魔神 冲击！Z篇,9.7,26,海外,全26话,番剧
38244,灼热卡巴迪,9.6,12,海外,全12话,番剧
24416,未来卡 神搭档对战,9.3,47,海外,全47话,番剧
158250,小猪佩奇之幼儿园生活 中文配音,0.0,20,海外,全20话,番剧
3903,哆啦A梦 大雄的宇宙漂流记,9.6,1,海外,全1话,番剧
3248,江户盗贼团五叶,9.7,12,海外,全12话,番剧
42198,足球风云 通往未来的一球,5.1,13,海外,全13话,番剧
106843,赛车总动员之公路旅行 中文配音,0.0,9,海外,全9话,番剧
3363,怪谈餐厅,9.6,23,海外,全23话,番剧
1492,夜之小双侠,9.1,12,海外,全12话,番剧
31915,哨声响起,9.3,39,海外,全39话,番剧
123729,新猫和老鼠 第五季,0.0,13,海外,全13话,番剧
4524,是魔法使的话就吃味噌,0.0,1,海外,全1话,番剧
33310,只想受你欢迎,5.0,1,海外,全1话,番剧
2555,哆啦A梦 大雄与龙骑士,9.5,1,海外,全1话,番剧
45655,米奇欢笑多 第5季 中文配音,0.0,18,海外,全18话,番剧
1609,灼眼的夏娜 剧场版,9.4,1,海外,全1话,番剧
41964,忍者龟 第二季,0.0,26,海外,全26话,番剧
47822,圣刃＋全开者 超级英雄战记,9.5,1,海外,全1话,番剧
48496,奇奇与蒂蒂：开心乐园 第一季,0.0,12,海外,全12话,番剧
1204,H2O 赤砂的印记,9.3,12,海外,全12话,番剧
1691,侦探歌剧 少女福尔摩斯,9.6,12,海外,全12话,番剧
3364,破刃之剑 剧场版,9.1,6,海外,全6话,番剧
1219,再造人卡辛,9.7,24,海外,全24话,番剧
103878,憨豆先生动画版 第四季,0.0,52,海外,全52话,番剧
34400,A3!满开剧团 秋组&冬组篇,9.4,12,海外,全12话,番剧
91092,魔法使光之美少女！！～未来之日～,9.4,12,海外,全12话,番剧
2888,心之彼端2,9.4,14,海外,全14话,番剧
2492,失落的宇宙 黑历史,0.0,2,海外,全2话,番剧
2254,失落的宇宙,9.8,26,海外,全26话,番剧
6069,扩张少女系三重奏,8.4,29,海外,全29话,番剧
2738,侦探小队KZ事件簿,8.2,16,海外,全16话,番剧
26532,法兰雀丝卡,8.4,24,海外,全24话,番剧
5750,宝可梦 帝牙卢卡 帕路奇亚与达克莱伊的对决,9.4,1,海外,全1话,番剧
45578,龙马！新生网球王子,6.0,0,海外,2021年9月3日上映,番剧
6337,网球并不可笑嘛 第九季,9.4,12,海外,全12话,番剧
5764,火影忍者舞台剧 便服采访篇,0.0,20,海外,全20话,番剧
24594,偶像大师灰姑娘剧场 第三季（TV版）,9.1,13,海外,全13话,番剧
5947,勿忘蛛,9.0,1,海外,全1话,番剧
1571,黏黏糊糊！！角质君,0.0,25,海外,全25话,番剧
37568,来冲浪吧！！美少年！！,6.0,12,海外,全12话,番剧
45597,史努比秀 第一季 中文配音,0.0,13,海外,全13话,番剧
120748,汪汪队立大功 第三季,0.0,26,海外,全26话,番剧
5382,苍色骑士,8.3,24,海外,全24话,番剧
41966,忍者龟 第三季,0.0,26,海外,全26话,番剧
108223,猫和老鼠在纽约 第一季,0.0,7,海外,全7话,番剧
45179,奥特格斗 维克特利（中配）,0.0,1,海外,全1话,番剧
5958,莉露莉露妖精莉露～魔法之镜～,9.5,51,海外,全51话,番剧
19,网球并不可笑嘛 第三季,9.2,12,海外,全12话,番剧
1597,浦和小调,9.1,12,海外,全12话,番剧
47259,马达加斯加企鹅 第三季,9.9,15,海外,全15话,番剧
46106,芭比之公主和摇滚训练营 中文配音,0.0,1,海外,全1话,番剧
42296,永久少年,9.1,24,海外,全24话,番剧
2036,骇客时空,9.1,28,海外,全28话,番剧
1874,诗片,9.0,13,海外,全13话,番剧
33330,ACCA13区监察课－Regards,9.8,1,海外,全1话,番剧
2030,萩萩公主,9.7,26,海外,全26话,番剧
44533,梦比优斯奥特曼外传 复活的恶灵（中配）,9.1,2,海外,全2话,番剧
40755,约定的梦幻岛 粤配版,9.1,12,海外,全12话,番剧
3745,初音岛II S.S.,9.5,13,海外,全13话,番剧
901,SACRED SEVEN,9.1,12,海外,全12话,番剧
102183,去唱卡拉OK吧！,9.8,5,海外,全5话,番剧
5008,神奇宝贝：皮卡丘的鬼怪狂欢节,9.6,1,海外,全1话,番剧
48648,小羊肖恩 第六季,0.0,20,海外,全20话,番剧
38031,「Free!」2020线上交响音乐会,0.0,1,海外,全1话,番剧
41135,四色战记 / RWBY 第三季,9.6,12,海外,全12话,番剧
2092,热带雨林的爆笑生活 DELUXE,9.6,12,海外,全12话,番剧
44814,雪宝带你看电影 中文配音,0.0,6,海外,全6话,番剧
48575,游戏王 七星,8.0,92,海外,全92话,番剧
3956,鲁邦三世：微风公主 ~ 被隐藏的空中都市,8.6,1,海外,全1话,番剧
45938,小美人鱼 中文配音,0.0,13,海外,全13话,番剧
5121,网球王子剧场版 二人的武士,8.6,1,海外,全1话,番剧
1607,灼眼的夏娜 OVA 恋爱与温泉的校外学习！,9.5,1,海外,全1话,番剧
3434,兽之奏者艾琳,9.6,50,海外,全50话,番剧
6442,"Wake Up, Girls! 新章",8.1,12,海外,全12话,番剧
1725,变形金刚 领袖之证（日版）,0.0,52,海外,全52话,番剧
46146,奥特银河传说 外传 赛罗奥特曼VS黑暗洛普斯赛罗：STAGE 1 宇宙大冲撞,9.2,1,海外,全1话,番剧
2659,植木的法则,9.5,51,海外,全51话,番剧
3940,鲁邦三世：天使的策略～梦的碎片是杀人的香味～,9.2,1,海外,全1话,番剧
33241,LoveLive! Sunshine!! 学园偶像 电影 彩虹彼端,9.7,1,海外,全1话,番剧
21109,游戏王剧场版 光之金字塔,9.6,1,海外,全1话,番剧
39572,空想新子和千年的魔法,9.4,0,海外,2009年11月22日上映,番剧
3795,魔法少女奈叶 The MOVIE 2nd A’s,9.7,1,海外,全1话,番剧
5026,香蕉喵,9.5,13,海外,全13话,番剧
1141,天堂餐馆,9.5,11,海外,全11话,番剧
96973,假面骑士利维斯（中配）,5.6,50,海外,全50话,番剧
5696,异次元觉醒,8.4,5,海外,全5话,番剧
107780,Yakka Dee 开口说英语 第五季 中文配音,0.0,20,海外,全20话,番剧
1421,魔法老师涅吉!?,8.6,26,海外,全26话,番剧
5517,钢铁交响乐,9.4,12,海外,全12话,番剧
28054,少女☆歌剧Revue Starlight -The LIVE- #2 Transition,9.7,1,海外,全1话,番剧
39369,鼠来宝(第一季）,0.0,49,海外,全49话,番剧
98685,少年骇客 第二季,0.0,13,海外,全13话,番剧
3234,网球并不可笑嘛 第七季,9.2,12,海外,全12话,番剧
3505,我们大家的河合庄 SP,9.6,13,海外,全13话,番剧
42080,卡片战斗先导者will+Dress,9.1,13,海外,全13话,番剧
1210,深渊传说,8.9,26,海外,全26话,番剧
1592,战国BASARA Judge End,8.4,12,海外,全12话,番剧
5445,世界征服 谋略之星 OVA,9.3,1,海外,全1话,番剧
48763,盖比的娃娃屋 第一季,0.0,25,海外,全25话,番剧
88668,亚刻奥特曼 大电影 超次元大决战！光与暗的亚刻（中配）,7.5,1,海外,全1话,番剧
1687,萌菌物语 Returns,9.4,11,海外,全11话,番剧
3925,鲁邦三世：巴比伦黄金传说,9.2,1,海外,全1话,番剧
40536,不能播放,9.6,12,海外,全12话,番剧
45310,德凯奥特曼最终章 前往旅途的彼岸（中配）,4.4,1,海外,全1话,番剧
92263,飞天小女警 第六季 中文配音,0.0,24,海外,全24话,番剧
4447,小加速世界,8.6,8,海外,全8话,番剧
1590,战国BASARA,9.3,13,海外,全13话,番剧
158256,小猪佩奇之节日狂欢夜 中文配音,0.0,14,海外,全14话,番剧
23677,Thunderbolt Fantasy 东离剑游纪 生死一剑,0.0,1,海外,全1话,番剧
26688,男子啦啦队！！,9.2,12,海外,全12话,番剧
41602,四色战记 / RWBY 第五季,8.5,14,海外,全14话,番剧
2882,英雄传说 空之轨迹,9.3,2,海外,全2话,番剧
48177,乐高迪士尼公主：城堡大冒险 中文配音,0.0,1,海外,全1话,番剧
22288,独自生活的小学生,9.7,10,海外,全10话,番剧
107777,Yakka Dee 开口说英语 第四季,0.0,20,海外,全20话,番剧
45176,银河奥特曼剧场版SP 怪兽争夺战（中配）,0.0,1,海外,全1话,番剧
23882,智龙迷城,6.6,147,海外,全147话,番剧
48723,米奇欢乐屋：奇妙探险家,0.0,26,海外,全26话,番剧
26876,偶像大师灰姑娘剧场 第四季（TV版）,9.3,13,海外,全13话,番剧
3566,超时空要塞 ZERO,9.6,5,海外,全5话,番剧
1102,黑神,8.4,25,海外,全25话,番剧
4230,上课小动作 OAD,9.7,1,海外,全1话,番剧
24534,全金属狂潮 总集篇,9.4,3,海外,全3话,番剧
3933,鲁邦三世：活下来的魔术师,7.5,1,海外,全1话,番剧
5939,热诚传说～导师的黎明～,8.8,1,海外,全1话,番剧
1726,激战奥雷卡,9.4,51,海外,全51话,番剧
3783,AIR 剧场版,7.7,1,海外,全1话,番剧
1226,北斗神拳拉欧外传-天之霸王,9.4,13,海外,全13话,番剧
68554,奥特英雄 新生代英雄传（中配）,0.0,26,海外,全26话,番剧
48126,艾莲娜公主 第一季 中文配音,0.0,26,海外,全26话,番剧
2014,最终流放,9.5,26,海外,全26话,番剧
1696,纸箱战机W,9.4,58,海外,全58话,番剧
1967,读或死 TV,9.1,26,海外,全26话,番剧
233,献给某飞行员的恋歌,8.7,13,海外,全13话,番剧
41753,星河战队：火星叛国者,8.6,0,海外,2017年8月21日上映,番剧
47320,米奇妙妙屋 第2季,0.0,39,海外,全39话,番剧
2999,英国恋物语艾玛 第二幕,9.4,12,海外,全12话,番剧
2998,英国恋物语艾玛,9.4,12,海外,全12话,番剧
48497,奇奇与蒂蒂：开心乐园 第二季,0.0,18,海外,全18话,番剧
46690,迪迦奥特曼・戴拿奥特曼&盖亚奥特曼 超时空大决战（中配）,9.6,1,海外,全1话,番剧
162152,小猪佩奇迷你剧 第三季,0.0,20,海外,全20话,番剧
3536,宇宙航海王 ABYSS OF HYPERSPACE -亚空的深渊-：剧场版,8.8,1,海外,全1话,番剧
33073,女学。～圣女斯克威尔学院～,7.3,50,海外,全50话,番剧
2577,百万偶像,0.0,11,海外,全11话,番剧
3802,机器人少女Z+,9.5,6,海外,全6话,番剧
1080,东京地震8.0,9.7,11,海外,全11话,番剧
4799,超能力少女兰,8.7,26,海外,全26话,番剧
2281,CLAMP学园侦探团,9.4,26,海外,全26话,番剧
5177,魁!!库洛马迪高校,9.7,26,海外,全26话,番剧
47855,海底小纵队 第九季 英文版,0.0,26,海外,全26话,番剧
1669,黑魔女学园,9.4,60,海外,全60话,番剧
894,白兔糖 特典,9.8,4,海外,全4话,番剧
24613,打工小哥！之2！,9.5,12,海外,全12话,番剧
1238,海马,9.8,12,海外,全12话,番剧
1886,砂和尚,9.0,24,海外,全24话,番剧
3639,HEROMAN（中配版）,0.0,26,海外,全26话,番剧
2792,网球并不可笑嘛 第六季,9.4,12,海外,全12话,番剧
1846,波子汽水,9.4,12,海外,全12话,番剧
47364,布莱泽奥特曼 大电影 大怪兽东京决战（中配）,6.8,1,海外,全1话,番剧
25002,SWORD GAI 装刀凯 The Animation II,3.5,12,海外,全12话,番剧
1409,南瓜剪刀,9.3,24,海外,全24话,番剧
47731,忍者龟 第四季,0.0,26,海外,全26话,番剧
764,薄樱鬼 雪华录,9.5,6,海外,全6话,番剧
5752,宝可梦 梦幻与波导的勇者 路卡利欧,9.5,1,海外,全1话,番剧
39451,无敌侠：舞动的英雄,9.1,12,海外,全12话,番剧
97224,米菲大冒险 中文配音,0.0,52,海外,全52话,番剧
4000,真魔神英雄传 魔神山篇,9.5,2,海外,全2话,番剧
5763,阿松 SP 赛马轶事,9.3,1,海外,全1话,番剧
2604,网球并不可笑嘛 第五季,9.4,12,海外,全12话,番剧
4773,神奇宝贝不可思议的迷宫 时之探险队・暗之探险队,9.5,1,海外,全1话,番剧
3827,飞跃巅峰! 剧场版,9.7,1,海外,全1话,番剧
5909,神明之记,9.6,16,海外,全16话,番剧
5753,宝可梦 裂空的访问者 代欧奇希斯,9.1,1,海外,全1话,番剧
604,成年女性的动画时间 第二季,9.3,3,海外,全3话,番剧
2237,伊甸少年,0.0,26,海外,全26话,番剧
21473,百变之星 崭新之翼 EXTRA STAGE 不笑的公主,0.0,1,海外,全1话,番剧
3779,百变之星 妙啊！妙！,0.0,1,海外,全1话,番剧
3778,百变之星 不死鸟传说 - 蕾拉・汉密尔顿物语,0.0,1,海外,全1话,番剧
1995,百变之星,9.6,52,海外,全52话,番剧
26009,森林大帝 1989,8.5,52,海外,全52话,番剧
5915,WASIMO 第三季,0.0,44,海外,全44话,番剧
39439,四季樱,9.0,12,海外,全12话,番剧
4440,恋旅～True Tours Nanto～,9.6,6,海外,全6话,番剧
26930,少女☆歌剧Revue Starlight -The LIVE- #1 revival,9.8,1,海外,全1话,番剧
22958,铁腕巴迪 DECODE,9.2,13,海外,全13话,番剧
26929,Hello Kitty 苹果森林 第三季,0.0,27,海外,全27话,番剧
4053,心之彼端2 迷宫旅行者,0.0,2,海外,全2话,番剧
4052,心之彼端2 Adnext,0.0,2,海外,全2话,番剧
4051,心之彼端2 Adplus,0.0,2,海外,全2话,番剧
4050,心之彼端2 Another Day,0.0,2,海外,全2话,番剧
2889,心之彼端2 OVA,0.0,3,海外,全3话,番剧
223,信长之枪,9.0,13,海外,全13话,番剧
4734,鹤屋和熏干酪,9.6,13,海外,全13话,番剧
38499,与汪汪喵喵同居的开心日常 中配版,9.6,24,海外,全24话,番剧
4106,为什么猫都叫不来,9.0,12,海外,全12话,番剧
4473,蟑螂娘,9.2,2,海外,全2话,番剧
5749,宝可梦 骑拉帝纳与冰空的花束 谢米,9.0,1,海外,全1话,番剧
5557,解谜之音,7.4,12,海外,全12话,番剧
45325,芭比大城市大梦想,0.0,1,海外,全1话,番剧
46442,嗨！道奇 第四季,0.0,20,海外,全20话,番剧
41571,群青开场号,7.6,13,海外,全13话,番剧
28589,香蕉喵 不可思议的伙伴们,9.6,13,海外,全13话,番剧
2992,京四郎和永远的天空,6.7,12,海外,全12话,番剧
5059,棒球伙伴,8.8,11,海外,全11话,番剧
5561,网球并不可笑嘛 第八季,9.3,11,海外,全11话,番剧
26878,海獭波乐 4th,9.4,50,海外,全50话,番剧
2221,弹珠警察,8.8,50,海外,全50话,番剧
3800,只要你说你爱我 OAD,8.3,1,海外,全1话,番剧
2157,真女神转生 恶魔之子,9.8,50,海外,全50话,番剧
80060,宝贝老板: 宝宝归来 第二季,0.0,23,海外,全23话,番剧
42310,史努比太空历险记 第一季 中文配音,0.0,12,海外,全12话,番剧
38710,头文字D Extra Stage,9.5,1,海外,全1话,番剧
42049,钢铁侠：噬甲危机,0.0,0,海外,2013年4月16日上映,番剧
25561,模型战士高达模型制作家 起始G,9.0,1,海外,全1话,番剧
101098,蜡笔小新：呼唤传说！跳舞吧！朋友！,9.5,1,海外,全1话,番剧
5405,千叶脚踏板,0.0,5,海外,全5话,番剧
1472,苍之瞳的少女,9.6,24,海外,全24话,番剧
1265,神枪少女 -IL TEATRINO-,8.2,13,海外,全13话,番剧
80740,唐老鸭俱乐部：时空之旅 中文配音,0.0,5,海外,全5话,番剧
2293,机动战舰大和抚子 TV版,9.7,26,海外,全26话,番剧
120342,咱们小裸熊 第一季 中文配音,0.0,39,海外,全39话,番剧
2170,最后的吸血鬼,9.5,1,海外,全1话,番剧
25856,能继续奔跑下去真是太好了。,9.2,4,海外,全4话,番剧
2410,妙手小厨师,9.0,99,海外,全99话,番剧
48768,刺猬索尼克,9.4,0,海外,2020年2月14日上映,番剧
4693,元素猎人,8.8,39,海外,全39话,番剧
98759,假面骑士 超越世代,9.7,1,海外,全1话,番剧
46214,惊喜娃娃玩乐系列2,0.0,25,海外,全25话,番剧
3838,头文字D Legend1 -觉醒-,9.4,1,海外,全1话,番剧
3233,蛋黄酱萝莉,9.7,12,海外,全12话,番剧
39360,你是彼方,3.4,1,海外,全1话,番剧
2171,学校怪谈,9.5,20,海外,全20话,番剧
1658,战国无双,8.6,12,海外,全12话,番剧
1114,秀逗魔导士 第三季,9.6,26,海外,全26话,番剧
96741,樱桃小丸子 第四季 上,0.0,52,海外,全52话,番剧
46064,犬之岛,0.0,0,海外,2018年3月23日上映,番剧
2800,玉响～毕业写真～,9.8,4,海外,全4话,番剧
954,STARRY☆SKY,8.8,26,海外,全26话,番剧
1566,攻壳机动队 S.A.C. SSS 3D,9.5,1,海外,全1话,番剧
2451,宇宙战舰大和号,9.3,26,海外,全26话,番剧
1128,神曲奏界POLYPHONICA 第一季,9.1,12,海外,全12话,番剧
5745,宝可梦 幻影的霸者 索罗亚克,8.6,1,海外,全1话,番剧
235,乌瑟的穷困生活,9.1,12,海外,全12话,番剧
6532,D·N·A² ~他到底失去了什么？~ OVA,8.6,3,海外,全3话,番剧
6531,D·N·A² ~他到底失去了什么？~,9.2,12,海外,全12话,番剧
124,宝石宠物 Sunshine（第三季）,7.4,52,海外,全52话,番剧
42309,史努比太空历险记 第一季,9.8,12,海外,全12话,番剧
4760,河童之夏,9.7,1,海外,全1话,番剧
39384,鼠来宝 英文版(第三季）,0.0,52,海外,全52话,番剧
48178,我与超人的冒险 第一季,9.8,10,海外,全10话,番剧
2608,怪兽酒场干杯！,9.3,13,海外,全13话,番剧
102266,睡衣小英雄 第六季 超级联盟,0.0,52,海外,全52话,番剧
39056,月野艺能事务所 第二季,9.2,10,海外,全10话,番剧
1196,图书馆战争,9.2,13,海外,全13话,番剧
125,宝石宠物 Kira☆Deko!（第四季）,8.5,52,海外,全52话,番剧
1763,玻璃假面,9.7,51,海外,全51话,番剧
3844,强袭魔女:胜利之箭行动,9.4,3,海外,全3话,番剧
797,光明之心 ～幸福的面包～,8.5,12,海外,全12话,番剧
76849,穿越时空的少女,0.0,0,海外,2025年1月11日上映,番剧
2907,千子,9.2,1,海外,全1话,番剧
47328,米奇妙妙大冒险 第一季,0.0,36,海外,全36话,番剧
5756,宝可梦 时拉比 穿梭时空的相遇,9.2,1,海外,全1话,番剧
25235,欢迎来到加帕里公园,2.6,12,海外,全12话,番剧
2622,茄子·安达卢西亚之夏,9.6,1,海外,全1话,番剧
44500,平家物语：犬王,9.5,0,海外,2022年5月28日上映,番剧
658,初音岛II,8.5,13,海外,全13话,番剧
2481,ChargeMan研,7.5,65,海外,全65话,番剧
40258,锈色铠甲 黎明,3.4,12,海外,全12话,番剧
48644,小羊肖恩 第二季,0.0,40,海外,全40话,番剧
793,Upotte!!,8.2,10,海外,全10话,番剧
45841,超技舞台,9.6,12,海外,全12话,番剧
122261,爱探险的朵拉 第一季,0.0,25,海外,全25话,番剧
4477,宝可梦 比克提尼与黑英雄 捷克罗姆,8.6,1,海外,全1话,番剧
2328,足球风云,9.1,58,海外,全58话,番剧
96749,樱桃小丸子 第五季 下（中配）,0.0,11,海外,全11话,番剧
3411,樱花大战 剧场版 樱花大战活动写真,0.0,1,海外,全1话,番剧
3410,樱花大战 OVA5 纽约,0.0,6,海外,全6话,番剧
3409,樱花大战 OVA4 崭新的巴黎,0.0,3,海外,全3话,番剧
3408,樱花大战 OVA3 燃烧的巴黎,0.0,3,海外,全3话,番剧
3407,樱花大战 OVA2.5 神崎堇引退纪念,0.0,1,海外,全1话,番剧
25560,爆丸4 机械波涛,0.0,46,海外,全46话,番剧
45808,嗨！道奇 第三季,0.0,52,海外,全52话,番剧
4086,囝仔小短篇,9.7,13,海外,全13话,番剧
97395,汪汪一对宝 第三季 中文配音,0.0,25,海外,全25话,番剧
3769,文学少女 今日的点心～初恋～,9.1,1,海外,全1话,番剧
1759,文学少女,9.3,4,海外,全4话,番剧
75424,飞天小女警 第二季,0.0,26,海外,全26话,番剧
75437,小马宝莉之魔力新世界 第二季 中文配音,0.0,14,海外,全14话,番剧
5754,宝可梦 七夜的许愿星 基拉祈,9.3,1,海外,全1话,番剧
45326,芭比大城市大梦想 中文配音,0.0,1,海外,全1话,番剧
48512,伊甸星原 EDENS ZERO 第二季,9.2,25,海外,全25话,番剧
128,展开骑士,8.1,51,海外,全51话,番剧
3836,人类衰退之后 SP,9.7,6,海外,全6话,番剧
3972,舞-乙HiME,9.4,26,海外,全26话,番剧
5510,时间飞船24,0.0,24,海外,全24话,番剧
1900,忘却的旋律,8.3,24,海外,全24话,番剧
227070,超级小猫战队：喵喵成长记,0.0,22,海外,全22话,番剧
23976,鹿枫堂 （中配）,9.4,12,海外,全12话,番剧
3770,SHUFFLE! MEMORIES,8.5,11,海外,全11话,番剧
2763,雨色可可 欢迎来到RAINY COLOR！,0.0,12,海外,全12话,番剧
101100,蜡笔小新：爆发！温泉激烈大决战,9.6,1,海外,全1话,番剧
5582,天使之卵,9.4,1,海外,全1话,番剧
80095,驯龙高手 救援骑士 第一季,0.0,29,海外,全29话,番剧
1408,武装炼金,9.4,26,海外,全26话,番剧
38204,猫猫日本史,9.2,32,海外,全32话,番剧
6514,宣告黎明的露之歌,9.4,1,海外,全1话,番剧
1830,变形金刚 银河之力,9.6,52,海外,全52话,番剧
2145,最游记RELOAD,9.4,25,海外,全25话,番剧
43163,团团奇米莫（中配版）,0.0,24,海外,全24话,番剧
5931,裸狼,7.2,52,海外,全52话,番剧
1653,热风海陆BUSHIROAD,8.5,1,海外,全1话,番剧
869,UN-GO 因果论,9.5,12,海外,全12话,番剧
3813,机巧魔神2,8.9,13,海外,全13话,番剧
41439,四色战记 / RWBY 第四季,8.5,12,海外,全12话,番剧
1416,赐予护女神的祝福,8.8,24,海外,全24话,番剧
5490,失忆症 SP,9.3,1,海外,全1话,番剧
3406,无敌看板娘,9.6,12,海外,全12话,番剧
2893,紫式部 源氏物语,9.0,1,海外,全1话,番剧
6192,决斗大师 VSRF,0.0,51,海外,全51话,番剧
3950,鲁邦三世：初次交锋,9.7,1,海外,全1话,番剧
44813,雪宝带你看电影,0.0,6,海外,全6话,番剧
47522,鲁邦三世：卡里奥斯特罗城,9.8,0,海外,1979年12月15日上映,番剧
5955,快盗天使 BREAK,8.3,12,海外,全12话,番剧
158259,小猪佩奇之职业大探索 中文配音,0.0,27,海外,全27话,番剧
2093,热带雨林的爆笑生活 FINAL,9.7,14,海外,全14话,番剧
5122,网球王子剧场版 迹部的礼物,9.1,1,海外,全1话,番剧
6413,宝可梦 酋雷姆 VS 圣剑士 凯路迪欧,8.1,1,海外,全1话,番剧
46624,乐高 梦境城猎人,0.0,10,海外,全10话,番剧
951,放浪男孩,9.7,11,海外,全11话,番剧
1778,CANVAS2 七彩的素描,8.9,24,海外,全24话,番剧
2702,战斗妖精雪风,9.8,5,海外,全5话,番剧
143812,怪物数学小分队 第一季 中文配音,0.0,30,海外,全30话,番剧
120764,汪汪队立大功 第四季,0.0,26,海外,全26话,番剧
5499,乌龙派出所特别篇2016：THE FINAL 两津勘吉最后的一天,9.7,1,海外,全1话,番剧
548,特例措置团体斯特拉女子学院高等科C3部,8.3,13,海外,全13话,番剧
45182,梦比优斯奥特曼外传 黑暗的铠甲,9.4,2,海外,全2话,番剧
47566,昏行者 & 炫目篝火,9.2,2,海外,全2话,番剧
1904,陆奥圆明流外传 修罗之刻,9.7,26,海外,全26话,番剧
2224,THE BIG O,9.7,26,海外,全26话,番剧
114898,咱们裸熊 第四季 中文配音,0.0,35,海外,全35话,番剧
130005,趣趣知知鸟 第1季,0.0,50,海外,全50话,番剧
5600,我是小甜甜,9.7,52,海外,全52话,番剧
5751,宝可梦 宝可梦巡护员与苍海的王子 玛纳霏,9.0,1,海外,全1话,番剧
45646,米奇欢笑多 第1季,0.0,18,海外,全18话,番剧
1905,爱你宝贝,9.7,26,海外,全26话,番剧
731,向阳素描,9.7,12,海外,全12话,番剧
101101,蜡笔小新：电击！猪之蹄大作战,9.7,1,海外,全1话,番剧
514,玉响～hitotose～,9.7,13,海外,全13话,番剧
25940,Hello Kitty 苹果森林 第一季,0.0,13,海外,全13话,番剧
5615,海獭波乐,9.6,50,海外,全50话,番剧
48652,小羊肖恩 肖恩的青苔农场,0.0,15,海外,全15话,番剧
45999,假面骑士时王 下一刻 王权盖茨（中配）,0.0,1,海外,全1话,番剧
43915,天线宝宝无处不在 第二季,0.0,13,海外,全13话,番剧
114896,咱们裸熊 第三季 中文配音,0.0,56,海外,全56话,番剧
47733,忍者龟 第五季,0.0,20,海外,全20话,番剧
2143,GEAR战士电童,9.8,38,海外,全38话,番剧
98686,少年骇客 第三季,0.0,13,海外,全13话,番剧
3767,今天开始做魔王 OVA,9.3,5,海外,全5话,番剧
94934,会说话的汤姆猫家族 中文配音,9.9,52,海外,全52话,番剧
3447,赤发白雪姬 OVA 不值一提的宝物、这一页,9.7,1,海外,全1话,番剧
3932,鲁邦三世：DEAD OR ALIVE,9.4,1,海外,全1话,番剧
39453,烧窑的话也要马克杯 第二季,9.4,12,海外,全12话,番剧
96743,樱桃小丸子 第四季 下,0.0,73,海外,全73话,番剧
48836,终极蜘蛛侠：英雄见习生 中文配音,0.0,18,海外,全18话,番剧
2488,街头霸王 OVA,0.0,2,海外,全2话,番剧
45825,蓝精灵,0.0,272,海外,全272话,番剧
678,宫河家的空腹,9.3,10,海外,全10话,番剧
26808,快餐厅之恋,9.1,6,海外,全6话,番剧
4475,宝可梦 比克提尼与白英雄 莱希拉姆,8.7,1,海外,全1话,番剧
5791,新撰组镇魂歌 二分之一,9.2,12,海外,全12话,番剧
2026,驭龙少年,9.4,38,海外,全38话,番剧
1315,校园理想乡 学美向前冲！,9.7,12,海外,全12话,番剧
825,BRAVE10 真田十勇士,8.5,12,海外,全12话,番剧
96747,樱桃小丸子 第五季 上（中配）,0.0,13,海外,全13话,番剧
743,绯色的欠片 第二季,8.3,13,海外,全13话,番剧
45816,企鹅家族 第三季,0.0,26,海外,全26话,番剧
45997,剧场版 假面骑士时王 超越时间（中配）,0.0,1,海外,全1话,番剧
3955,鲁邦三世 东方见闻录 ～Another Page～,9.2,1,海外,全1话,番剧
45324,芭比和小凯莉消失的生日 中文配音,0.0,1,海外,全1话,番剧
5968,巴哈姆特之怒 VIRGIN SOUL,6.8,24,海外,全24话,番剧
33942,海獭波乐 5th,9.6,50,海外,全50话,番剧
1692,侦探歌剧 少女福尔摩斯 第二幕,9.6,12,海外,全12话,番剧
4779,罗密欧与朱丽叶,9.5,24,海外,全24话,番剧
218,机器人少女Z,9.4,3,海外,全3话,番剧
5272,水晶版 雷公 雷的传说,9.2,1,海外,全1话,番剧
4113,虫奉行OVA,9.3,3,海外,全3话,番剧
603,成年女性的动画时间 第一季,8.9,1,海外,全1话,番剧
2401,森林好小子,9.8,26,海外,全26话,番剧
41891,团团奇米莫,9.7,24,海外,全24话,番剧
47331,魔发奇缘 第一季 中文配音,0.0,25,海外,全25话,番剧
1400,落语天女,9.1,12,海外,全12话,番剧
106842,赛车总动员之公路旅行,0.0,9,海外,全9话,番剧
3521,丹特丽安的书架 OVA 荆姬,9.7,1,海外,全1话,番剧
5471,玩偶游戏,0.0,1,海外,全1话,番剧
2210,仙界传 封神演义,9.1,26,海外,全26话,番剧
3485,棺姬嘉依卡 OVA,9.4,1,海外,全1话,番剧
2612,科学小飞侠Crowds insight,9.6,13,海外,全13话,番剧
1040,交响情人梦 巴黎篇,9.8,11,海外,全11话,番剧
475,伽利略少女,8.2,11,海外,全11话,番剧
36659,小彼索,0.0,12,海外,全12话,番剧
3351,佝偻猫 第二季,9.7,50,海外,全50话,番剧
3350,佝偻猫 第一季,9.6,50,海外,全50话,番剧
23883,海獭波乐 3rd,9.0,54,海外,全54话,番剧
47692,天线宝宝向前冲！,0.0,25,海外,全25话,番剧
2070,推理之绊,8.3,25,海外,全25话,番剧
5808,战国鸟兽戏画～乙～,9.2,13,海外,全13话,番剧
47735,忍者龟 风云再起,9.8,26,海外,全26话,番剧
1129,神曲奏界Polyphonica crimson S,9.1,12,海外,全12话,番剧
1927,落叶,9.6,1,海外,全1话,番剧
48646,小羊肖恩 第四季,0.0,30,海外,全30话,番剧
23866,美男高校地球防卫部 HAPPY KISS！,8.8,12,海外,全12话,番剧
47332,米奇妙妙车队 第一季,0.0,25,海外,全25话,番剧
38113,黑狐/BLACK FOX,7.6,1,海外,全1话,番剧
2685,偶像大师 剧场版 向着光辉的彼岸！,9.8,1,海外,全1话,番剧
2151,随风飘的月影兰,9.8,13,海外,全13话,番剧
38677,Thunderbolt Fantasy 东离剑游纪2,0.0,13,海外,全13话,番剧
1429,甜蜜偶像,9.1,13,海外,全13话,番剧
5921,爆音少女!! OAD,9.3,2,海外,全2话,番剧
26156,Akubi girl,9.3,26,海外,全26话,番剧
4723,乡村医生,9.2,1,海外,全1话,番剧
99359,假面骑士幻梦 智脑与1000%的危机,9.2,1,海外,全1话,番剧
1100,迷宫塔 ～乌鲁克之盾～,8.8,13,海外,全13话,番剧
2042,天使的小生意气,9.7,50,海外,全50话,番剧
2340,勇者传说,0.0,46,海外,全46话,番剧
45819,企鹅家族 第六季,0.0,26,海外,全26话,番剧
99362,假面骑士圣刃×灵骑,9.2,1,海外,全1话,番剧
27054,熊猫拍拍 职业篇,0.0,12,海外,全12话,番剧
2146,最游记 RELOAD GUNLOCK,9.2,26,海外,全26话,番剧
3478,Crane Game Girls,8.7,12,海外,全12话,番剧
2283,烈火之炎,9.5,42,海外,全42话,番剧
236799,盖比的娃娃屋 第三季 中文配音,0.0,18,海外,全18话,番剧
42032,走开独角兽,0.0,52,海外,全52话,番剧
5139,朝雾的巫女,9.2,26,海外,全26话,番剧
1423,永不消失的彩虹,8.9,12,海外,全12话,番剧
5061,梦之祭！研究室,0.0,47,海外,全47话,番剧
740,武装神姬 Moon Angel,9.3,10,海外,全10话,番剧
21326,剧场版 笑傲昙天(外传) 「前篇」,9.5,1,海外,全1话,番剧
4398,南家三姐妹 夏日假期,9.7,1,海外,全1话,番剧
44948,狮子王辛巴,8.2,52,海外,全52话,番剧
37486,大运动会 重启,5.1,12,海外,全12话,番剧
46150,托马斯和他的朋友们 第二十三季,0.0,23,海外,全23话,番剧
68553,奥特英雄 新生代英雄传,9.5,26,海外,全26话,番剧
6041,海獭波乐 2nd,9.4,59,海外,全59话,番剧
118816,为你着迷,9.7,5,海外,全5话,番剧
48835,终极蜘蛛侠：英雄见习生,0.0,18,海外,全18话,番剧
45649,米奇欢笑多 第2季 中文配音,0.0,20,海外,全20话,番剧
3457,兔龟 女高网球部外传,8.9,12,海外,全12话,番剧
2448,传说巨神伊迪安,9.8,39,海外,全39话,番剧
87301,小马国大小事 第一季(上) 中文配音,0.0,36,海外,全36话,番剧
45595,史努比秀 第一季,0.0,13,海外,全13话,番剧
28629,浦岛坂田船的日常,9.4,12,海外,全12话,番剧
45132,高斯奥特曼剧场版 第一次接触,9.8,1,海外,全1话,番剧
876,最终流放-银翼之法姆-,8.4,23,海外,全23话,番剧
2162,银河冒险战记 the second stage,9.6,13,海外,全13话,番剧
2161,银河冒险战记,9.3,13,海外,全13话,番剧
5922,锁链战记～赫克瑟塔斯之光～短篇,0.0,12,海外,全12话,番剧
3843,强袭魔女 剧场版,9.5,1,海外,全1话,番剧
871,UN-GO episode: 0 因果论,9.4,1,海外,全1话,番剧
41323,洛克人：全面充能 第一季,3.7,52,海外,全52话,番剧
3286,旅街LateShow,9.0,4,海外,全4话,番剧
48851,星球大战：幻境 第一季 日语配音,0.0,9,海外,全9话,番剧
101104,蜡笔小新：奇异乐园大冒险,9.7,1,海外,全1话,番剧
110470,猫和老鼠在纽约 第二季,0.0,6,海外,全6话,番剧
44462,四色战记 / RWBY 第六季,9.2,13,海外,全13话,番剧
2323,爱天使传说,0.0,51,海外,全51话,番剧
912,怪物猎人日记 岌岌可危的猫猫村G,9.3,13,海外,全13话,番剧
47739,托马斯和他的朋友们 第二十六季（上）（中文配音）,0.0,26,海外,全26话,番剧
1341,逮捕令 第二季,8.8,26,海外,全26话,番剧
5397,我的长腿叔叔,9.4,40,海外,全40话,番剧
4001,魔神英雄传 永恒传说,9.5,3,海外,全3话,番剧
75438,小马宝莉之魔力新世界 第二季,0.0,14,海外,全14话,番剧
5956,不要输！！恶之军团！,9.4,12,海外,全12话,番剧
1140,苍天航路,8.7,26,海外,全26话,番剧
5765,偶像大师,9.6,1,海外,全1话,番剧
92264,飞天小女警 第六季,0.0,24,海外,全24话,番剧
795,战国Collection,9.5,26,海外,全26话,番剧
47324,米奇妙妙屋 第4季,0.0,22,海外,全22话,番剧
107464,宝贝老板: 宝宝归来 第一季 中文配音,0.0,26,海外,全26话,番剧
45653,米奇欢笑多 第4季 中文配音,0.0,17,海外,全17话,番剧
1135,夏之岚,9.3,13,海外,全13话,番剧
750,CROSS FIGHT 弹珠人,0.0,52,海外,全52话,番剧
2099,X战记 剧场版,8.8,1,海外,全1话,番剧
3492,TARI TARI OVA,9.7,13,海外,全13话,番剧
39383,鼠来宝 英文版(第二季）,0.0,50,海外,全50话,番剧
4508,剧场版 宝石宠物 甜蜜舞蹈公主,0.0,1,海外,全1话,番剧
107466,宝贝老板: 宝宝归来 第二季 中文配音,0.0,23,海外,全23话,番剧
5742,我的女神 战斗之翼,9.7,2,海外,全2话,番剧
2675,东之伊甸I -The King of Eden,9.1,2,海外,全2话,番剧
2326,咕噜咕噜魔法阵,9.4,45,海外,全45话,番剧
214526,动物兄弟 第五季 中文配音,0.0,20,海外,全20话,番剧
3752,校园迷糊大王 一学期补习,9.7,2,海外,全2话,番剧
45817,企鹅家族 第四季,0.0,26,海外,全26话,番剧
1963,新撰组异闻录 铁,9.7,24,海外,全24话,番剧
3953,鲁邦三世：血之刻印 永远的Mermaid,8.9,1,海外,全1话,番剧
47835,机界战队全开者对煌辉者对前辈者,9.3,1,海外,全1话,番剧
4303,伏 铁炮娘的捕物帐,9.4,1,海外,全1话,番剧
2316,H2 好逑双物语,9.4,41,海外,全41话,番剧
47848,瑞奇冲冲冲 中文配音,0.0,52,海外,全52话,番剧
5413,神龙之谜,9.7,46,海外,全46话,番剧
2120,激斗战车（粤语）,0.0,68,海外,全68话,番剧
1712,攻壳机动队 笑面男,9.2,1,海外,全1话,番剧
168,金色琴弦～Secondo Passo～,9.3,2,海外,全2话,番剧
25581,鲁邦shanshee,9.0,10,海外,全10话,番剧
26296,粉彩回忆,7.2,12,海外,全12话,番剧
4119,面包超人：咪嘉和魔法神灯,0.0,1,海外,全1话,番剧
3587,魔力家族 La prima festa,9.2,1,海外,全1话,番剧
107365,超级马里奥兄弟3 中文配音,0.0,13,海外,全13话,番剧
170671,嗨！道奇 第五季（下） 中文配音,0.0,20,海外,全20话,番剧
3927,鲁邦三世：风魔家族的阴谋,9.2,1,海外,全1话,番剧
44889,四色战记 / RWBY 第七季,8.0,13,海外,全13话,番剧
33599,团团喵,9.7,39,海外,全39话,番剧
46136,四色战记 / RWBY 第九季,9.3,10,海外,全10话,番剧
75752,铁甲小宝卡布达：圣诞大作战！！,0.0,1,海外,全1话,番剧
3990,飞翔的魔女 小剧场,9.5,10,海外,全10话,番剧
47309,动画版蜘蛛侠,0.0,13,海外,全13话,番剧
5358,心跳回忆,9.5,2,海外,全2话,番剧
1346,暗夜魔法使,8.7,13,海外,全13话,番剧
3557,超时空要塞 可曾记得爱,9.8,1,海外,全1话,番剧
1434,贫穷姐妹物语,9.6,10,海外,全10话,番剧
5126,头文字D Legend3 -梦现-,9.2,1,海外,全1话,番剧
2081,真・女神转生 魔力宝贝,9.5,49,海外,全49话,番剧
2341,元气爆发伏魔金刚,9.7,47,海外,全47话,番剧
101105,蜡笔小新：呼风唤雨！我与宇宙公主,9.4,1,海外,全1话,番剧
41034,小怪兽成长日记 蹒跚学步 第二季,9.5,26,海外,全26话,番剧
45806,嗨！道奇 第二季,0.0,52,海外,全52话,番剧
2352,盖塔机器人,9.6,51,海外,全51话,番剧
158353,小猪佩奇之新朋友相遇季 中文配音,0.0,29,海外,全29话,番剧
1907,苏生龙王传说,9.8,50,海外,全50话,番剧
1470,暗夜第六感,8.9,24,海外,全24话,番剧
1136,夏之岚！ ～春夏冬中～,9.3,13,海外,全13话,番剧
1920,月咏-MOON PHASE-,9.3,26,海外,全26话,番剧
41572,外之国的少女,9.3,1,海外,全1话,番剧
1026,HEROMAN,8.7,26,海外,全26话,番剧
214527,动物兄弟 第六季 中文配音,0.0,20,海外,全20话,番剧
7,漫研部,8.9,13,海外,全13话,番剧
46604,黑衣警探 第三季 中文配音,0.0,14,海外,全14话,番剧
4823,恋爱天使 安琪莉可～心觉醒之时～,0.0,13,海外,全13话,番剧
5311,大都会,9.4,1,海外,全1话,番剧
5055,Active Raid -机动强袭室第八课- 2nd,9.4,12,海外,全12话,番剧
1578,摸索吧！部活剧,9.4,12,海外,全12话,番剧
1813,牙-KIBA,9.7,51,海外,全51话,番剧
3837,在盛夏等待 特别篇,9.5,1,海外,全1话,番剧
113091,假面骑士驰骑（中配）,9.4,48,海外,全48话,番剧
48645,小羊肖恩 第三季,0.0,20,海外,全20话,番剧
5349,包在小可身上,9.6,1,海外,全1话,番剧
4686,枪神剧场版,9.7,1,海外,全1话,番剧
1858,神是中学生,9.5,16,海外,全16话,番剧
99356,假面骑士欧兹 10周年 复活的核心硬币,4.3,1,海外,全1话,番剧
24626,深夜！天才傻鹏,9.1,12,海外,全12话,番剧
1270,濑户的花嫁,9.7,26,海外,全26话,番剧
26011,圣子到,9.4,25,海外,全25话,番剧
5469,高校星歌剧 OVA,9.4,2,海外,全2话,番剧
45321,芭比公主历险记,0.0,1,海外,全1话,番剧
1159,天体战士,9.7,26,海外,全26话,番剧
33965,怪医黑杰克剧场版之超人类,9.8,1,海外,全1话,番剧
1342,逮捕令 全速前进,9.0,24,海外,全24话,番剧
25857,伊利亚：杰拉姆,9.1,6,海外,全6话,番剧
38537,摇滚吧！中二乐团,9.6,0,海外,2019年9月26日上映,番剧
2104,青春草莓蛋,9.8,13,海外,全13话,番剧
37522,宝可梦 结晶塔的帝王,8.9,1,海外,全1话,番剧
5868,漫研部～Surgical Friends～,8.8,12,海外,全12话,番剧
26881,香蕉怪大叔 呐呐~呐 好奇洞穴乐园（第二季）,9.4,24,海外,全24话,番剧
5424,无头骑士异闻录×2 结 DuFuFuFu!!,9.7,1,海外,全1话,番剧
48335,米奇妙妙春日 中文配音,0.0,1,海外,全1话,番剧
6500,怪物弹珠 第二季 后篇,8.8,13,海外,全13话,番剧
1693,两个人是少女福尔摩斯,6.9,12,海外,全12话,番剧
4603,流★星LENS,9.3,1,海外,全1话,番剧
40273,一杆青空,9.3,1,海外,全1话,番剧
2344,动画秘密花园,0.0,39,海外,全39话,番剧
1896,仙境传说,9.1,26,海外,全26话,番剧
1122,胡子小鸡,9.5,39,海外,全39话,番剧
48257,史努比秀 第三季 中文配音,0.0,13,海外,全13话,番剧
2027,野狼前锋,9.6,52,海外,全52话,番剧
1395,死神的歌谣,9.5,6,海外,全6话,番剧
3224,提亚拉之泪,8.3,26,海外,全26话,番剧
1124,飞篮扣杀,9.2,26,海外,全26话,番剧
2062,欢乐课程,9.1,13,海外,全13话,番剧
109322,奥特银河 大怪兽之战（中配）,9.8,13,海外,全13话,番剧
1680,你好七叶 第二季,9.4,13,海外,全13话,番剧
5336,爆旋陀螺,0.0,50,海外,全50话,番剧
101095,蜡笔小新：呼风唤雨！金矛之勇者,9.6,1,海外,全1话,番剧
45848,剧场版 热情闪耀光之美少女 雪之公主与奇迹的戒指！,8.4,1,海外,全1话,番剧
1281,蓝龙,9.7,50,海外,全50话,番剧
515,玉响～more aggressive～,9.6,12,海外,全12话,番剧
1903,火鸟,8.7,13,海外,全13话,番剧
2028,魔女猎人罗宾,9.2,26,海外,全26话,番剧
47669,假面骑士 令和第一世代（中配）,0.0,1,海外,全1话,番剧
38515,干支魂～猫客万来～,9.6,1,海外,全1话,番剧
1992,明日的娜嘉,9.6,50,海外,全50话,番剧
27698,欢迎来到加帕里公园 第二季,2.3,12,海外,全12话,番剧
2150,幻影死神,9.5,12,海外,全12话,番剧
3812,轮回的拉格朗日 鸭川日常,0.0,1,海外,全1话,番剧
4234,白砂糖战士,8.7,3,海外,全3话,番剧
33061,欢迎来到加帕里公园 第三季,4.0,12,海外,全12话,番剧
46102,芭比特工队 中文配音,0.0,1,海外,全1话,番剧
6059,怪物弹珠 第二季 前篇,8.9,24,海外,全24话,番剧
5437,兔丸,9.6,12,海外,全12话,番剧
29372,Thunderbolt Fantasy 东离剑游纪 西幽玹歌,0.0,1,海外,全1话,番剧
3966,零秒出手 第二季,0.0,13,海外,全13话,番剧
1373,零秒出手,0.0,13,海外,全13话,番剧
45818,企鹅家族 第五季,0.0,26,海外,全26话,番剧
1807,太空堡垒 第三季,0.0,25,海外,全25话,番剧
107768,Yakka Dee 开口说英语 第二季 中文配音,0.0,20,海外,全20话,番剧
39922,船长哈洛克,8.2,0,海外,2013年9月7日上映,番剧
2679,轮回的拉格朗日 第二季,8.6,13,海外,全13话,番剧
45651,米奇欢笑多 第3季 中文配音,0.0,16,海外,全16话,番剧
45134,高斯奥特曼2 蓝色星球,9.7,1,海外,全1话,番剧
2495,超能力魔美 星空的跳舞娃娃,0.0,1,海外,全1话,番剧
2412,超能力魔美,9.6,119,海外,全119话,番剧
42996,神在月的孩子,7.4,1,海外,全1话,番剧
46152,托马斯和他的朋友们 第二十四季,0.0,21,海外,全21话,番剧
4301,法外制裁者 OAD,8.7,3,海外,全3话,番剧
99364,假面骑士圣刃 深罪三重奏,9.8,1,海外,全1话,番剧
241,GO!GO!575,9.5,5,海外,全5话,番剧
1279,青空下的约定,8.2,13,海外,全13话,番剧
808,MINUSCULE ～小昆虫的故事～,9.5,4,海外,全4话,番剧
1852,人机续篇,8.0,13,海外,全13话,番剧
47076,托马斯和他的朋友们 第二十季,0.0,26,海外,全26话,番剧
107778,Yakka Dee 开口说英语 第四季 中文配音,0.0,20,海外,全20话,番剧
2414,机甲战记威龙,9.2,48,海外,全48话,番剧
2074,灰羽联盟,9.5,13,海外,全13话,番剧
1987,变形金刚 微型传说,9.7,52,海外,全52话,番剧
24961,偶像大师灰姑娘剧场 第三季（WEB版）,9.3,7,海外,全7话,番剧
158396,小猪佩奇之蹦蹦跳跳身体好 中文配音,0.0,11,海外,全11话,番剧
5924,剧场版 银河机攻队Majestic Prince 觉醒的基因,9.6,1,海外,全1话,番剧
26879,少年阿贝 GO!GO!小芝麻 第四季,0.0,24,海外,全24话,番剧
73142,芭比之再来点魔法 中文配音,0.0,26,海外,全26话,番剧
5054,Active Raid -机动强袭室第八课-,8.8,12,海外,全12话,番剧
39371,鼠来宝(第二季）,0.0,50,海外,全50话,番剧
68558,大怪兽之战 奥特银河传说 THE MOVIE（中配）,9.7,1,海外,全1话,番剧
6477,时间飞船24 逆袭的三恶人,8.7,24,海外,全24话,番剧
2199,傀儡师左近,9.4,26,海外,全26话,番剧
38711,头文字D Extra Stage 2,4.3,1,海外,全1话,番剧
2060,天使特警2,8.0,24,海外,全24话,番剧
111326,旋风赛车队 中文配音,0.0,52,海外,全52话,番剧
47322,米奇妙妙屋 第3季,0.0,35,海外,全35话,番剧
3904,秀逗魔导士 SPECIAL,9.4,3,海外,全3话,番剧
2208,无限的未知,9.3,26,海外,全26话,番剧
92266,小黄人特辑1,0.0,1,海外,全1话,番剧
2019,青出于蓝～缘～,9.3,12,海外,全12话,番剧
5555,Crane Game Girls 第二季,0.0,12,海外,全12话,番剧
48256,史努比秀 第三季,0.0,13,海外,全13话,番剧
44845,攻壳机动队 2045 剧场版,0.0,1,海外,全1话,番剧
2426,棒球英豪 剧场版,0.0,3,海外,全3话,番剧
4455,偶像大师 闪耀祭典,9.6,3,海外,全3话,番剧
1348,MAPLESTORY,9.4,25,海外,全25话,番剧
2478,宇宙骑士铁甲人,0.0,26,海外,全26话,番剧
25623,偶像大师 SideM Mini,8.8,12,海外,全12话,番剧
3839,头文字D Legend2 -斗走-,9.2,1,海外,全1话,番剧
27499,最终试验鲸鱼,8.6,12,海外,全12话,番剧
1391,仰望半月的夜空,9.4,6,海外,全6话,番剧
47326,米奇妙妙屋 第5季,0.0,35,海外,全35话,番剧
26885,船梨精摇摇摇日和,0.0,130,海外,全130话,番剧
105865,海底小纵队 第十季 英文版,0.0,26,海外,全26话,番剧
1705,攻壳机动队 S.A.C. Solid State Society,9.5,1,海外,全1话,番剧
8,漫研部~妄想突变~,8.3,12,海外,全12话,番剧
87302,小马国大小事 第一季(上),0.0,36,海外,全36话,番剧
214528,动物兄弟 第七季 中文配音,0.0,20,海外,全20话,番剧
1323,新勇者莱汀,8.9,26,海外,全26话,番剧
99687,丁丁历险记 第一季 中文配音,0.0,13,海外,全13话,番剧
6077,青之驱魔师 OAD,9.1,1,海外,全1话,番剧
74648,蝙蝠侠动画系列 第三季,0.0,24,海外,全24话,番剧
2166,星界的战旗 星界的战旗III,0.0,1,海外,全1话,番剧
2165,星界的战旗TV版 星界的战旗II,0.0,10,海外,全10话,番剧
2164,星界的战旗 TV版 星界的战旗I,9.7,13,海外,全13话,番剧
2163,星界的战旗 星界的纹章,9.7,13,海外,全13话,番剧
906,快盗天使TWIN ANGEL,8.6,12,海外,全12话,番剧
101400,变形金刚：猛兽侠 第一季,0.0,13,海外,全13话,番剧
944,X战警,0.0,12,海外,全12话,番剧
47988,天线宝宝向前冲！（下）,0.0,26,海外,全26话,番剧
1841,机动新撰组 萌之剑,9.0,13,海外,全13话,番剧
1806,太空堡垒 第二季,0.0,24,海外,全24话,番剧
2346,青兰圆舞曲,9.4,39,海外,全39话,番剧
4005,圣战士登拜因 OVA,0.0,3,海外,全3话,番剧
2433,圣战士丹拜因,9.7,49,海外,全49话,番剧
1246,二十面相少女,9.0,22,海外,全22话,番剧
27812,古城荆棘王,8.7,1,海外,全1话,番剧
94933,会说话的汤姆猫家族,0.0,52,海外,全52话,番剧
1322,月面兔兵器米娜,9.1,13,海外,全13话,番剧
3833,薄樱鬼 第一章 京都乱舞,9.4,1,海外,全1话,番剧
48726,米奇欢乐屋：快乐成长记,0.0,26,海外,全26话,番剧
23945,飙速宅男 Re:GENERATION (2017),8.9,1,海外,全1话,番剧
45693,妖怪手表：永远的朋友,0.0,0,海外,2018年12月14日上映,番剧
2853,翼·年代记 鸟笼国的公主,9.1,1,海外,全1话,番剧
42024,机密复仇者：黑寡妇与惩罚者,0.0,0,海外,2014年3月11日上映,番剧
3294,魔法学园MA,9.1,12,海外,全12话,番剧
47330,魔发奇缘 第一季,0.0,25,海外,全25话,番剧
28021,蝴蝶绮 ～年轻的信长～,8.9,12,海外,全12话,番剧
33329,百慕大三角~多彩田园曲~,8.9,12,海外,全12话,番剧
1144,海物语,8.3,13,海外,全13话,番剧
68572,暴太郎战队咚兄弟 电影 新·初恋英雄,9.5,1,海外,全1话,番剧
238086,小马国女孩系列,9.8,12,海外,全12话,番剧
734,向阳素描×蜂窝,9.8,12,海外,全12话,番剧
3339,夏娃的时间,9.6,6,海外,全6话,番剧
1591,战国BASARA 贰,9.1,13,海外,全13话,番剧
5136,名侦探波洛和马普尔小姐,9.3,39,海外,全39话,番剧
1848,曙光少女,8.8,25,海外,全25话,番剧
45463,四色战记 / RWBY 第八季,7.7,14,海外,全14话,番剧
5488,天体的秩序SP,9.7,1,海外,全1话,番剧
3743,苍穹之法芙娜 RIGHT OF LEFT,9.7,1,海外,全1话,番剧
96974,剧场版 假面骑士利维斯,8.5,1,海外,全1话,番剧
2258,婆娑罗,9.2,13,海外,全13话,番剧
2096,辣妹当家,9.6,52,海外,全52话,番剧
2264,弹珠人爆外传,0.0,48,海外,全48话,番剧
5929,青鬼 THE ANIMATION,7.6,1,海外,全1话,番剧
4771,少年阿贝 GO!GO!小芝麻,0.0,32,海外,全32话,番剧
3216,佩琳物语,9.6,53,海外,全53话,番剧
775,希望宅邸3D 第一季,9.4,13,海外,全13话,番剧
3854,最游记 Requiem 落选者的镇魂歌,0.0,1,海外,全1话,番剧
3853,最游记OVA 希望之罪过,0.0,1,海外,全1话,番剧
1287,星界死者之书,8.3,27,海外,全27话,番剧
6407,长门有希酱的消失 OAD,9.6,1,海外,全1话,番剧
24952,向山进发 回忆的礼物,9.8,1,海外,全1话,番剧
41669,屁屁侦探 第六季,0.0,13,海外,更新至第13话,番剧
48647,小羊肖恩 第五季,0.0,20,海外,全20话,番剧
6035,World Fool News 2,9.1,12,海外,全12话,番剧
1854,异度传说,9.1,12,海外,全12话,番剧
3846,强袭魔女 OVA,8.7,1,海外,全1话,番剧
1146,青之花,9.3,11,海外,全11话,番剧
6476,雨色Convention,0.0,12,海外,全12话,番剧
158469,出发！佩奇的交通工具图鉴 中文配音,0.0,11,海外,全11话,番剧
1714,攻壳机动队 个别的十一人,9.1,1,海外,全1话,番剧
4918,蜜×蜜水果糖,0.0,2,海外,全2话,番剧
47856,寄居蟹贝泥,0.0,30,海外,全30话,番剧
5171,攻壳机动队 塔奇克马的日常,9.3,26,海外,全26话,番剧
106858,逗逗的日记,9.0,5,海外,全5话,番剧
6205,黄金拼图 Pretty Days,9.7,1,海外,全1话,番剧
45183,梦比优斯奥特曼外传 黑暗的铠甲（中配）,0.0,2,海外,全2话,番剧
2059,天使特警,9.3,24,海外,全24话,番剧
33559,声声相对论,9.7,12,海外,全12话,番剧
46096,芭比之海豚魔法 中文配音,0.0,1,海外,全1话,番剧
23862,少年阿贝 GO!GO!小芝麻 第三季,0.0,32,海外,全32话,番剧
3255,柴犬阿旺的和式生活,9.7,80,海外,全80话,番剧
107774,Yakka Dee 开口说英语 第三季 中文配音,0.0,20,海外,全20话,番剧
3967,魔法阵都市 剧场版 下篇,0.0,1,海外,全1话,番剧
2500,魔法阵都市 剧场版 上篇,0.0,1,海外,全1话,番剧
2255,魔法阵都市,0.0,26,海外,全26话,番剧
2821,彗星公主,9.7,43,海外,全43话,番剧
45298,我们的黎明,0.0,0,海外,2022年10月21日上映,番剧
1977,四圣兽 光阴叙事诗天使谭,0.0,13,海外,全13话,番剧
3229,变形金刚 三乘合体,0.0,10,海外,全10话,番剧
5564,雨色可可 in Hawaii,0.0,12,海外,全12话,番剧
2088,战斗陀螺 第一季,9.3,51,海外,全51话,番剧
5269,猫神八百万 SP,9.5,7,海外,全7话,番剧
3561,Macross Plus OVA,9.6,4,海外,全4话,番剧
45648,米奇欢笑多 第2季,0.0,20,海外,全20话,番剧
46600,黑衣警探 第一季 中文配音,0.0,13,海外,全13话,番剧
1131,豹头王传说,9.4,26,海外,全26话,番剧
3514,花牌情缘 OAD,6.4,1,海外,全1话,番剧
956,金刚狼,6.9,12,海外,全12话,番剧
2024,正义小天使真绪,9.2,26,海外,全26话,番剧
2648,虫师 续章 铃之雫,9.8,1,海外,全1话,番剧
45181,高斯奥特曼VS杰斯提斯奥特曼 最终决战（中配）,9.6,1,海外,全1话,番剧
38516,轻松小熊和小薰,9.8,1,海外,全1话,番剧
4462,对某飞行员的追忆,9.5,1,海外,全1话,番剧
4427,迷你加尔刚蒂亚,8.7,13,海外,全13话,番剧
1366,天翔少女,9.2,26,海外,全26话,番剧
1442,恋之魔法波波糖,0.0,13,海外,全13话,番剧
113464,盖比的娃娃屋 第二季,0.0,14,海外,全14话,番剧
4557,爆TECH！爆丸,0.0,51,海外,全51话,番剧
1495,少年好莱坞,8.7,13,海外,全13话,番剧
114894,咱们裸熊 第二季 中文配音,0.0,26,海外,全26话,番剧
41871,特工宾奇 第一季,0.0,52,海外,全52话,番剧
41035,小怪兽成长日记 蹒跚学步 第二季（中配）,0.0,26,海外,全26话,番剧
3835,交响情人梦 OAD,9.6,2,海外,全2话,番剧
2314,爆走猎人,8.9,26,海外,全26话,番剧
3928,鲁邦三世：拜拜了自由女神·危机一刻,9.6,1,海外,全1话,番剧
1461,西蒙 SIMOUN,9.7,26,海外,全26话,番剧
732,向阳素描×365,9.8,14,海外,全14话,番剧
95510,睡衣小英雄 第二季 英文版,0.0,52,海外,全52话,番剧
41617,小羊驼拉玛,0.0,50,海外,全50话,番剧
2085,Di Gi Charat,9.6,16,海外,全16话,番剧
45813,我是格鲁特 中文配音,0.0,5,海外,全5话,番剧
108925,小马国大小事 第一季(下) 中文配音,0.0,34,海外,全34话,番剧
2508,机动战舰大和抚子 剧场版,9.7,1,海外,全1话,番剧
4638,私立堀镡学园 番外篇,9.6,1,海外,全1话,番剧
2296,佐罗的传说,9.7,52,海外,全52话,番剧
130008,趣趣知知鸟 第2季,0.0,50,海外,全50话,番剧
89734,孤独摇滚（下）,9.8,0,海外,2024年8月9日上映,番剧
1878,吟游默示录,8.9,13,海外,全13话,番剧
45821,姆明山谷 第一季 中文配音,0.0,26,海外,全26话,番剧
1427,月桂树的王子们,0.0,13,海外,全13话,番剧
46215,惊喜娃娃玩乐系列2 中文配音,0.0,25,海外,全25话,番剧
46104,芭比之狗狗大冒险 中文配音,0.0,1,海外,全1话,番剧
4467,桥的那一边,0.0,1,海外,全1话,番剧
3041,银河铁道之夜,9.6,1,海外,全1话,番剧
158251,小猪佩奇之好友侦探社 中文配音,0.0,12,海外,全12话,番剧
3305,绝对无敌雷神王OVA,0.0,3,海外,全3话,番剧
3304,绝对无敌雷神王,0.0,51,海外,全51话,番剧
129326,道奇和它的朋友们（上） 中文配音,0.0,13,海外,全13话,番剧
95541,蝙蝠侠动画系列 第一季,9.8,65,海外,全65话,番剧
6246,科学小飞侠（1972）,0.0,105,海外,全105话,番剧
2331,勇者特急,0.0,47,海外,全47话,番剧
109362,奥特银河 大怪兽之战 无尽的圣战（中配）,9.7,13,海外,全13话,番剧
3832,薄樱鬼 第二章 士魂苍穹,9.3,1,海外,全1话,番剧
1153,GA 艺术科美术设计班,9.6,12,海外,全12话,番剧
46108,芭比之非凡公主 中文配音,0.0,1,海外,全1话,番剧
48342,米奇妙妙世界 第一季,0.0,20,海外,全20话,番剧
1160,天体战士 第2期,9.8,26,海外,全26话,番剧
1116,秀逗魔导士 第四季 下,9.4,13,海外,全13话,番剧
4125,普通女高中生要做当地偶像 OVA,9.8,2,海外,全2话,番剧
3241,舞力四射,9.6,50,海外,全50话,番剧
2105,超能奇兵,9.6,26,海外,全26话,番剧
96746,樱桃小丸子 第五季 上,0.0,13,海外,全13话,番剧
2390,五星物语,9.6,1,海外,全1话,番剧
4003,重战机艾尔盖姆 OVA,0.0,3,海外,全3话,番剧
2443,重战机艾尔盖姆,9.3,54,海外,全54话,番剧
3788,偶像大师 灰姑娘女孩 第二季 OVA,8.6,3,海外,全3话,番剧
48259,芭比美人鱼之力 中文配音,0.0,1,海外,全1话,番剧
2415,城市猎人 SP,9.3,3,海外,全3话,番剧
45820,姆明山谷 第一季,0.0,26,海外,全26话,番剧
129834,变形金刚塞伯坦传奇 第四季 中文配音,0.0,2,海外,全2话,番剧
99702,甜甜私房猫 第五季 普通话版,0.0,12,海外,全12话,番剧
33049,香蕉怪大叔 呐呐~呐 北海妖怪追追追！（第三季）,9.3,24,海外,全24话,番剧
3130,天才宝贝,9.7,35,海外,全35话,番剧
45654,米奇欢笑多 第5季,0.0,18,海外,全18话,番剧
938,真的有呀！灵媒先生,9.5,22,海外,全22话,番剧
120344,咱们小裸熊 第一季,0.0,39,海外,全39话,番剧
2978,浜虎SD（迷你浜虎）,0.0,10,海外,全10话,番剧
26029,超级机器人大战原创世纪 OVA,0.0,3,海外,全3话,番剧
26478,艾莉森与莉莉娅,9.3,26,海外,全26话,番剧
1739,昭和物语,9.3,13,海外,全13话,番剧
38180,教教我吧 北斋！,9.5,10,海外,全10话,番剧
46112,复仇者联盟：九头蛇反扑 中文配音,0.0,10,海外,全10话,番剧
9,幕末Rock,8.8,12,海外,全12话,番剧
132123,蝙蝠交通工具 第一季,0.0,40,海外,全40话,番剧
26931,室内鞋库库,0.0,13,海外,全13话,番剧
98757,假面骑士利维斯 往事 假面骑士贝尔,9.7,5,海外,全5话,番剧
48520,睡衣小英雄 第四季 英文版,0.0,50,海外,全50话,番剧
5912,WASIMO 第二季,0.0,24,海外,全24话,番剧
68623,赛罗奥特曼外传 有机生命体的危机：STAGE1 钢铁的宇宙,9.4,1,海外,全1话,番剧
27500,银河四驱车,0.0,52,海外,全52话,番剧
5942,银河机攻队MAJESTIC PRINCE 新作动画,0.0,1,海外,全1话,番剧
5380,激斗战车（中文）,0.0,50,海外,全50话,番剧
3310,湘南暴走族,9.6,12,海外,全12话,番剧
4083,笨蛋男友,8.2,8,海外,全8话,番剧
158253,小猪佩奇之泥坑跳跳乐 中文配音,0.0,13,海外,全13话,番剧
6401,新造人间卡辛（1973）,9.3,35,海外,全35话,番剧
5948,三千里寻母记,9.7,52,海外,全52话,番剧
24287,剧场版 笑傲昙天(外传) 「中篇」,9.4,1,海外,全1话,番剧
103737,安迪的恐龙冒险,0.0,20,海外,全20话,番剧
2168,沉默的未知,9.1,26,海外,全26话,番剧
45637,惊喜娃娃 冬日迪斯科 中文配音,0.0,1,海外,全1话,番剧
47830,睡衣小英雄 第五季 英文版,0.0,52,海外,全52话,番剧
760,夏雪密会,9.4,11,海外,全11话,番剧
2300,天空之艾斯嘉科尼,8.8,26,海外,全26话,番剧
26179,怪侠佐罗利 第一季,0.0,52,海外,全52话,番剧
5327,恋爱占卜师,0.0,51,海外,全51话,番剧
3158,The Revelation,9.2,26,海外,全26话,番剧
3274,青之六号,8.8,4,海外,全4话,番剧
2032,铁胆火车侠 第二季,0.0,52,海外,全52话,番剧
2507,机动战舰大和抚子 OVA,0.0,1,海外,全1话,番剧
5709,虹色DAYS OAD,8.8,1,海外,全1话,番剧
3559,超时空要塞II 再爱一次 OVA,8.1,6,海外,全6话,番剧
24579,告诉我魔法钟摆～莉露莉露妖精莉露～,0.0,26,海外,全26话,番剧
1879,吟游默示录 wieder,0.0,13,海外,全13话,番剧
95542,蝙蝠侠动画系列 第一季 中文配音,0.0,65,海外,全65话,番剧
27805,第一神拳 间柴vs木村 死刑执行,9.7,1,海外,全1话,番剧
2004,夏娃的时间 剧场版,9.6,1,海外,全1话,番剧
4029,神秘的世界EL-HAZARD OVA,0.0,7,海外,全7话,番剧
2313,神秘的世界EL-HAZARD,0.0,26,海外,全26话,番剧
1115,秀逗魔导士 第四季 上,9.1,13,海外,全13话,番剧
2249,危险调查员,9.7,39,海外,全39话,番剧
47078,托马斯和他的朋友们 第二十一季,0.0,20,海外,全20话,番剧
1321,神圣十月,8.7,26,海外,全26话,番剧
3805,图书馆战争 革命之翼,9.6,1,海外,全1话,番剧
3759,我的女神 OAD,9.7,3,海外,全3话,番剧
23881,Four of a Kind 四牌士,8.6,27,海外,全27话,番剧
48849,星球大战：幻境 第一季 中文配音,0.0,9,海外,全9话,番剧
3934,鲁邦三世：俄罗斯之恋,9.5,1,海外,全1话,番剧
4542,魔神凯撒SKL,9.5,3,海外,全3话,番剧
5108,人造人009,9.4,48,海外,全48话,番剧
46092,芭比之电玩英雄 中文配音,0.0,1,海外,全1话,番剧
4285,RE：人造人009,0.0,1,海外,全1话,番剧
47847,瑞奇冲冲冲,0.0,52,海外,全52话,番剧
3949,鲁邦三世：通往恶魔岛,9.4,1,海外,全1话,番剧
46599,黑衣警探 第一季,0.0,13,海外,全13话,番剧
47062,姆明山谷 第三季 中文配音,0.0,26,海外,全26话,番剧
5460,问答魔法学院,8.7,2,海外,全2话,番剧
1460,兽王星,7.9,11,海外,全11话,番剧
6489,破里拳 Hurricane Polimar,0.0,26,海外,全26话,番剧
75428,飞天小女警 第四季,0.0,20,海外,全20话,番剧
5516,编舟记,9.7,11,海外,全11话,番剧
47383,迪米小鸟奇遇记 第二季 中文配音,0.0,25,海外,全25话,番剧
45676,惊喜娃娃 惊喜之家,0.0,20,海外,全20话,番剧
2075,迷糊天使,9.5,26,海外,全26话,番剧
100748,嗨！道奇 儿歌系列 第一季 英文版,0.0,19,海外,全19话,番剧
6501,Onyankopon,0.0,12,海外,全12话,番剧
1171,冬季恋歌,0.0,26,海外,全26话,番剧
1844,不可思议的教室,9.3,26,海外,全26话,番剧
1278,偶像大师 XENOGLOSSIA,8.3,26,海外,全26话,番剧
39096,交响诗篇 超进化2,9.4,0,海外,2018年11月10日上映,番剧
1426,Happiness!,8.6,12,海外,全12话,番剧
2905,心之国爱丽丝 剧场版,0.0,1,海外,全1话,番剧
1947,十兵卫2 西伯利亚柳生的反击,9.2,13,海外,全13话,番剧
46105,芭比之公主和摇滚训练营,0.0,1,海外,全1话,番剧
2125,天使领域,9.2,26,海外,全26话,番剧
3575,文学少女 剧场版,9.4,1,海外,全1话,番剧
586,学活！ 第二季,0.0,25,海外,全25话,番剧
39095,交响诗篇 超进化1,9.0,0,海外,2017年9月16日上映,番剧
3358,泰坦尼亚,8.6,26,海外,全26话,番剧
804,金属对决 战斗陀螺 ZERO G,0.0,38,海外,全38话,番剧
112218,宠物医生薇达 中文配音,0.0,52,海外,全52话,番剧
2020,返乡战士,9.2,26,海外,全26话,番剧
5464,三者三叶 特典,9.5,3,海外,全3话,番剧
1309,钢铁三国志,8.0,26,海外,全26话,番剧
1445,ZEGAPAIN,9.3,27,海外,全27话,番剧
733,向阳素描×☆☆☆,9.8,12,海外,全12话,番剧
45135,高斯奥特曼2 蓝色星球（中配）,0.0,1,海外,全1话,番剧
5294,ONE～辉之季节～,8.8,4,海外,全4话,番剧
3053,银河铁道之夜 2006,9.5,1,海外,全1话,番剧
2269,魔术士奥芬 -Revenge-,0.0,23,海外,全23话,番剧
2268,魔术士奥芬,9.5,24,海外,全24话,番剧
865,食梦者玛利,8.0,13,海外,全13话,番剧
25450,剧场版 笑傲昙天(外传) 「后篇」,9.3,1,海外,全1话,番剧
4186,决斗大师VS,0.0,49,海外,全49话,番剧
104932,变形金刚：地球火种 第二季 中文配音,0.0,18,海外,全18话,番剧
241361,海底小纵队 第十一季,9.4,25,海外,更新至第25话,番剧
4695,小双侠,0.0,62,海外,全62话,番剧
3850,再见绝望先生 Blu-ray BOX化纪念话,9.6,2,海外,全2话,番剧
1147,NEEDLESS,9.5,24,海外,全24话,番剧
3558,超时空要塞 Flash Back OVA,9.5,1,海外,全1话,番剧
3780,少女们向荒野进发 OVA,8.4,1,海外,全1话,番剧
107392,超级马里奥世界 中文配音,0.0,10,海外,全10话,番剧
2206,此时此刻的我,9.0,13,海外,全13话,番剧
27052,熊猫拍拍 日常篇,0.0,13,海外,全13话,番剧
129604,嗨！道奇 儿歌系列 第二季 中文版,0.0,29,海外,全29话,番剧
1676,竖笛与双肩书包 OAD,9.6,2,海外,全2话,番剧
765,薄樱鬼 番外,9.1,12,海外,全12话,番剧
34023,生日乐园,8.9,1,海外,全1话,番剧
4925,骇客时空 根源,0.0,26,海外,全26话,番剧
2906,四娘物语,9.4,2,海外,全2话,番剧
27055,熊猫拍拍 饮食篇,0.0,7,海外,全7话,番剧
3787,偶像大师 灰姑娘女孩 第一季 OVA,8.5,1,海外,全1话,番剧
4863,冬季花园,9.2,2,海外,全2话,番剧
5485,当女孩遇到熊 SP,8.8,2,海外,全2话,番剧
99690,丁丁历险记 第二季,0.0,13,海外,全13话,番剧
3760,我的女神 剧场版,9.1,1,海外,全1话,番剧
68570,剧场版 兽电战队强龙者 大口咬的音乐,9.4,1,海外,全1话,番剧
143813,怪物数学小分队 第二季 中文配音,0.0,20,海外,全20话,番剧
5263,记忆沉睡的孩子 奔向天空的摇篮,8.6,1,海外,全1话,番剧
45937,小美人鱼,0.0,13,海外,全13话,番剧
798,柴犬子,0.0,26,海外,全26话,番剧
3905,秀逗魔导士 完全无欠版,9.5,1,海外,全1话,番剧
4831,骇客时空 G.U.TRILOGY,0.0,1,海外,全1话,番剧
104244,芝麻街国际版 第52季 中文配音,0.0,35,海外,全35话,番剧
5127,我的妹妹小桃子,9.7,1,海外,全1话,番剧
158260,小猪佩奇之发现新兴趣 中文配音,0.0,23,海外,全23话,番剧
1782,到另一个你的身边去,9.3,24,海外,全24话,番剧
1234,魔法使的注意事项,9.0,12,海外,全12话,番剧
48766,托马斯和他的朋友们 第二十六季（下）,0.0,26,海外,全26话,番剧
796,翡翠森林狼与羊秘密的朋友,9.4,26,海外,全26话,番剧
5302,最终幻想：灵魂深处,9.2,2,海外,全2话,番剧
2217,平行世界物语,8.9,14,海外,全14话,番剧
4305,噬谎者 OVA,8.8,1,海外,全1话,番剧
898,神样DOLLS,8.7,13,海外,全13话,番剧
100749,嗨！道奇 儿歌系列 第一季 中文版,0.0,19,海外,全19话,番剧
2348,狡猾飞天德,9.5,54,海外,全54话,番剧
104931,变形金刚：地球火种 第二季,0.0,18,海外,全18话,番剧
1390,魔界战记 迪斯凯亚,9.5,12,海外,全12话,番剧
25556,贮金大冒险,0.0,52,海外,全52话,番剧
2148,最游记RELOAD 埋葬篇,9.6,3,海外,全3话,番剧
4814,Happiness! 渡良濑准华丽的一天,0.0,1,海外,全1话,番剧
74644,蝙蝠侠动画系列 第二季,0.0,20,海外,全20话,番剧
2285,大运动会,9.5,26,海外,全26话,番剧
3156,依巴拉度~时间篇,9.5,1,海外,全1话,番剧
45650,米奇欢笑多 第3季,0.0,16,海外,全16话,番剧
114895,咱们裸熊 第三季,0.0,56,海外,全56话,番剧
5067,魔法巧克力专门店,0.0,13,海外,全13话,番剧
1223,虎子,9.4,13,海外,全13话,番剧
45652,米奇欢笑多 第4季,0.0,17,海外,全17话,番剧
1250,苍色骑士（中文）,8.4,24,海外,全24话,番剧
97394,汪汪一对宝 第三季,0.0,25,海外,全25话,番剧
1450,我的女神 小不隆咚便利多多,9.6,48,海外,全48话,番剧
3152,绿林寮,9.2,6,海外,全6话,番剧
98761,假面骑士利维斯 疑案谜团,9.0,5,海外,全5话,番剧
3997,无责任舰长OVA,0.0,8,海外,全8话,番剧
3996,无责任舰长 特别篇 孤独一人的战争,0.0,1,海外,全1话,番剧
2332,无责任舰长,9.7,26,海外,全26话,番剧
68625,赛罗奥特曼外传 有机生命体的危机：STAGE2 流星的誓言,9.3,1,海外,全1话,番剧
106857,皮克斯休闲一刻 中文配音,0.0,11,海外,全11话,番剧
40645,兔子机场,0.0,26,海外,全26话,番剧
25572,舞蹈精灵clinoppe,0.0,18,海外,全18话,番剧
236699,星球大战：克隆人战争 第一季,9.9,22,海外,全22话,番剧
870,UN-GO 日记短片,9.2,10,海外,全10话,番剧
2244,守护月天,9.1,22,海外,全22话,番剧
3237,英国一家 吃在正月,0.0,1,海外,全1话,番剧
3050,星星公主,7.4,13,海外,全13话,番剧
47080,托马斯和他的朋友们 第二十二季,0.0,26,海外,全26话,番剧
1312,银河铁道物语,9.1,26,海外,全26话,番剧
1698,PUNKISS！2次元,0.0,24,海外,全24话,番剧
47738,托马斯和他的朋友们 第二十六季（上）,0.0,26,海外,全26话,番剧
121236,兔八哥大工程 第一季 中文配音,0.0,40,海外,全40话,番剧
47310,动画版蜘蛛侠 中文配音,0.0,13,海外,全13话,番剧
25472,碧奇魂,9.5,26,海外,全26话,番剧
6010,少年阿贝 GO!GO!小芝麻 第二季,0.0,32,海外,全32话,番剧
27053,熊猫拍拍 应援团篇,8.3,12,海外,全12话,番剧
96748,樱桃小丸子 第五季 下,0.0,11,海外,全11话,番剧
1953,铁人28号 2004版,9.5,26,海外,全26话,番剧
45133,高斯奥特曼 第一次接触（中配）,0.0,1,海外,全1话,番剧
5418,神秘岛,9.5,40,海外,全40话,番剧
2142,袖珍女仆小梅,9.3,11,海外,全11话,番剧
20554,喷嚏大魔怪,0.0,52,海外,全52话,番剧
1266,破天荒游戏,8.9,10,海外,全10话,番剧
26947,碧奇魂2,0.0,3,海外,全3话,番剧
2485,明日之丈剧场版,9.7,1,海外,全1话,番剧
4876,初夏,9.2,2,海外,全2话,番剧
106856,皮克斯休闲一刻,0.0,11,海外,全11话,番剧
1331,魔人侦探食脑奈罗,9.5,25,海外,全25话,番剧
1117,仰望天空的少女瞳中的世界,8.7,9,海外,全9话,番剧
1399,阴守忍者,8.1,12,海外,全12话,番剧
1349,物怪,9.5,26,海外,全26话,番剧
5411,小妇人（中配）,0.0,26,海外,全26话,番剧
3920,天上天下 THE PAST CHAPTER,0.0,1,海外,全1话,番剧
3919,天上天下 终极格斗,0.0,2,海外,全2话,番剧
48705,乐高漫威复仇者联盟 实习生洛基 中文配音,0.0,1,海外,全1话,番剧
97225,米菲大冒险,0.0,52,海外,全52话,番剧
1330,紫音之王,9.3,22,海外,全22话,番剧
953,分形世界,8.0,11,海外,全11话,番剧
3232,火球,9.4,13,海外,全13话,番剧
36664,佐佐桑比,9.3,102,海外,全102话,番剧
106967,逗逗的日记 中文配音,0.0,5,海外,全5话,番剧
214,绝灭危愚少女,9.0,2,海外,全2话,番剧
25531,超时空游侠,0.0,39,海外,全39话,番剧
1873,库拉乌幻之记忆,9.3,24,海外,全24话,番剧
114893,咱们裸熊 第二季,0.0,26,海外,全26话,番剧
3947,鲁邦三世：爱的记号~ 不二子不幸的一天,9.2,1,海外,全1话,番剧
3268,One Off,9.6,4,海外,全4话,番剧
1764,虽然是玻璃假面 2013版,0.0,17,海外,全17话,番剧
33166,柯鲁布克罗/ Coluboccoro,8.8,1,海外,全1话,番剧
27056,熊猫拍拍 运动篇,0.0,11,海外,全11话,番剧
3973,舞-乙HiME Zwei,9.7,4,海外,全4话,番剧
107470,驯龙高手 救援骑士 第一季 中文配音,0.0,29,海外,全29话,番剧
5255,喜剧,9.5,1,海外,全1话,番剧
86135,飞天小女警 第五季,0.0,34,海外,全34话,番剧
111180,乐一通 第一季 中文配音,0.0,31,海外,全31话,番剧
84952,嗨！道奇 圣诞特辑 中文配音,0.0,1,海外,全1话,番剧
46094,芭比之梦境奇遇记 中文配音,0.0,1,海外,全1话,番剧
86422,屁屁侦探剧场版 股里亚蒂,0.0,1,海外,全1话,番剧
1779,银盘万花筒,9.2,12,海外,全12话,番剧
2449,铁臂阿童木 1980,9.7,52,海外,全52话,番剧
3841,热风海陆bushiroad SP,8.4,1,海外,全1话,番剧
5106,东之伊甸II -Paradise Lost,8.8,2,海外,全2话,番剧
111324,乐一通秀场 第一季,0.0,26,海外,全26话,番剧
2225,宇宙战舰山本洋子,0.0,26,海外,全26话,番剧
5213,魂狩,8.7,13,海外,全13话,番剧
1401,键姬物语 永久爱丽丝轮舞曲,0.0,13,海外,全13话,番剧
109849,功夫熊猫：神龙骑士 第一季 中文配音,0.0,23,海外,全23话,番剧
106860,小松鼠斯克莱特奇遇记,0.0,6,海外,全6话,番剧
4383,夜樱四重奏 月之泣,9.4,3,海外,全3话,番剧
46357,剧场版 美味派对♡光之美少女 梦想的♡儿童套餐！ ,7.9,1,海外,全1话,番剧
1344,素描簿,9.7,13,海外,全13话,番剧
2393,柔道少女,0.0,26,海外,全26话,番剧
5651,星梦手记 广播节目,0.0,20,海外,全20话,番剧
41922,超能陆战队动画系列 第1季 中文配音,0.0,0,海外,,番剧
5180,攻壳机动队ARISE,8.3,4,海外,全4话,番剧
114897,咱们裸熊 第四季,0.0,35,海外,更新至第35话,番剧
2260,梦幻拉拉,0.0,26,海外,全26话,番剧
99693,丁丁历险记 第三季,0.0,13,海外,全13话,番剧
143814,怪物数学小分队 第二季,0.0,20,海外,全20话,番剧
5138,东月西阳,9.2,17,海外,全17话,番剧
92268,小黄人特辑2,0.0,1,海外,全1话,番剧
25945,Hello Kitty 苹果森林 第二季,0.0,13,海外,全13话,番剧
107989,福尔摩斯在22世纪,0.0,26,海外,全26话,番剧
3820,向阳素描 特别篇,9.6,2,海外,全2话,番剧
68624,赛罗奥特曼外传 有机生命体的危机：STAGE1 钢铁的宇宙 中文配音,0.0,1,海外,全1话,番剧
25580,爆TECH!爆丸 激撞,0.0,39,海外,全39话,番剧
3806,魔法骑士雷阿斯 OVA,0.0,3,海外,全3话,番剧
80083,摩登原始人,0.0,28,海外,全28话,番剧
2662,星球流浪记,9.5,52,海外,全52话,番剧
2946,妖魔,0.0,2,海外,全2话,番剧
5694,破邪大星弹劾凰,0.0,3,海外,全3话,番剧
68571,剧场版 兽电战队强龙者 大口咬的音乐（中配）,0.0,1,海外,全1话,番剧
2439,太阳之牙达格拉姆,9.8,75,海外,全75话,番剧
45600,史努比秀 第二季 中文配音,0.0,13,海外,全13话,番剧
86139,芝麻街国际版 第51季 中文配音,0.0,35,海外,全35话,番剧
103735,安迪的全球冒险（上） 中文配音,0.0,15,海外,全15话,番剧
25442,决斗大师 Victory,0.0,52,海外,全52话,番剧
1482,怪医美女RAY,0.0,13,海外,全13话,番剧
4006,咕噜咕噜魔法阵 心跳传说,0.0,38,海外,全38话,番剧
6083,装神少女小缠 OVA,9.2,1,海外,全1话,番剧
5449,幻梦战记莉达,0.0,1,海外,全1话,番剧
1757,很帅很可爱宣言,8.6,5,海外,全5话,番剧
6479,丝缎女孩对谈,8.8,12,海外,全12话,番剧
5265,帕卢姆之树,7.0,1,海外,全1话,番剧
3976,仙乐传说 世界统合篇,0.0,3,海外,全3话,番剧
3975,仙乐传说 迪赛雅兰篇,0.0,4,海外,全4话,番剧
3147,仙乐传说 西尔瓦蓝特篇,0.0,4,海外,全4话,番剧
5498,JOKER GAME SP,9.4,2,海外,全2话,番剧
107366,超级马里奥兄弟3,0.0,13,海外,全13话,番剧
46111,复仇者联盟：九头蛇反扑,0.0,10,海外,全10话,番剧
5641,决斗大师VSR,0.0,51,海外,全51话,番剧
2921,侦探歌剧 少女福尔摩斯 OVA,9.5,2,海外,全2话,番剧
2247,饿沙罗鬼,0.0,25,海外,全25话,番剧
3951,鲁邦三世：the Last Job,9.5,1,海外,全1话,番剧
2989,如果高中棒球社女经理读过杜拉克的《管理学》的话,9.1,10,海外,全10话,番剧
4954,战吼,0.0,13,海外,全13话,番剧
5911,WASIMO,0.0,10,海外,全10话,番剧
6408,无畏魔女 OVA,9.1,1,海外,全1话,番剧
1615,魔法少女砂沙美,0.0,26,海外,全26话,番剧
170501,小马国大小事 第二季 中文配音,0.0,23,海外,全23话,番剧
48649,小羊肖恩 冠军羊,0.0,21,海外,全21话,番剧
45677,惊喜娃娃 惊喜之家 中文配音,0.0,20,海外,全20话,番剧
44087,沦落者之夜,0.0,0,海外,,番剧
5388,舞武器舞亂伎,0.0,12,海外,全12话,番剧
5908,咬屁屁虫 第四季,0.0,10,海外,全10话,番剧
4810,初瓣,0.0,12,海外,全12话,番剧
45599,史努比秀 第二季,0.0,13,海外,全13话,番剧
2291,樱花大战 OVA1 樱华绚烂,9.4,4,海外,全4话,番剧
103733,安迪的全球冒险（下） 中文配音,0.0,15,海外,全15话,番剧
2442,心跳今夜,0.0,34,海外,全34话,番剧
231262,驯龙高手 重回家园（中配）,0.0,1,海外,全1话,番剧
1143,川之光,0.0,1,海外,全1话,番剧
84951,嗨！道奇 圣诞特辑,0.0,1,海外,全1话,番剧
24329,闪电十一人GO 究极之绊 狮鹫兽,0.0,1,海外,全1话,番剧
6478,爱米 -WE LOVE RICE- 第二季,0.0,12,海外,全12话,番剧
1864,心动的日子,9.5,26,海外,全26话,番剧
1859,极上学生会,9.3,26,海外,全26话,番剧
3328,创龙传,0.0,12,海外,全12话,番剧
1975,四圣兽 ～圣兽降临篇～,0.0,6,海外,全6话,番剧
4031,神秘的世界 EL-HAZARD 2 OVA,0.0,4,海外,全4话,番剧
4030,异次元的世界 El Hazard,0.0,13,海外,全13话,番剧
5134,魔法少女加奈,0.0,13,海外,全13话,番剧
41921,超能陆战队动画系列 第1季,0.0,0,海外,,番剧
44852,漂流家园,8.4,1,海外,全1话,番剧
3801,机器人少女Z SP,9.3,3,海外,全3话,番剧
46606,黑衣警探 第四季 中文配音,0.0,12,海外,全12话,番剧
143811,怪物数学小分队 第一季,0.0,30,海外,全30话,番剧
2216,进化战记,0.0,26,海外,全26话,番剧
3720,星际赛车,0.0,1,海外,全1话,番剧
48025,托马斯和他的朋友们 第十九季,0.0,26,海外,全26话,番剧
99701,甜甜私房猫 第五季,0.0,12,海外,全12话,番剧
48704,乐高漫威复仇者联盟 实习生洛基,0.0,1,海外,全1话,番剧
5925,咪咪流浪记,0.0,51,海外,全51话,番剧
98758,假面骑士利维斯 外传 亲爱的母亲,9.8,2,海外,全2话,番剧
231258,驯龙高手 重回家园,9.6,1,海外,全1话,番剧
108924,小马国大小事 第一季(下) ,0.0,34,海外,全34话,番剧
101405,变形金刚：猛兽侠 第二季,0.0,13,海外,全13话,番剧
1959,骇客时空 黄昏的腕轮传说,0.0,12,海外,全12话,番剧
2167,女神候补生,0.0,12,海外,全12话,番剧
3562,Macross Plus 剧场版,9.5,1,海外,全1话,番剧
5179,星际少年队,0.0,26,海外,全26话,番剧
46100,芭比之星际大冒险 中文配音,0.0,1,海外,全1话,番剧
3773,魔法老师！～另一个世界,9.0,5,海外,全5话,番剧
3254,东京糖衣巧克力,9.3,2,海外,全2话,番剧
5833,重力异想世界2 序章,9.3,1,海外,全1话,番剧
5476,手冢治虫的佛陀：永无止境之旅,9.0,1,海外,全1话,番剧
4886,砂沙美魔法少女俱乐部 第一季,0.0,13,海外,全13话,番剧
3969,小小雪精灵 夏季特别篇,0.0,2,海外,全2话,番剧
2119,小小雪精灵,9.7,24,海外,全24话,番剧
26763,欢迎来到宇宙SHOW,9.3,1,海外,全1话,番剧
48339,米奇妙妙秋日 中文配音,0.0,1,海外,全1话,番剧
3312,永恒传说,0.0,13,海外,全13话,番剧
2243,快杰蒸汽侦探团,0.0,26,海外,全26话,番剧
460,声优战队VOICESTORM7,0.0,11,海外,全11话,番剧
1884,遥远时空中 舞一夜,9.5,1,海外,全1话,番剧
25852,铃铛猫娘 圣诞特别篇,0.0,1,海外,全1话,番剧
46098,芭比之狗狗奇遇记 中文配音,0.0,1,海外,全1话,番剧
1985,宇宙星路,9.6,26,海外,全26话,番剧
2153,我家也有外星人,9.3,13,海外,全13话,番剧
4820,超剧场版 Keroro军曹2 深海的公主,9.5,1,海外,全1话,番剧
5887,咬屁屁虫 第一季,0.0,20,海外,全20话,番剧
4941,超剧场版 Keroro军曹,9.0,1,海外,全1话,番剧
1272,奔向地球,9.5,24,海外,全24话,番剧
5920,盖塔机器人 剧场版,0.0,4,海外,全4话,番剧
4023,宇宙战舰大和号 复活篇,0.0,1,海外,全1话,番剧
1679,你好七叶 第一季,9.4,13,海外,全13话,番剧
27048,香蕉怪大叔 呐呐~呐（第一季）,9.3,24,海外,全24话,番剧
2430,小小外星人,0.0,50,海外,全50话,番剧
3935,鲁邦三世：鲁邦暗杀指令,9.5,1,海外,全1话,番剧
129835,变形金刚塞伯坦传奇 第四季,0.0,2,海外,全2话,番剧
76126,啄木鸟伍迪 第一季,0.0,13,海外,全13话,番剧
6510,再造人卡辛（OVA）,0.0,4,海外,全4话,番剧
1946,十兵卫 心形眼罩的秘密,9.5,13,海外,全13话,番剧
20320,美男高校地球防卫部LOVE！LOVE！LOVE！,9.2,1,海外,全1话,番剧
48261,芭比之思佩的保姆大冒险 中文配音,0.0,1,海外,全1话,番剧
1849,出云战记,0.0,12,海外,全12话,番剧
45109,奇异水域 第二季,0.0,10,海外,全10话,番剧
776,希望宅邸3D 第二季,0.0,13,海外,全13话,番剧
1249,雨月,9.2,13,海外,全13话,番剧
1579,摸索吧！部活剧 再来一个,9.5,12,海外,全12话,番剧
46212,惊喜娃娃玩乐系列1,0.0,14,海外,全14话,番剧
46210,惊喜娃娃剧场版1,0.0,1,海外,全1话,番剧
3573,战国BASARA 剧场版 -The Last Party-,0.0,2,海外,全2话,番剧
46605,黑衣警探 第四季,0.0,13,海外,全13话,番剧
6144,科学小飞侠II（1978）,0.0,52,海外,全52话,番剧
3352,千岁 Get You!!,9.4,26,海外,全26话,番剧
3974,舞-乙HiME 0～S.ifr～,9.6,3,海外,全3话,番剧
170505,小马国大小事 第二季,0.0,23,海外,全23话,番剧
2785,无家可归的小孩,0.0,26,海外,全26话,番剧
1970,高桥留美子剧场,9.8,13,海外,全13话,番剧
72712,芭比之再来点魔法,0.0,26,海外,全26话,番剧
4099,寿司忍者,0.0,3,海外,全3话,番剧
25564,决斗大师Victory V,0.0,51,海外,全51话,番剧
2222,微星小超人,0.0,52,海外,全52话,番剧
3937,鲁邦三世：燃烧的斩铁剑,9.5,1,海外,全1话,番剧
46602,黑衣警探 第二季 中文配音,0.0,12,海外,全12话,番剧
3831,风－心之呼吸 OVA,0.0,3,海外,全3话,番剧
1891,风-心之呼吸-,0.0,16,海外,全16话,番剧
3946,鲁邦三世： sweet lost night~魔法的神灯是噩梦的预感~,9.5,1,海外,全1话,番剧
2885,火球 魅力之章,9.4,13,海外,全13话,番剧
2422,忍者战士飞影,0.0,43,海外,全43话,番剧
1412,工作狂人,9.3,11,海外,全11话,番剧
4993,克拉斯特学院,0.0,25,海外,全25话,番剧
48337,米奇妙妙夏日 中文配音,0.0,1,海外,全1话,番剧
1572,黏黏糊糊!!角质君 第2期,0.0,13,海外,全13话,番剧
1942,银河天使,0.0,26,海外,全26话,番剧
3775,魔法老师涅吉! ANIME FINAL,9.0,1,海外,全1话,番剧
2806,昆虫小精灵,0.0,3,海外,全3话,番剧
521,科学小飞侠 OVA（1994）,0.0,3,海外,全3话,番剧
73084,宇宙大师：启示录(中配),0.0,10,海外,全10话,番剧
3315,Z计划,0.0,1,海外,全1话,番剧
1968,读或死 OVA,9.4,3,海外,全3话,番剧
5957,爱米 -WE LOVE RICE-,0.0,12,海外,全12话,番剧
679,笨蛋的悲剧人生,8.6,3,海外,全3话,番剧
3944,鲁邦三世：雾之谜,9.2,1,海外,全1话,番剧
48341,米奇妙妙冬日 中文配音,0.0,1,海外,全1话,番剧
24334,闪电十一人 最强军团王牙来袭,0.0,1,海外,全1话,番剧
6335,海天使的灯火,8.3,12,海外,全12话,番剧
6376,解谜之音 KAITO×ANSA,0.0,12,海外,全12话,番剧
48046,艾莲娜公主 第一季,0.0,26,海外,全26话,番剧
46095,芭比之海豚魔法,0.0,1,海外,全1话,番剧
1984,机魂末世录,9.1,22,海外,全22话,番剧
2400,铁拳小子,0.0,20,海外,全20话,番剧
94436,不可思议的粗点心店钱天堂,0.0,20,海外,全20话,番剧
99357,假面骑士欧兹 10周年 复活的核心硬币（中配）,0.0,1,海外,全1话,番剧
5410,小妇人,0.0,26,海外,全26话,番剧
2220,日本第一男人之魂,0.0,16,海外,全16话,番剧
6049,斯特拉的魔法 OVA,9.6,2,海外,全2话,番剧
24969,交给你了!奇迹猫团,0.0,32,海外,全32话,番剧
99369,假面骑士魂骑x剑锋,0.0,1,海外,全1话,番剧
2253,南海奇皇,0.0,48,海外,全48话,番剧
45320,姆明山谷 第二季 中文配音,0.0,26,海外,全26话,番剧
3931,鲁邦三世：拿破仑词典争夺战,9.4,1,海外,全1话,番剧
4312,温泉巡礼,8.7,1,海外,全1话,番剧
3058,神枪少女 -IL TEATRINO- OVA,0.0,2,海外,全2话,番剧
1325,向日葵！ 第一季,0.0,13,海外,全13话,番剧
45056,惊喜娃娃剧场版2 中文配音,0.0,1,海外,全1话,番剧
3943,鲁邦三世：沃尔特P38,9.6,1,海外,全1话,番剧
5453,至尊勇者,0.0,50,海外,全50话,番剧
2035,东京地下城,0.0,26,海外,全26话,番剧
1895,御伽草子,0.0,26,海外,全26话,番剧
1169,空中秋千,9.6,11,海外,全11话,番剧
2947,布雷斯塔警长,0.0,65,海外,全65话,番剧
216,DOUBLE CIRCLE,0.0,4,海外,全4话,番剧
3965,天空战记 创世前的暗斗,0.0,6,海外,全6话,番剧
4056,机甲创世记 OVA,0.0,1,海外,全1话,番剧
2432,机甲创世记,0.0,25,海外,全25话,番剧
107988,福尔摩斯在22世纪 中文配音,0.0,26,海外,全26话,番剧
1494,战国无双SP 真田之章,0.0,1,海外,全1话,番剧
33854,樱花大战 OVA2轰华绚烂,9.1,6,海外,全6话,番剧
99367,星球大战：幻境 第二季,0.0,9,海外,全9话,番剧
3830,逮捕令 剧场版 墨东署最大危机,9.6,1,海外,全1话,番剧
5502,极道君漫游记,9.7,26,海外,全26话,番剧
5278,秋之回忆 OVA,9.2,3,海外,全3话,番剧
4926,大魔法峠,9.5,8,海外,全8话,番剧
4451,古斯柯布多力传记,8.6,1,海外,全1话,番剧
6072,踢向明天,0.0,52,海外,全52话,番剧
27792,快盗天使双胞胎,0.0,12,海外,全12话,番剧
2207,地球防卫企业,9.6,26,海外,全26话,番剧
46091,芭比之电玩英雄,0.0,1,海外,全1话,番剧
4626,偷影子的老鼠,9.5,1,海外,全1话,番剧
1235,魔法使的注意事项 夏季的天空,9.1,12,海外,全12话,番剧
1343,逮捕令 OVA,9.4,4,海外,全4话,番剧
5900,咬屁屁虫 第二季,0.0,32,海外,全32话,番剧
1329,神灵狩,8.9,22,海外,全22话,番剧
4875,BALDR FORCE EXE RESOLUTION,0.0,4,海外,全4话,番剧
1950,铁人28号,0.0,50,海外,全50话,番剧
46093,芭比之梦境奇遇记,0.0,1,海外,全1话,番剧
109543,芭比的神秘之旅：伟大的寻马记 中文配音,0.0,10,海外,全10话,番剧
4022,宇宙战舰大和号 完结篇,0.0,1,海外,全1话,番剧
45636,惊喜娃娃 冬日迪斯科,0.0,1,海外,全1话,番剧
5209,飞天少女猪,0.0,51,海外,全51话,番剧
751,激战！弹珠人 第二季,0.0,12,海外,全12话,番剧
602,天使的水果糖,9.2,1,海外,全1话,番剧
158249,小猪佩奇之幼儿园生活,0.0,20,海外,全20话,番剧
4748,地狱天使,9.3,1,海外,全1话,番剧
3822,向阳素描×365 特别篇,9.6,2,海外,全2话,番剧
85596,超人动画版 第一季,0.0,13,海外,全13话,番剧
3945,鲁邦三世：炎之记忆 东京危机,9.6,1,海外,全1话,番剧
6087,阿信,9.5,1,海外,全1话,番剧
2100,圣石小子,9.4,51,海外,全51话,番剧
47992,我是格鲁特 第二季 中文配音,0.0,5,海外,全5话,番剧
4714,茄子 带着旅行箱的候鸟,9.6,1,海外,全1话,番剧
5233,爆斗宣言大钢弹,0.0,39,海外,全39话,番剧
109848,功夫熊猫：神龙骑士 第一季,0.0,23,海外,全23话,番剧
26144,怪侠佐罗利 谜之宝物大作战,0.0,1,海外,全1话,番剧
1883,遥远时空中 紫阳花物语,0.0,2,海外,全2话,番剧
2455,再见了宇宙战舰大和号 爱的战士们,0.0,1,海外,全1话,番剧
20603,火球 幽默之章,9.6,3,海外,全3话,番剧
3948,鲁邦三世：1美元的战争,9.5,1,海外,全1话,番剧
25559,银河铁道物语II 永远的分歧点,0.0,26,海外,全26话,番剧
46175,大雪海的卡纳 星之贤者,8.4,1,海外,全1话,番剧
28548,Four of a Kind 四牌士 第二季,9.0,12,海外,全12话,番剧
48662,惊喜娃娃 惊喜之家2 中文配音,0.0,18,海外,全18话,番剧
4916,秋之回忆5 中断的胶片,9.5,1,海外,全1话,番剧
47169,芭比之二人搭档,0.0,26,海外,全26话,番剧
5937,侦探歌剧 夏日特别篇,9.6,1,海外,全1话,番剧
3565,超时空要塞F 恋离飞翼 后篇,9.6,1,海外,全1话,番剧
3226,灵犬雪丽,0.0,52,海外,全52话,番剧
2213,A.D.特警,0.0,12,海外,全12话,番剧
1277,机神大战巨型方程式,0.0,26,海外,全26话,番剧
5616,重装甲少女组,9.5,13,海外,全13话,番剧
344,成为偶像www,0.0,12,海外,全12话,番剧
48258,芭比美人鱼之力,0.0,1,海外,全1话,番剧
27794,超剧场版 Keroro军曹4 龙勇士的逆袭,9.3,1,海外,全1话,番剧
6074,银河战国群雄传,0.0,52,海外,全52话,番剧
46603,黑衣警探 第三季,0.0,14,海外,全14话,番剧
111181,乐一通 第一季,0.0,31,海外,全31话,番剧
597,团地友夫,0.0,79,海外,全79话,番剧
3353,同人WORK,9.3,12,海外,全12话,番剧
31855,非科学定制（广播剧）,0.0,15,海外,全15话,番剧
684,地狱幼稚园,0.0,12,海外,全12话,番剧
44005,太空家族,0.0,26,海外,全26话,番剧
4433,决斗大师 Victory V3,0.0,3,海外,全3话,番剧
2349,天命神童,4.2,52,海外,全52话,番剧
4970,苍之茧,9.2,1,海外,全1话,番剧
47991,我是格鲁特 第二季,0.0,5,海外,全5话,番剧
214545,动物兄弟 第七季,0.0,20,海外,全20话,番剧
68626,赛罗奥特曼外传 有机生命体的危机：STAGE2 流星的誓言 中文配音,0.0,1,海外,全1话,番剧
4236,乔瓦尼之岛,8.7,1,海外,全1话,番剧
3415,遥远时空中2 白龙之神子,0.0,3,海外,全3话,番剧
99689,丁丁历险记 第二季 中文配音,0.0,13,海外,全13话,番剧
27809,超剧场版 Keroro军曹3 Keroro 对 Keroro 天空大决战,9.4,1,海外,全1话,番剧
2043,安倍桥魔法☆商店街,9.4,13,海外,全13话,番剧
4224,雾熊s,0.0,13,海外,全13话,番剧
107393,超级马里奥世界,0.0,10,海外,全10话,番剧
37957,石川由依 朗读剧系列UTA-KATA,9.7,1,海外,全1话,番剧
1335,BLUE DROP 天使们的戏曲,9.3,13,海外,全13话,番剧
215477,超能敢死队 第一季,0.0,78,海外,全78话,番剧
929,战国鬼才传,9.7,39,海外,全39话,番剧
6160,科学小飞侠F（1979）,0.0,48,海外,全48话,番剧
114128,暴太郎战队咚兄弟对决全开者,7.8,1,海外,全1话,番剧
6004,The Snack World,0.0,50,海外,全50话,番剧
5910,玉家典当铺,9.1,6,海外,全6话,番剧
1918,驰风！赛艇王,0.0,25,海外,全25话,番剧
91650,超人动画版 第二季,0.0,28,海外,全28话,番剧
2267,星方武侠,0.0,26,海外,全26话,番剧
2257,青涩宝贝,0.0,12,海外,全12话,番剧
3082,无敌超人赞波3,9.4,23,海外,全23话,番剧
5077,永远的艾塞莉娅,0.0,2,海外,全2话,番剧
3278,背骑少女,8.8,12,海外,全12话,番剧
2391,猫怪麦克,0.0,14,海外,全14话,番剧
158258,小猪佩奇之职业大探索,0.0,27,海外,全27话,番剧
4885,砂沙美魔法少女俱乐部 第二季,0.0,13,海外,全13话,番剧
3912,Peeping Life×怪兽酒场 怪兽们的所在之处,0.0,10,海外,全10话,番剧
1919,驰风！赛艇王 V,0.0,25,海外,全25话,番剧
1952,超电动机器人 铁人28号FX,0.0,47,海外,全47话,番剧
642,直白标题机器人动画,0.0,12,海外,全12话,番剧
27793,超剧场版 Keroro军曹5 诞生！究极Keroro奇迹的时空岛！,9.3,1,海外,全1话,番剧
1099,毒蛇信条,0.0,12,海外,全12话,番剧
104243,芝麻街国际版 第52季,0.0,35,海外,全35话,番剧
45319,姆明山谷 第二季,0.0,26,海外,全26话,番剧
48175,小美人鱼 第二季 中文配音,0.0,9,海外,全9话,番剧
2252,女棒甲子园,0.0,26,海外,全26话,番剧
1430,银色的奥林西斯,0.0,12,海外,全12话,番剧
3821,向阳素描×☆☆☆ 特别篇,9.7,2,海外,全2话,番剧
99368,星球大战：绝地传奇,0.0,6,海外,全6话,番剧
3150,蓝宝石之谜 剧场版,0.0,1,海外,全1话,番剧
25577,科学小飞侠 特番,0.0,100,海外,全100话,番剧
45323,芭比和小凯莉消失的生日,0.0,1,海外,全1话,番剧
46601,黑衣警探 第二季,0.0,13,海外,全13话,番剧
1990,高机动幻想～新结行军歌～,9.3,12,海外,全12话,番剧
2280,灵异猎人,0.0,12,海外,全12话,番剧
5208,雅诺斯的梦幻,0.0,1,海外,全1话,番剧
2482,铁甲飞天侠,9.5,26,海外,全26话,番剧
68563,优莱卡 交响诗篇 超进化,0.0,1,海外,全1话,番剧
4953,银发的阿基多,7.9,1,海外,全1话,番剧
92265,小黄人特辑1 中文配音,0.0,1,海外,全1话,番剧
47381,莓果小娇娃 中文配音,0.0,26,海外,全26话,番剧
4302,新世界 未来篇,0.0,1,海外,全1话,番剧
3342,急救超人兵团,0.0,12,海外,全12话,番剧
5421,科学小飞侠Crowds SP,9.6,1,海外,全1话,番剧
1951,太阳的使者 铁人28号,0.0,51,海外,全51话,番剧
4815,GR铁甲人,0.0,13,海外,全13话,番剧
3982,机甲界卡利安 OVA,0.0,3,海外,全3话,番剧
2431,机甲界卡利安,0.0,25,海外,全25话,番剧
3909,秀逗魔导士 EXCELLENT,0.0,3,海外,全3话,番剧
47640,匹诺曹成长记 第一季,0.0,26,海外,全26话,番剧
2849,浪漫追星社,9.4,15,海外,全15话,番剧
214543,动物兄弟 第五季,0.0,20,海外,全20话,番剧
26180,怪侠佐罗利 第二季,0.0,50,海外,全50话,番剧
76140,啄木鸟伍迪 第三季,0.0,14,海外,全14话,番剧
113476,刺猬索尼克历险记 中文配音,0.0,64,海外,全64话,番剧
1232,西洋古董洋果子店,9.3,12,海外,全12话,番剧
3134,最强机器人 大王者,0.0,50,海外,全50话,番剧
76139,啄木鸟伍迪 第二季,0.0,13,海外,全13话,番剧
1496,少年好莱坞 第二季,0.0,13,海外,全13话,番剧
46658,绿毛怪格林奇,0.0,0,海外,2018年11月9日上映,番剧
99692,丁丁历险记 第三季 中文配音,0.0,13,海外,全13话,番剧
87972,宇宙的巨人希曼 中文配音,0.0,26,海外,全26话,番剧
2861,无口的森田小姐 OVA,9.3,1,海外,全1话,番剧
4004,超时空世纪02,0.0,6,海外,全6话,番剧
99366,乐高星球大战：重建银河系,0.0,4,海外,全4话,番剧
5320,基因攻防战,0.0,13,海外,全13话,番剧
3077,出云传奇,0.0,2,海外,全2话,番剧
2850,浪漫追星社 特典,0.0,8,海外,全8话,番剧
48661,惊喜娃娃 冬季时装秀 中文配音,0.0,1,海外,全1话,番剧
4992,高机动幻想GPO 第二季,0.0,24,海外,全24话,番剧
86181,独角兽骑士队 中文配音,0.0,19,海外,全19话,番剧
47993,古典宝宝,0.0,0,海外,,番剧
4951,轰烈弹珠人,0.0,50,海外,全50话,番剧
1397,甜蜜声优,9.2,10,海外,全10话,番剧
2029,最终兵器彼女,9.1,13,海外,全13话,番剧
5442,宠猫学园,0.0,10,海外,全10话,番剧
3132,超地下偶像,0.0,12,海外,全12话,番剧
5444,病毒,0.0,12,海外,全12话,番剧
1469,玻璃舰队,0.0,26,海外,全26话,番剧
76141,啄木鸟伍迪 第四季,0.0,13,海外,全13话,番剧
26181,怪侠佐罗利 第三季,0.0,47,海外,全47话,番剧
892,战国☆天堂 -极-,0.0,26,海外,全26话,番剧
4763,七色星露,9.4,12,海外,全12话,番剧
99363,假面骑士圣刃×灵骑（中配）,0.0,1,海外,全1话,番剧
45055,惊喜娃娃剧场版2,0.0,1,海外,全1话,番剧
5381,危险调查员,0.0,39,海外,全39话,番剧
158261,小猪佩奇之发现新兴趣,0.0,23,海外,全23话,番剧
2071,盗贼王Jing,9.6,13,海外,全13话,番剧
92267,小黄人特辑2 中文配音,0.0,1,海外,全1话,番剧
223539,摩尔秀 第二季 中文配音,0.0,52,海外,全52话,番剧
5414,弹道,0.0,26,海外,全26话,番剧
5415,生化体,0.0,12,海外,全12话,番剧
2250,影技,0.0,26,海外,全26话,番剧
1414,后天的方向,9.5,12,海外,全12话,番剧
236798,盖比的娃娃屋 第三季,0.0,18,海外,全18话,番剧
3279,卡罗尔,0.0,1,海外,全1话,番剧
45110,奇异水域 第二季 中文配音,0.0,10,海外,全10话,番剧
3960,翼神传说 间奏曲：她与她自己,0.0,1,海外,全1话,番剧
96975,剧场版 假面骑士利维斯（中配）,0.0,1,海外,全1话,番剧
1934,风人物语,9.3,13,海外,全13话,番剧
5472,雷顿教授与永远的歌姬,9.6,1,海外,全1话,番剧
787,夏色奇迹,9.4,12,海外,全12话,番剧
46213,惊喜娃娃玩乐系列1 中文配音,0.0,14,海外,全14话,番剧
6399,科学小飞侠 THE MOVIE,0.0,1,海外,全1话,番剧
48176,乐高迪士尼公主：城堡大冒险,0.0,1,海外,全1话,番剧
937,和殿下一起～眼罩之野心～,0.0,12,海外,全12话,番剧
1851,王牌鉴定人,0.0,37,海外,全37话,番剧
4020,宇宙战舰大和号 新的旅程,0.0,1,海外,全1话,番剧
109850,嗨！道奇 第五季（上）,0.0,20,海外,全20话,番剧
2223,火魅子传,0.0,12,海外,全12话,番剧
888,无口的森田小姐 2,9.6,13,海外,全13话,番剧
887,无口的森田小姐,9.6,13,海外,全13话,番剧
6136,侦探歌剧 少女福尔摩斯 派对之夜,9.6,1,海外,全1话,番剧
48841,阿拉丁 第二季 中文配音,0.0,8,海外,全8话,番剧
5546,3年D班玻璃假面,0.0,12,海外,全12话,番剧
48719,星际艾拉 中文配音,0.0,52,海外,全52话,番剧
47061,姆明山谷 第三季,0.0,26,海外,全26话,番剧
3012,希曼的新冒险,0.0,65,海外,全65话,番剧
4900,年老的鳄鱼,8.7,1,海外,全1话,番剧
108928,安迪的全球冒险之动物宝宝任务 中文配音,0.0,15,海外,全15话,番剧
3906,秀逗魔导士 RETURN,0.0,1,海外,全1话,番剧
98760,假面骑士 超越世代（中配）,0.0,1,海外,全1话,番剧
48703,乐高星球大战 节日特送 中文配音,0.0,1,海外,全1话,番剧
5186,金星战记,0.0,1,海外,全1话,番剧
25557,银河铁道物语 被遗忘时间的惑星,0.0,4,海外,全4话,番剧
85595,超人动画版 第一季 中文配音,0.0,12,海外,全12话,番剧
121962,爆丸之星域争霸 第二季,0.0,104,海外,全104话,番剧
3963,相聚一刻番外篇 一刻岛飘流记,0.0,1,海外,全1话,番剧
2506,相聚一刻 完结篇,0.0,1,海外,全1话,番剧
5649,星梦手记 生放送,0.0,5,海外,全5话,番剧
102726,啄木鸟伍迪 第一季 中文配音,0.0,13,海外,全13话,番剧
48651,小羊肖恩 圣诞大冒险,0.0,1,海外,全1话,番剧
45107,奇异水域 第一季,0.0,10,海外,全10话,番剧
99365,假面骑士圣刃 深罪三重奏（中配）,0.0,1,海外,全1话,番剧
106797,未来童话,0.0,13,海外,全13话,番剧
95539,超人动画版 第三季,0.0,13,海外,全13话,番剧
86183,独角兽骑士队,0.0,19,海外,全19话,番剧
112221,怪鸭历险记 中文配音,0.0,26,海外,全26话,番剧
1972,人生交叉点-HUMAN SCRAMBLE-,9.2,13,海外,全13话,番剧
2429,超时空骑团,0.0,23,海外,全23话,番剧
2298,VS骑士弹珠汽水&40炎,0.0,26,海外,全26话,番剧
2087,DI GI CHARAT Nyo,0.0,50,海外,全50话,番剧
2475,钢铁杰克,0.0,46,海外,全46话,番剧
91649,超人动画版 第二季 中文配音,0.0,28,海外,全28话,番剧
4540,虹色萤火虫～永远的暑假～,9.5,1,海外,全1话,番剧
5496,彼得潘的冒险,0.0,41,海外,全41话,番剧
158243,小猪佩奇之好习惯养成,0.0,25,海外,全25话,番剧
48925,乐高星球大战：机器人传奇 第一季 中文配音,0.0,5,海外,全5话,番剧
4584,Blossom,9.3,1,海外,全1话,番剧
5926,ZEGAPAIN ADP,0.0,1,海外,全1话,番剧
3907,秀逗魔导士 GREAT,0.0,1,海外,全1话,番剧
1478,格斗美神·武龙,0.0,25,海外,全25话,番剧
129603,嗨！道奇 儿歌系列 第二季 英文版,0.0,29,海外,全29话,番剧
113539,芝麻街国际版 第53季 中文配音,0.0,35,海外,全35话,番剧
4019,永远的大和号,0.0,1,海外,全1话,番剧
4168,好朋友,9.3,6,海外,全6话,番剧
112998,爆丸之星域争霸,0.0,100,海外,全100话,番剧
6378,PIKO太郎的摇篮曲,0.0,12,海外,全12话,番剧
26230,忍空,0.0,52,海外,全52话,番剧
113483,刺猬索尼克 第一季 中文配音,0.0,13,海外,全13话,番剧
48334,米奇妙妙春日,0.0,1,海外,全1话,番剧
2090,战斗陀螺 剧场版,0.0,1,海外,全1话,番剧
4488,Xi AVANT,0.0,4,海外,全4话,番剧
2421,苍之流星SPT雷兹纳,0.0,38,海外,全38话,番剧
599,我是国王,0.0,12,海外,全12话,番剧
2983,佛兰德斯的狗,9.6,1,海外,全1话,番剧
47382,迪米小鸟奇遇记 第二季,0.0,25,海外,全25话,番剧
5081,雪之女王,0.0,39,海外,全39话,番剧
1506,Doamaiger D,0.0,13,海外,全13话,番剧
1326,向日葵！ 第二季,0.0,13,海外,全13话,番剧
1889,奇幻旅程,0.0,26,海外,全26话,番剧
48260,芭比与思佩的保姆大冒险,0.0,1,海外,全1话,番剧
45108,奇异水域 第一季 中文配音,0.0,10,海外,全10话,番剧
130002,面包和面条,0.0,26,海外,全26话,番剧
2086,Di Gi Charat Panyo Panyo,0.0,48,海外,全48话,番剧
5705,少女抚子恋爱手册,0.0,1,海外,全1话,番剧
4432,巧克力小狗,0.0,1,海外,全1话,番剧
4547,装甲骑兵 孤影再临,0.0,1,海外,全1话,番剧
2058,钢琴恋曲,0.0,10,海外,全10话,番剧
26013,迷宫物语,8.8,1,海外,全1话,番剧
5004,思考与绘画：日本新世纪艺术动画,0.0,9,海外,全9话,番剧
106798,未来童话 第二季,0.0,13,海外,全13话,番剧
1417,天保异闻妖奇士,0.0,25,海外,全25话,番剧
4955,彻之进,0.0,51,海外,全51话,番剧
3849,玉响～more aggressive～ OVA,9.4,1,海外,全1话,番剧
5598,小白角,9.7,1,海外,全1话,番剧
1943,银河天使Z,0.0,18,海外,全18话,番剧
111319,乐一通 第二季 中文配音,0.0,11,海外,全11话,番剧
936,和殿下一起 1分钟剧场,0.0,12,海外,全12话,番剧
221026,滴滴大冒险,0.0,26,海外,全26话,番剧
2156,无敌王,0.0,22,海外,全22话,番剧
1954,铁人28号 白昼之残月,0.0,1,海外,全1话,番剧
223537,摩尔秀 第一季 中文配音,0.0,52,海外,全52话,番剧
86138,芝麻街国际版 第51季,0.0,35,海外,全35话,番剧
48174,小美人鱼 第二季,0.0,9,海外,全9话,番剧
113477,刺猬索尼克历险记,0.0,64,海外,全64话,番剧
4608,剧场传说,0.0,5,海外,全5话,番剧
3823,向阳素描 沙英・寻 毕业篇,9.7,2,海外,全2话,番剧
5478,超机甲发明小子,0.0,21,海外,全21话,番剧
5565,街角的童话,8.9,1,海外,全1话,番剧
2698,野良耳,0.0,12,海外,全12话,番剧
1229,野良耳,0.0,12,海外,全12话,番剧
111020,傻大猫和崔弟鸟 第一季 中文配音,0.0,13,海外,全13话,番剧
2437,银河漂流VIFAM,0.0,47,海外,全47话,番剧
5585,Peeping Life -The Perfect Edit,0.0,10,海外,全10话,番剧
129325,道奇和它的朋友们（上）,0.0,13,海外,全13话,番剧
1941,To Heart 回忆永恒,9.1,13,海外,全13话,番剧
4620,.hack//世界的彼方,9.3,1,海外,全1话,番剧
48840,阿拉丁 第二季,0.0,8,海外,全8话,番剧
4128,辛巴达 飞翔公主与秘密之岛,0.0,1,海外,全1话,番剧
1148,大正野球娘,9.4,12,海外,全12话,番剧
3825,向阳素描×SP,9.7,2,海外,全2话,番剧
48924,乐高星球大战：机器人传奇 第一季,0.0,5,海外,全5话,番剧
111322,乐一通 第三季 中文配音,0.0,9,海外,全9话,番剧
32996,圣诞老人公司 ～圣诞节的秘密～,8.6,1,海外,全1话,番剧
48718,星际艾拉,0.0,52,海外,全52话,番剧
646,漫画少女,8.9,14,海外,全14话,番剧
39930,粉鲶小溪的电视台打工日记,0.0,12,海外,全12话,番剧
2829,笨笨森林日志,0.0,26,海外,全26话,番剧
47380,莓果小娇娃,0.0,26,海外,全26话,番剧
4117,香菜酱和她的亲人们,9.2,1,海外,全1话,番剧
4153,故事少女穗乃花,0.0,1,海外,全1话,番剧
3910,秀逗魔导士 PREMIUM,0.0,1,海外,全1话,番剧
945,苏希的动物园,0.0,10,海外,全10话,番剧
2465,超人战队BARATTACK,0.0,31,海外,全31话,番剧
4046,剧场版 虽然是玻璃假面,0.0,1,海外,全1话,番剧
99370,假面骑士魂骑x剑锋（中配）,0.0,1,海外,全1话,番剧
2937,水晶国传说,0.0,3,海外,全3话,番剧
5571,宇宙兄弟#0,9.6,1,海外,全1话,番剧
25579,企鹅掌门人,0.0,20,海外,全20话,番剧
1006,一期一会~你的话语~,8.9,13,海外,全13话,番剧
3991,大运动会 OVA,0.0,6,海外,全6话,番剧
80727,唐老鸭俱乐部：时空之旅,0.0,5,海外,全5话,番剧
241358,海底小纵队 第十一季 英文版,0.0,25,海外,更新至第25话,番剧
4002,无口的森田小姐 OAD,9.4,2,海外,全2话,番剧
1101,迷宫塔 ～乌鲁克之剑～,8.1,12,海外,全12话,番剧
2473,无敌龙卷风,0.0,39,海外,全39话,番剧
103736,安迪的全球冒险（上）,0.0,15,海外,全15话,番剧
48650,小羊肖恩 农夫的美洲驼,0.0,1,海外,全1话,番剧
25562,铃铛猫娘 赏花特别篇,0.0,2,海外,全2话,番剧
2201,格斗小霸王,0.0,26,海外,全26话,番剧
25574,少年桑塔的大冒险,0.0,24,海外,全24话,番剧
5923,超爆裂异次元卡片大战,0.0,32,海外,全32话,番剧
5300,大~集合！小魔女DoReMi 青蛙石的秘密,9.5,1,海外,全1话,番剧
4134,热血人面犬,0.0,3,海外,全3话,番剧
1845,快乐七人组,0.0,13,海外,全13话,番剧
3908,秀逗魔导士 GORGEOUS,0.0,1,海外,全1话,番剧
25571,Good Morning!!! DORONJO,0.0,50,海外,全50话,番剧
5396,罐装萌兽,0.0,52,海外,全52话,番剧
3044,贤治之春,9.7,1,海外,全1话,番剧
5448,托尔与洛基：血亲,9.5,4,海外,全4话,番剧
102734,啄木鸟伍迪 第三季 中文配音,0.0,14,海外,全14话,番剧
121235,兔八哥大工程 第一季,0.0,40,海外,全40话,番剧
72669,宇宙大师：启示录,0.0,10,海外,全10话,番剧
4259,圣诞老人公司,0.0,1,海外,全1话,番剧
100165,星球大战：绝地传奇 中文配音,0.0,6,海外,全6话,番剧
3215,地球变动之日,0.0,1,海外,全1话,番剧
2302,勇者指令 OVA,0.0,1,海外,全1话,番剧
113485,刺猬索尼克 第二季 中文配音,0.0,13,海外,全13话,番剧
95540,超人动画版 第三季 中文配音,0.0,13,海外,全13话,番剧
4994,河童的饲养方法,0.0,6,海外,全6话,番剧
4047,银河冒险战记 胎动篇,0.0,1,海外,全1话,番剧
2434,银河疾风,0.0,43,海外,全43话,番剧
27747,小双侠 新双侠机械大集合！玩具国大决战，骰子！,0.0,1,海外,全1话,番剧
1007,面包咪咪,0.0,5,海外,全5话,番剧
48702,乐高星球大战 节日特送,0.0,1,海外,全1话,番剧
2351,御宅族的錄影帶,0.0,1,海外,全1话,番剧
1269,全力兔子,0.0,52,海外,全52话,番剧
6170,兔龟 女高网球部外传 SP,0.0,1,海外,全1话,番剧
4040,宇宙战舰山本洋子II,0.0,3,海外,全3话,番剧
2226,宇宙战舰山本洋子,0.0,3,海外,全3话,番剧
5436,究极超人R,0.0,1,海外,全1话,番剧
4935,警察战车队 TANK S.W.A.T.,0.0,1,海外,全1话,番剧
2441,银河烈风,0.0,39,海外,全39话,番剧
3093,我要上太空,0.0,20,海外,全20话,番剧
101674,史努比露营大冒险 第一季 中文配音,0.0,13,海外,全13话,番剧
25570,铃铛猫娘 夏季特别篇 2000,0.0,4,海外,全4话,番剧
1751,究极KERORO 奇迹的时空岛,0.0,1,海外,全1话,番剧
5100,战斗妖精少女 救救我！小Mave,0.0,1,海外,全1话,番剧
5889,1磅的福音,0.0,1,海外,全1话,番剧
87971,宇宙的巨人希曼,0.0,26,海外,全26话,番剧
5712,怪力少女,0.0,2,海外,全2话,番剧
3019,星空奇迹,0.0,1,海外,全1话,番剧
4552,野良剧,0.0,1,海外,全1话,番剧
25578,流星机学生霸,0.0,3,海外,全3话,番剧
4048,银河冒险战记 激斗篇,0.0,1,海外,全1话,番剧
158461,出发！佩奇的交通工具图鉴,0.0,11,海外,全11话,番剧
102727,啄木鸟伍迪 第二季 中文配音,0.0,13,海外,全13话,番剧
91096,宇宙大师：启示录 2 中文配音,0.0,5,海外,全5话,番剧
3980,拳王创世纪1 影道篇,0.0,6,海外,全6话,番剧
2197,六翼天使之声,0.0,12,海外,全12话,番剧
118997,匹诺曹成长记 第二季,0.0,26,海外,全26话,番剧
113538,芝麻街国际版 第53季,0.0,26,海外,全26话,番剧
170673,嗨！道奇 第五季（下）,0.0,20,海外,全20话,番剧
5706,辛巴达 魔法之灯和移动岛,0.0,1,海外,全1话,番剧
3079,我的小行星【中文】,0.0,26,海外,全26话,番剧
6392,先驱少女的日常茶饭事,0.0,5,海外,全5话,番剧
113482,刺猬索尼克 第一季,0.0,13,海外,全13话,番剧
5452,幻想叙谭艾尔西亚,0.0,4,海外,全4话,番剧
101675,史努比露营大冒险 第一季,0.0,13,海外,全13话,番剧
5270,时空转抄纳斯卡,0.0,12,海外,全12话,番剧
5463,精神力量,0.0,2,海外,全2话,番剧
2933,.HACK//Quantum,9.6,3,海外,全3话,番剧
5483,地下巧克力 我们的巧克力战争,0.0,1,海外,全1话,番剧
38151,辛巴达 真昼之夜与不可思议之门,0.0,1,海外,全1话,番剧
4678,猴兔超人,0.0,4,海外,全4话,番剧
5205,铁鼻子,0.0,52,海外,全52话,番剧
5274,完全胜利大帝王,0.0,1,海外,全1话,番剧
109542,芭比的神秘之旅：伟大的寻马记,0.0,10,海外,全10话,番剧
5766,HEROMAN短篇,0.0,3,海外,全3话,番剧
5866,天才傻瓜 复活的弗兰德之犬,0.0,1,海外,全1话,番剧
2245,波波罗古洛伊斯物语,0.0,25,海外,全25话,番剧
214544,动物兄弟 第六季,0.0,20,海外,全20话,番剧
103734,安迪的全球冒险（下） ,0.0,15,海外,全15话,番剧
25575,铃铛猫娘 暑假特别篇,0.0,4,海外,全4话,番剧
111321,乐一通 第三季,0.0,9,海外,全9话,番剧
2838,恋爱☆迁都 COI☆SENTO,0.0,1,海外,全1话,番剧
4541,玛丽莫之花~最强武斗派小学生传说~,0.0,1,海外,全1话,番剧
26136,卡姆伊之剑,0.0,1,海外,全1话,番剧
158352,小猪佩奇之新朋友相遇季,0.0,29,海外,全29话,番剧
5838,魔天战神 OVA,0.0,2,海外,全2话,番剧
4606,侠猪布塔,0.0,1,海外,全1话,番剧
48340,米奇妙妙冬日,0.0,1,海外,全1话,番剧
158443,小猪佩奇之美食总动员,0.0,8,海外,全8话,番剧
102735,啄木鸟伍迪 第四季 中文配音,0.0,13,海外,全13话,番剧
5096,梦幻骑士IV 时之旅人,0.0,1,海外,全1话,番剧
118998,匹诺曹成长记 第二季 中文配音,0.0,26,海外,全26话,番剧
108929,安迪的全球冒险之动物宝宝任务,0.0,15,海外,全15话,番剧
6037,魔法提琴手 剧场版,0.0,1,海外,全1话,番剧
5493,赤足小子2,0.0,1,海外,全1话,番剧
2476,钢铁杰克 剧场版,0.0,1,海外,全1话,番剧
111320,乐一通 第二季,0.0,11,海外,全11话,番剧
158255,小猪佩奇之节日狂欢夜,0.0,14,海外,全14话,番剧
5927,八神君的家庭事件,0.0,3,海外,全3话,番剧
2461,宇宙魔神大剑豪,0.0,26,海外,全26话,番剧
5432,阿大是我哥,0.0,1,海外,全1话,番剧
5708,大小姐搜查网,0.0,1,海外,全1话,番剧
105805,乐高星球大战：重建银河系 中文配音,0.0,4,海外,全4话,番剧
5116,玻璃兔,0.0,1,海外,全1话,番剧
1444,莉莉和青蛙和弟弟,0.0,1,海外,全1话,番剧
111021,傻大猫和崔弟鸟 第一季,0.0,13,海外,全13话,番剧
48336,米奇妙妙夏日,0.0,1,海外,全1话,番剧
158252,小猪佩奇之好友侦探社,0.0,12,海外,全12话,番剧
105806,星球大战：幻境 第二季 中文配音,0.0,9,海外,全9话,番剧
2284,NEXT战记EHRGEIZ,0.0,12,海外,全12话,番剧
25576,铃铛猫娘 新年特别篇,0.0,2,海外,全2话,番剧
25573,春之笛,0.0,1,海外,全1话,番剧
113484,刺猬索尼克 第二季,0.0,13,海外,全13话,番剧
91095,宇宙大师：启示录 2,0.0,5,海外,全5话,番剧
4036,苍之流星SPT雷兹纳 OVA,0.0,3,海外,全3话,番剧
48338,米奇妙妙秋日,0.0,1,海外,全1话,番剧
5285,愿你在此,0.0,4,海外,全4话,番剧
958,万能蔬菜卜卜侠,0.0,1,海外,全1话,番剧
5273,加州危机,0.0,1,海外,全1话,番剧
957,麻衣的魔法和家庭日,0.0,1,海外,全1话,番剧
5810,少年剑道王直角,0.0,36,海外,全36话,番剧
5949,如风似云,0.0,1,海外,全1话,番剧
3978,和殿下一起,0.0,1,海外,全1话,番剧
158254,小猪佩奇之泥坑跳跳乐,0.0,13,海外,全13话,番剧
4778,我家三姐妹,0.0,13,海外,全13话,番剧
5223,蓝色计划 地球SOS,0.0,6,海外,全6话,番剧
5002,幸福之祈祷,0.0,1,海外,全1话,番剧
4817,史诗创造者年代纪,0.0,12,海外,全12话,番剧
1358,铁子之旅,0.0,13,海外,全13话,番剧
5697,火圣旅团999.9,0.0,1,海外,全1话,番剧
5880,敌人是海盗- 猫们的飨宴,0.0,6,海外,全6话,番剧
3417,遥远时空中3 无尽的命运,0.0,1,海外,全1话,番剧
2997,海豚便利店,0.0,1,海外,全1话,番剧
3005,GA 艺术科美术设计班 OVA,0.0,1,海外,全1话,番剧
223540,摩尔秀 第二季,0.0,52,海外,全52话,番剧
4948,练马萝卜兄弟,0.0,12,海外,全12话,番剧
5573,地狱堂灵界通信,0.0,1,海外,全1话,番剧
4009,天使特警 剧场版 觉醒篇,0.0,1,海外,全1话,番剧
5225,立食师列传,0.0,1,海外,全1话,番剧
4578,农业娘,0.0,1,海外,全1话,番剧
158263,小猪佩奇之逆商成长记,0.0,20,海外,全20话,番剧
5475,秋叶原电脑组 2011年的暑假,0.0,1,海外,全1话,番剧
3816,不可思议的教室 OVA,0.0,1,海外,全1话,番剧
4011,天使特警 剧场版 黎明篇,0.0,1,海外,全1话,番剧
5638,拉链超人组,0.0,1,海外,全1话,番剧
1902,玛德莱克丝,9.3,26,海外,全26话,番剧
4277,古町与团五郎,0.0,4,海外,全4话,番剧
215502,超能敢死队 第二季,0.0,13,海外,全13话,番剧
158393,小猪佩奇之蹦蹦跳跳身体好,0.0,11,海外,全11话,番剧
215618,超能敢死队 第五季,0.0,8,海外,全8话,番剧
215585,超能敢死队 第三季,0.0,8,海外,全8话,番剧
215602,超能敢死队 第四季,0.0,9,海外,全9话,番剧
223536,摩尔秀 第一季,0.0,52,海外,全52话,番剧
48687,精灵幻想记 第二季,7.4,12,海外,全12话,番剧
41511,ULTRAMAN 机动奥特曼 第二季,7.9,6,海外,全6话,番剧
2545,云之彼端，约定的地方,9.0,1,海外,全1话,番剧
46181,新网球王子 U-17世界杯,7.1,13,海外,全13话,番剧
39468,鲁邦三世 第六季,9.4,22,海外,全22话,番剧
572,KARNEVAL狂欢节,9.6,13,海外,全13话,番剧
21603,粗点心战争2,9.2,12,海外,全12话,番剧
1056,凉宫春日的忧郁 2006,9.7,14,海外,全14话,番剧
5513,终末的伊泽塔,9.3,12,海外,全12话,番剧
36290,偶像荣耀/IDOLY PRIDE,9.8,12,海外,全12话,番剧
4367,魔法战争,4.4,12,海外,全12话,番剧
38411,艾克斯奥特曼（中配）,9.3,24,海外,全24话,番剧
3448,命运石之门 聪明睿智的认知计算,9.7,4,海外,全4话,番剧
48296,小猪佩奇 第十季 英文版,0.0,26,海外,全26话,番剧
632,学生会的一己之见 Lv.2,9.8,10,海外,全10话,番剧
27992,BEM,8.3,12,海外,全12话,番剧
23873,鹿枫堂,9.7,12,海外,全12话,番剧
1576,希德尼娅的骑士 第一季,9.7,12,海外,全12话,番剧
3454,鬼斩,8.8,12,海外,全12话,番剧
1406,奇幻贵公子,9.4,25,海外,全25话,番剧
2015,全金属狂潮,9.5,24,海外,全24话,番剧
1602,灼眼的夏娜II -Second-,9.2,24,海外,全24话,番剧
1446,校园迷糊大王,9.8,26,海外,全26话,番剧
529,八犬传 -东方八犬异闻- 第二季,9.7,13,海外,全13话,番剧
1589,罪恶王冠 SP,8.9,11,海外,全11话,番剧
2321,怪盗圣少女,9.8,43,海外,全43话,番剧
4990,天堂之吻,9.6,12,海外,全12话,番剧
5543,学园帅哥,9.5,12,海外,全12话,番剧
32916,影之诗,3.5,48,海外,全48话,番剧
3542,排球少年剧场版 结束与开始,9.8,1,海外,全1话,番剧
4355,告白实行委员会 告白预演,9.3,1,海外,全1话,番剧
91513,天才治疗师退队作为无照治疗师快乐过活,8.2,12,海外,全12话,番剧
28577,超级小白,9.6,48,海外,全48话,番剧
4356,告白实行委员会 嫉忌的答复,9.3,1,海外,全1话,番剧
2034,越狱兔 前传,9.7,13,海外,全13话,番剧
46082,冒险者女儿到大都市当了S级冒险者,8.9,13,海外,全13话,番剧
4548,名侦探柯南 第11个前锋,9.0,1,海外,全1话,番剧
4140,告白实行委员会 我于此刻恋上你,9.3,1,海外,全1话,番剧
4439,名侦探柯南 绝海的侦探,6.4,1,海外,全1话,番剧
3209,牙狼 -炎之刻印-,9.3,25,海外,全25话,番剧
4680,SD高达三国传 Brave Battle Warriors,9.6,51,海外,全51话,番剧
42406,关于养猫我一直是新手,9.7,30,海外,全30话,番剧
24332,明日之丈,9.7,79,海外,全79话,番剧
44689,哆啦A梦：大雄与天空的理想乡,9.1,0,海外,2023年6月1日上映,番剧
42321,测不准的阿波连同学 中配版,8.4,12,海外,全12话,番剧
44850,PUI PUI 天竺鼠车车,9.7,12,海外,全12话,番剧
47256,马达加斯加企鹅 第一季 中文配音,9.4,26,海外,全26话,番剧
5466,闪电十一人,9.7,127,海外,全127话,番剧
45465,索尼克：回家大冒险,9.2,22,海外,全22话,番剧
39308,开心锤锤,6.0,1397,中国,更新至第1397话,国创
28747,凡人修仙传,9.7,176,中国,更新至第176话,国创
34149,我是不白吃,9.3,1037,中国,更新至第1037话,国创
42073,小魔国漫大百科,9.4,611,中国,更新至第611话,国创
40551,奶龙,0.0,150,中国,全150话,国创
39340,小品一家人,0.0,500,中国,全500话,国创
45969,牧神记,9.6,86,中国,更新至第86话,国创
38436,元气食堂,9.5,354,中国,更新至第354话,国创
41890,面膜妈妈养娃,0.0,0,中国,,国创
38147,黄逗菌,9.1,50,中国,全50话,国创
24298,非人哉,9.8,96,中国,全96话,国创
2543,狐妖小红娘,9.5,100,中国,全100话,国创
26015,王者？别闹！,9.2,86,中国,更新至第86话,国创
1733,罗小黑战记,9.9,43,中国,全43话,国创
45327,虫小绿历史为什么,0.0,507,中国,更新至第507话,国创
26257,三体,8.2,15,中国,全15话,国创
35213,永生,8.6,82,中国,全82话,国创
39395,大神探诸葛九九,0.0,500,中国,全500话,国创
22088,灵笼 第一季,9.6,16,中国,全16话,国创
44872,宝宝巴士儿歌3D版,8.1,200,中国,全200话,国创
40731,MR.BONE,9.6,0,中国,,国创
44176,伍六七之暗影宿命,9.2,10,中国,全10话,国创
28763,天官赐福,8.9,12,中国,全12话,国创
26194,仙王的日常生活,4.7,15,中国,全15话,国创
3863,镇魂街 第一季,9.1,24,中国,全24话,国创
39111,一口小鸭梨,7.7,100,中国,全100话,国创
36594,伍六七之玄武国篇,9.8,10,中国,全10话,国创
39947,有兽焉,9.8,60,中国,全60话,国创
41889,快把舅舅带走,0.0,0,中国,,国创
6402,一人之下 第二季,9.5,24,中国,全24话,国创
38755,铁头与橘子,0.0,199,中国,全199话,国创
35220,时光代理人,9.8,12,中国,全12话,国创
33323,雾山五行,9.9,7,中国,全7话,国创
26311,凹凸世界 第三季,9.4,40,中国,全40话,国创
26266,元龙,8.9,16,中国,全16话,国创
39696,仙王的日常生活 第三季,7.8,12,中国,全12话,国创
48518,宗门里除了我都是卧底,0.0,152,中国,全152话,国创
5626,镇魂街 第二季,7.4,10,中国,全10话,国创
6360,伍六七,9.8,13,中国,全13话,国创
28510,伍六七之最强发型师,9.8,10,中国,全10话,国创
38368,小狮子赛几,9.5,104,中国,全104话,国创
35201,仙王的日常生活 第二季,6.8,12,中国,全12话,国创
39386,飞狗MOCO,7.5,100,中国,全100话,国创
46585,灵笼 第二季,9.8,12,中国,全12话,国创
48315,伍六七之记忆碎片,7.7,10,中国,全10话,国创
39707,中国奇谭,9.9,8,中国,全8话,国创
39394,无限吃鸡小队 第二季,2.7,500,中国,全500话,国创
28761,少年歌行 风花雪月篇,8.5,33,中国,全33话,国创
28757,两不疑,9.6,24,中国,全24话,国创
43554,凸变英雄X,9.5,24,中国,全24话,国创
43547,镇魂街 第三季,9.7,16,中国,全16话,国创
33725,獭獭突然想到,9.7,24,中国,全24话,国创
35202,元龙 第二季,6.6,16,中国,全16话,国创
40720,猪屁登,0.0,500,中国,全500话,国创
105244,王蓝莓搞笑一家人,9.2,79,中国,全79话,国创
1689,那年那兔那些事儿 第一季,9.7,12,中国,全12话,国创
5050,一人之下,9.3,12,中国,全12话,国创
21911,我家大师兄脑子有坑,9.4,26,中国,全26话,国创
105231,王蓝莓的搞笑日常,9.5,69,中国,全69话,国创
41553,无限王者小队,2.5,0,中国,,国创
28758,猫之茗,9.8,40,中国,全40话,国创
39666,时光代理人 第二季,9.1,12,中国,全12话,国创
32321,大理寺日志,9.8,12,中国,全12话,国创
48578,镇魂街 第四季,9.8,26,中国,全26话,国创
24608,少年歌行,9.5,26,中国,全26话,国创
42009,这里是峡谷公寓,0.0,56,中国,全56话,国创
26193,百妖谱,9.4,12,中国,全12话,国创
41187,小小朱历史课,8.8,305,中国,更新至第305话,国创
41393,凹凸世界 第四季,8.6,20,中国,全20话,国创
105121,王蓝莓的童年时光,9.3,35,中国,全35话,国创
37558,逗酱萌鸭的睡前小故事,8.1,182,中国,全182话,国创
25469,如果历史是一群喵 1-3季,9.7,38,中国,全38话,国创
3043,凹凸世界 第一季,8.8,32,中国,全32话,国创
2967,那年那兔那些事儿 第二季,9.6,12,中国,全12话,国创
39722,两不疑 第二季,9.8,24,中国,全24话,国创
39659,第一序列,9.6,16,中国,全16话,国创
39706,元龙 第三季,6.8,16,中国,全16话,国创
5559,那年那兔那些事儿 第三季,9.6,12,中国,全12话,国创
6159,妖神记,7.8,120,中国,全120话,国创
39457,不白吃话山海经,9.3,41,中国,全41话,国创
26196,我家大师兄是个反派,9.0,13,中国,全13话,国创
32544,喜羊羊与灰太狼之羊村守护者,9.8,60,中国,全60话,国创
41445,小狮子赛几 第2季,9.6,104,中国,全104话,国创
2647,口水三国,8.5,124,中国,全124话,国创
5885,京剧猫,9.8,60,中国,全60话,国创
27796,阿衰,7.1,34,中国,全34话,国创
48416,哪吒之魔童闹海,9.8,0,中国,2025年1月29日上映,国创
41527,叽歪老表,4.6,0,中国,,国创
39688,君有云,9.1,24,中国,全24话,国创
25346,京剧猫 第三季,9.9,52,中国,全52话,国创
43340,仙王的日常生活 第四季,8.5,12,中国,全12话,国创
26232,天宝伏妖录,9.6,13,中国,全13话,国创
45734,少年歌行 海外仙山篇,8.1,26,中国,全26话,国创
25813,萌妻食神,9.3,36,中国,全36话,国创
45197,哈小浪之超时空星战,0.0,30,中国,全30话,国创
39661,百妖谱·京师篇,9.8,12,中国,全12话,国创
47144,熊出没,9.7,52,中国,全52话,国创
25567,通灵妃,8.8,16,中国,全16话,国创
5839,一禅小和尚,8.7,100,中国,全100话,国创
28751,火凤燎原,9.6,16,中国,全16话,国创
33962,阿衰 第三季,8.6,34,中国,全34话,国创
48143,时光代理人 英都篇,9.3,6,中国,全6话,国创
28770,我的三体之章北海传,9.9,9,中国,全9话,国创
96881,开心锤锤世界,9.1,57,中国,更新至第57话,国创
24438,小绿和小蓝,9.7,72,中国,全72话,国创
35195,百妖谱 第二季,9.2,12,中国,全12话,国创
47853,喜羊羊与灰太狼,9.8,530,中国,全530话,国创
6038,风灵玉秀,9.8,26,中国,全26话,国创
47348,非人哉 第二季,9.7,25,中国,全25话,国创
28541,那年那兔那些事儿 第五季,9.6,11,中国,全11话,国创
26228,汉化日记,9.8,12,中国,全12话,国创
24267,剑网3·侠肝义胆沈剑心,9.8,12,中国,全12话,国创
39664,无限世界,8.1,16,中国,全16话,国创
6352,凹凸世界 第二季,9.0,20,中国,全20话,国创
101854,非人哉 第三季,9.7,19,中国,更新至第19话,国创
34617,京剧猫 第四季,9.9,26,中国,全26话,国创
38029,阿衰 第四季,9.1,34,中国,全34话,国创
660,十万个冷笑话 第一季,9.0,8,中国,全8话,国创
39695,靠你啦！战神系统,9.5,16,中国,全16话,国创
25618,0号宿舍,9.8,14,中国,全14话,国创
39689,天官赐福 第二季,0.0,0,中国,即将开播,国创
105250,王蓝莓的迷惑行为,9.4,21,中国,更新至第21话,国创
6018,那年那兔那些事儿 第四季,9.4,12,中国,全12话,国创
43344,亏成首富从游戏开始,9.2,16,中国,全16话,国创
39668,命运拳台,9.8,12,中国,全12话,国创
39708,赘婿,8.6,12,中国,全12话,国创
39842,狐三藏,6.6,0,中国,,国创
38881,阿衰 第五季,9.1,34,中国,全34话,国创
39697,暂停！让我查攻略,9.4,12,中国,全12话,国创
43055,新神榜：杨戬,8.4,0,中国,2022年8月19日上映,国创
39710,谎颜,8.9,16,中国,全16话,国创
34062,汉化日记 第二季,9.8,12,中国,全12话,国创
43369,大道朝天,9.7,16,中国,全16话,国创
35226,咸鱼哥,9.5,18,中国,全18话,国创
28423,剑网3·侠肝义胆沈剑心 第二季,9.6,12,中国,全12话,国创
28198,罗小黑战记,9.6,0,中国,2019年9月7日上映,国创
34277,剑网3·侠肝义胆沈剑心 第三季,9.8,24,中国,全24话,国创
39716,炼气练了3000年,7.4,16,中国,全16话,国创
5430,凸变英雄 BABA,9.8,12,中国,全12话,国创
34569,肥志百科,9.7,169,中国,全169话,国创
32543,喜羊羊与灰太狼之奇趣外星客,9.6,60,中国,全60话,国创
39701,龙蛇演义,7.2,16,中国,全16话,国创
43364,百妖谱·司府篇,9.2,12,中国,全12话,国创
5857,妖怪名单 第二季,9.2,21,中国,全21话,国创
73976,中国奇谭2,8.6,9,中国,全9话,国创
35199,天宝伏妖录 第二季,9.6,13,中国,全13话,国创
29589,如果历史是一群喵 4-5季,8.9,26,中国,全26话,国创
6400,京剧猫 第二季,9.8,52,中国,全52话,国创
39694,我家大师兄有点靠谱,8.2,13,中国,全13话,国创
39693,食草老龙被冠以恶龙之名,9.6,12,中国,全12话,国创
24971,请吃红小豆吧！,9.8,12,中国,全12话,国创
43343,爱上她的理由,8.7,22,中国,全22话,国创
44871,安全警长啦咘啦哆,0.0,52,中国,全52话,国创
661,十万个冷笑话 第二季,9.2,13,中国,全13话,国创
22087,凸变英雄 LEAF,9.4,12,中国,全12话,国创
35403,D5小队,9.6,13,中国,全13话,国创
4657,我的三体之罗辑传,9.9,11,中国,全11话,国创
662,尸兄,9.2,41,中国,全41话,国创
73973,玄界之门,8.6,26,中国,全26话,国创
34806,大耳朵图图 第一季,9.8,26,中国,全26话,国创
24638,我家大师兄脑子有坑 特别篇,8.4,52,中国,全52话,国创
90883,我的师兄太强了,0.0,48,中国,全48话,国创
6052,叫我僵小鱼 日常篇,9.0,71,中国,全71话,国创
5366,虹猫蓝兔七侠传,9.9,108,中国,全108话,国创
42930,兔克兔克,0.0,200,中国,全200话,国创
6499,中国古诗词动漫,9.9,0,中国,,国创
46188,少年歌行 血染天启篇,7.2,26,中国,全26话,国创
26208,大王不高兴,7.8,12,中国,全12话,国创
41531,毛茸茸的星球,9.8,0,中国,,国创
39460,阿衰 第六季,9.2,34,中国,全34话,国创
28254,凹凸学园,9.5,15,中国,全15话,国创
6012,快把我哥带走,9.5,12,中国,全12话,国创
41366,是王者啊？云中篇,9.3,27,中国,全27话,国创
26222,请吃红小豆吧！第二季,9.7,16,中国,全16话,国创
24709,百鬼幼儿园,9.5,10,中国,全10话,国创
35209,你真是个天才,8.4,24,中国,全24话,国创
40773,阿衰 第七季,7.5,34,中国,全34话,国创
39690,我的异界之旅,3.4,40,中国,全40话,国创
27991,女武神的餐桌,9.4,10,中国,全10话,国创
39719,汉化日记 第三季,9.6,12,中国,全12话,国创
39711,小魔头暴露啦！,8.6,26,中国,全26话,国创
45975,我的三体 第四季,9.6,9,中国,全9话,国创
1700,王牌御史,9.4,39,中国,全39话,国创
33822,凹凸学园 第二季,7.1,20,中国,全20话,国创
23695,峡谷重案组,8.4,26,中国,全26话,国创
35208,烈火浇愁,9.8,12,中国,全12话,国创
34276,剑网3·侠肝义胆沈剑心之长漂,9.4,20,中国,全20话,国创
26795,没出息的阴阳师一家,9.5,12,中国,全12话,国创
73968,深空彼岸,9.1,23,中国,更新至第23话,国创
35215,黑门,9.7,12,中国,全12话,国创
73972,仙王的日常生活 第五季,8.9,12,中国,全12话,国创
26189,万国志,9.7,16,中国,全16话,国创
34808,大耳朵图图 第二季,9.8,26,中国,全26话,国创
26265,残次品·放逐星空,5.9,16,中国,全16话,国创
26221,我开动物园那些年,5.8,13,中国,全13话,国创
45960,虎鹤妖师录,9.7,24,中国,全24话,国创
1704,我的三体,9.7,11,中国,全11话,国创
37663,新神榜：哪吒重生,8.9,0,中国,2021年2月12日上映,国创
3042,从前有座灵剑山,8.2,12,中国,全12话,国创
43337,回铭之烽火三月,9.8,16,中国,全16话,国创
43362,傲世九重天,8.9,12,中国,全12话,国创
45357,霸王龙雷奇,0.0,52,中国,全52话,国创
46223,都市神医：七个师姐保我无敌,6.1,140,中国,更新至第140话,国创
39895,万圣街,9.7,24,中国,全24话,国创
6355,拳皇命运,7.0,48,中国,全48话,国创
5451,那年那兔那些事儿 番外篇,9.6,5,中国,全5话,国创
39718,星源之主,7.9,48,中国,全48话,国创
5856,银之守墓人,5.2,23,中国,全23话,国创
39104,白蛇2：青蛇劫起,8.5,0,中国,2021年7月23日上映,国创
28760,请吃红小豆吧！ 第三季,9.8,12,中国,全12话,国创
47998,赘婿 第二季,9.7,16,中国,全16话,国创
46987,奇趣特工队精品大合集,0.0,88,中国,全88话,国创
44883,宝宝巴士儿歌启蒙好情绪好品格,0.0,34,中国,全34话,国创
38966,人偶学园,9.8,10,中国,全10话,国创
20213,哈哈滑小稽,8.7,47,中国,全47话,国创
33688,女武神的餐桌 第二季,9.3,8,中国,全8话,国创
72937,火凤燎原 第二季,9.7,16,中国,全16话,国创
22189,阴阳师·平安物语 ,9.6,12,中国,全12话,国创
41437,喜羊羊与灰太狼之筐出未来,9.8,0,中国,2022年2月1日上映,国创
5741,女生宿舍日常,9.3,12,中国,全12话,国创
47787,虫小绿历史为什么之发明篇,0.0,36,中国,更新至第36话,国创
44884,宝宝巴士启蒙音乐剧汽车帮帮队,0.0,18,中国,全18话,国创
48519,神道帝尊,0.0,48,中国,全48话,国创
43348,反派初始化,9.8,16,中国,全16话,国创
28769,妖神记之黑狱篇,5.1,52,中国,全52话,国创
41869,思无邪,9.5,12,中国,全12话,国创
45965,鲲吞天下之掌门归来,9.2,12,中国,全12话,国创
6270,前方高能之辣稽,8.6,16,中国,全16话,国创
5861,从前有座灵剑山 第二季,5.5,12,中国,全12话,国创
34244,秦侠,8.6,12,中国,全12话,国创
33540,请吃红小豆吧！ 第四季,9.7,12,中国,全12话,国创
39712,战千年,8.5,16,中国,全16话,国创
34809,大耳朵图图 第三季,9.8,26,中国,全26话,国创
73941,百妖谱·洛阳篇,9.8,12,中国,全12话,国创
46593,月魁传 动态漫画,8.1,60,中国,全60话,国创
33781,没出息的阴阳师一家2,9.6,12,中国,全12话,国创
97682,浪浪山小妖怪,9.8,0,中国,2025年8月2日上映,国创
37547,D5小队 第二季,9.2,12,中国,全12话,国创
26357,百鬼幼儿园 第二季,9.6,12,中国,全12话,国创
35206,定海浮生录,7.9,12,中国,全12话,国创
32068,斗破苍穹 动态漫 第二季 ,8.5,52,中国,全52话,国创
43057,明日方舟：黎明前奏,9.5,8,中国,全8话,国创
39458,阿衰 第二季,9.5,34,中国,全34话,国创
84438,凹凸世界·新生,9.9,6,中国,更新至第6话,国创
6353,狐妖小红娘 日语版,7.6,24,中国,全24话,国创
33040,我不是教主 动态漫,9.3,24,中国,全24话,国创
33712,大王不高兴 第二季,7.1,12,中国,全12话,国创
32379,聪明的顺溜 第二季,9.7,52,中国,全52话,国创
5853,口水三国 第二季,8.7,46,中国,全46话,国创
44885,宝宝巴士启蒙音乐剧百变奇妙家族,0.0,27,中国,全27话,国创
45976,仙帝归来,8.8,16,中国,全16话,国创
42543,中华小子,9.9,26,中国,全26话,国创
6022,菊叔5岁画,8.9,41,中国,全41话,国创
39709,胶囊计划,9.4,11,中国,全11话,国创
25069,小黄人和萌友,9.2,40,中国,全40话,国创
27821,全职高手之巅峰荣耀,6.6,0,中国,2019年8月16日上映,国创
3531,口水封神,8.7,36,中国,全36话,国创
46555,胶囊计划 第二季,9.8,13,中国,全13话,国创
44496,深海,9.2,0,中国,2023年1月22日上映,国创
5849,少年锦衣卫,9.0,13,中国,全13话,国创
34816,大耳朵图图--小小欢乐魔法师 ,9.8,26,中国,全26话,国创
42051,傻瓜猫和笨蛋狗,0.0,50,中国,全50话,国创
48625,六样情——《黑神话：悟空》章节动画原版合集,9.8,6,中国,全6话,国创
28762,拾忆长安·明月几时有,8.3,12,中国,全12话,国创
26884,最后的召唤师,8.3,12,中国,全12话,国创
39669,长夜开拓者,6.4,16,中国,全16话,国创
33309,百鬼幼儿园 第三季,9.4,12,中国,全12话,国创
32999,小仓鼠笛笛的直播日记,8.8,119,中国,全119话,国创
35207,时空之隙,8.4,13,中国,全13话,国创
38309,如果历史是一群喵 第6季,9.3,13,中国,全13话,国创
34819,大耳朵图图-彩色世界,9.7,26,中国,全26话,国创
32015,功夫兔与菜包狗 第二季,9.7,10,中国,全10话,国创
6230,小花仙,7.0,52,中国,全52话,国创
2542,勇者大冒险 第一季,9.7,26,中国,全26话,国创
35370,姜子牙,7.6,0,中国,2020年10月1日上映,国创
43546,异人君莫邪,7.8,12,中国,全12话,国创
43308,汉化日记 第四季,9.8,12,中国,全12话,国创
44876,宝宝巴士启蒙音乐剧美食总动员,0.0,43,中国,全43话,国创
43358,山海际会,8.8,50,中国,全50话,国创
90209,罗小黑战记2,9.9,0,中国,2025年7月18日上映,国创
3252,黑白无双,8.7,12,中国,全12话,国创
43353,十方武圣,9.0,16,中国,全16话,国创
35214,长剑风云,7.6,10,中国,全10话,国创
45961,幻宠师,8.7,16,中国,全16话,国创
43373,区区不才，在下野怪,8.0,28,中国,全28话,国创
42701,独行月球,9.1,12,中国,全12话,国创
43350,不死不灭,5.6,16,中国,全16话,国创
91792,国产动画季度导视,0.0,0,中国,更新至2026年4-6月导视,国创
35203,爸妈来自二次元,8.5,24,中国,全24话,国创
5147,超神学院之黑甲,9.6,10,中国,全10话,国创
5855,阿拉德：宿命之门,2.8,20,中国,全20话,国创
39702,兵主奇魂,5.6,24,中国,全24话,国创
48004,落凡尘,9.6,0,中国,2024年7月12日上映,国创
27933,少女前线 人形小剧场,9.6,24,中国,全24话,国创
23789,叫我僵小鱼 日常篇2,8.8,65,中国,全65话,国创
6178,茶啊二中男寝501,9.1,20,中国,全20话,国创
43248,萌芽熊,0.0,100,中国,全100话,国创
26191,异常生物见闻录,3.8,13,中国,全13话,国创
45171,三十六骑,9.6,13,中国,全13话,国创
6358,黑白无双 第二季,8.2,12,中国,全12话,国创
39755,哔哔Q,0.0,0,中国,,国创
349,功夫兔与菜包狗,9.8,12,中国,全12话,国创
41862,三寸人间,8.2,16,中国,全16话,国创
38642,百鬼幼儿园 第四季,9.7,12,中国,全12话,国创
26510,我才不是恶毒女配 漫动画,8.2,60,中国,全60话,国创
46632,西游记,9.8,52,中国,全52话,国创
6177,茶啊二中泡面番,9.0,21,中国,全21话,国创
148433,盗妖行,0.0,34,中国,更新至第34话,国创
34564,战双帕尼尼,9.8,12,中国,全12话,国创
45964,开局地摊卖大力,9.2,24,中国,全24话,国创
5554,凸变英雄 BABA 日语版,8.1,12,中国,全12话,国创
97550,虫小绿历史为什么之穿越篇,0.0,102,中国,更新至第102话,国创
87576,超兽武装之仁者无敌,9.7,33,中国,全33话,国创
39465,如果历史是一群喵 第7季,9.5,12,中国,全12话,国创
29309,峡谷重案组 第四季,7.3,12,中国,全12话,国创
38913,源神浩劫,6.2,52,中国,全52话,国创
5844,血色苍穹（上篇）,7.9,14,中国,全14话,国创
73961,君有云 第二季,8.8,32,中国,全32话,国创
3367,段子狗日记,7.6,71,中国,全71话,国创
43345,一世之尊,9.3,16,中国,全16话,国创
39663,希灵纪元,6.0,16,中国,全16话,国创
38926,天官赐福 日语版,9.7,12,中国,全12话,国创
26607,猫妖的诱惑 正式版,7.8,20,中国,全20话,国创
45962,将夜,9.4,8,中国,更新至第8话,国创
40218,神奇阿呦,9.9,52,中国,全52话,国创
41972,阿衰 第八季,9.0,34,中国,全34话,国创
6483,少年锦衣卫 第二季,9.5,14,中国,全14话,国创
44887,宝宝巴士启蒙音乐剧之细菌来了,0.0,32,中国,全32话,国创
42915,绿豆蛙,0.0,342,中国,全342话,国创
3506,勇者大冒险  第二季,9.7,25,中国,全25话,国创
35099,真理面具 动态漫,9.8,20,中国,全20话,国创
6013,暴基枪手之AK西游,9.2,12,中国,全12话,国创
46921,超级飞侠文化中华,0.0,24,中国,全24话,国创
42909,风姿物语 仙罗篇,7.8,20,中国,全20话,国创
39733,天书奇谭,9.9,0,中国,2021年11月5日上映,国创
664,神魄,9.8,52,中国,全52话,国创
43341,咸鱼哥 第二季,9.9,13,中国,全13话,国创
23813,万界仙踪,7.4,40,中国,全40话,国创
4847,快递侠 第二季,9.6,13,中国,全13话,国创
47241,超迷你战士 第一季,9.7,52,中国,全52话,国创
28755,爱幽的密室,9.3,16,中国,全16话,国创
43052,如果历史是一群喵 第9季,9.7,12,中国,全12话,国创
39698,捕星司·源起,7.6,18,中国,全18话,国创
74811,不白吃话山海经 第二季,9.6,34,中国,全34话,国创
35218,千从狩,9.6,16,中国,全16话,国创
45974,通灵妃 第二季,8.0,24,中国,全24话,国创
6039,喵有卵用 第一季,7.7,23,中国,全23话,国创
44888,宝宝巴士儿歌启蒙：儿童身体保护,0.0,15,中国,全15话,国创
27984,阴阳师·平安物语 第2季 ,9.0,12,中国,全12话,国创
73993,是王者啊？之牡丹香幽大理寺,9.8,13,中国,全13话,国创
3270,通职者,6.1,10,中国,全10话,国创
44066,黄金庭院：冬日里的新年愿望,9.9,2,中国,全2话,国创
44875,宝宝巴士启蒙音乐剧恐龙世界2,0.0,24,中国,全24话,国创
44882,宝宝巴士美食屋,0.0,45,中国,全45话,国创
38699,小花仙 第二季,7.3,52,中国,全52话,国创
46476,猪猪侠之竞球小英雄4,9.8,26,中国,全26话,国创
5975,降灵记,8.9,15,中国,全15话,国创
41684,新围棋少年,5.4,52,中国,全52话,国创
10086,中国惊奇先生,8.9,0,中国,2015年6月19日上映,国创
48815,虫小绿历史为什么之生活篇,0.0,30,中国,更新至第30话,国创
26375,巨兵长城传,9.7,40,中国,全40话,国创
43058,明日方舟：黎明前奏 中配版,9.1,8,中国,全8话,国创
45957,从姑获鸟开始之龙城风云,9.4,16,中国,全16话,国创
26197,嗜谎之神,7.8,13,中国,全13话,国创
41423,如果历史是一群喵 第8季,9.7,12,中国,全12话,国创
47786,虫小绿历史为什么之神话篇,0.0,35,中国,更新至第35话,国创
6014,开封奇谈-这个包公不太行,9.4,10,中国,全10话,国创
31910,我在皇宫当巨巨 第二季 动态漫,8.9,12,中国,全12话,国创
28752,解药,7.3,13,中国,全13话,国创
39410,没出息的阴阳师一家3,9.7,12,中国,全12话,国创
42076,我的弟子遍布诸天万界 动态漫,5.5,60,中国,全60话,国创
48247,喜羊羊与灰太狼之跨时空救兵,9.8,60,中国,全60话,国创
48806,胶囊计划 英雄,9.0,11,中国,全11话,国创
6015,快把我哥带走 日文版,9.3,12,中国,全12话,国创
37818,枪火天灵 动态漫,8.9,30,中国,全30话,国创
6403,茶啊二中 叭叭叭,9.2,20,中国,全20话,国创
26548,我在皇宫当巨巨 动态漫,9.0,12,中国,全12话,国创
31147,李林克的小馆儿,8.9,10,中国,全10话,国创
42710,绝顶,9.7,26,中国,全26话,国创
33852,人类博物馆,9.1,36,中国,全36话,国创
1768,魔角侦探 第一季,9.8,52,中国,全52话,国创
23836,我的逆天神器,6.2,16,中国,全16话,国创
27501,大王不高兴 动态漫,9.2,15,中国,全15话,国创
5210,一人之下 日语版,7.8,12,中国,全12话,国创
28768,芯觉,5.2,13,中国,全13话,国创
39699,长剑风云 第二季,9.3,10,中国,全10话,国创
47082,原来我早就无敌了 动态漫,9.2,80,中国,全80话,国创
43347,无聊就完结,9.3,24,中国,全24话,国创
6491,幻界王,6.1,20,中国,全20话,国创
39830,日月同错 动态漫,9.8,56,中国,全56话,国创
41605,请吃红小豆吧！第0.5季,9.7,17,中国,全17话,国创
43375,披着狼皮的羊,7.4,16,中国,全16话,国创
34473,宿身小人,9.0,12,中国,全12话,国创
28759,秘宝之国,8.4,10,中国,全10话,国创
80930,那年那兔那些事儿 第七季,9.4,12,中国,全12话,国创
87578,超兽武装之勇者无惧,9.6,33,中国,全33话,国创
43367,她不当女主很多年,7.9,16,中国,全16话,国创
28766,我为歌狂之旋律重启,9.3,12,中国,全12话,国创
47192,重生归来：直接无敌 动态漫,0.0,310,中国,更新至第310话,国创
2696,我叫MT 第六季,9.7,24,中国,全24话,国创
39734,冒险小狗帮,0.0,20,中国,全20话,国创
45973,神之一脚,9.1,12,中国,全12话,国创
73066,天命大主宰,0.0,40,中国,全40话,国创
47090,盐友 动态漫,9.8,17,中国,全17话,国创
42929,小蓝和他的朋友,8.7,13,中国,全13话,国创
38271,拾忆长安·明月几时有 第二季,6.3,13,中国,全13话,国创
24364,喂，看见耳朵啦,9.5,12,中国,全12话,国创
102134,缔灵爱之默水玲珑,7.4,20,中国,全20话,国创
2631,端脑,9.2,16,中国,全16话,国创
2514,葫芦兄弟,9.8,13,中国,全13话,国创
39218,摩尔庄园 第一季,9.5,52,中国,全52话,国创
22082,一人之下第二季 日语版,7.9,24,中国,全24话,国创
44874,宝宝巴士启蒙音乐剧恐龙世界,0.0,17,中国,全17话,国创
47527,阿诺德和他可爱的木偶们,9.8,10,中国,全10话,国创
45831,雪王驾到,9.9,12,中国,全12话,国创
26519,人体培植 漫动画,8.4,24,中国,全24话,国创
43352,关喵什么事,9.8,13,中国,全13话,国创
47798,我在修仙世界朝九晚五 动态漫,7.6,150,中国,更新至第150话,国创
33177,朕也不想这样 动态漫,8.5,24,中国,全24话,国创
44877,宝宝巴士奇妙救援队,0.0,11,中国,全11话,国创
43339,小绿和小蓝 第二季,8.7,12,中国,全12话,国创
34185,妙先生,8.3,0,中国,2020年7月31日上映,国创
47185,白蛇：浮生,9.5,0,中国,2024年8月10日上映,国创
6486,Gon的旱獭,9.7,20,中国,全20话,国创
38911,最强蜗牛西能,9.0,41,中国,全41话,国创
46004,明日方舟：冬隐归路,9.0,8,中国,全8话,国创
3819,山口山战记 太阳井,9.2,10,中国,全10话,国创
74497,雪王之奇幻沙州,9.7,12,中国,全12话,国创
43738,阿衰 第九季,9.4,52,中国,全52话,国创
46475,猪猪侠之竞球小英雄3,9.7,26,中国,全26话,国创
48005,哈小浪之星城守护者,0.0,30,中国,全30话,国创
39490,正邪 动态漫,9.2,56,中国,全56话,国创
35197,黑白无双 第三季,6.5,12,中国,全12话,国创
41231,菜菜子职场大作战,9.6,12,中国,全12话,国创
3369,爆蛋晶英,9.1,12,中国,全12话,国创
6373,纳米核心 第一季,9.5,21,中国,全21话,国创
23837,斩兽之刃,7.4,18,中国,全18话,国创
26312,Gon的旱獭 第三季,9.7,20,中国,全20话,国创
2307,海尔兄弟,9.7,212,中国,全212话,国创
43888,百炼成神,7.7,172,中国,更新至第172话,国创
42299,元气奇事,9.5,24,中国,全24话,国创
5625,叫我僵小鱼 叙缘篇,9.2,10,中国,全10话,国创
108232,哈小浪一家 第4季,0.0,40,中国,更新至第40话,国创
28765,望古神话之天选者,9.4,12,中国,全12话,国创
44131,飞狗莫柯之家有小短腿,0.0,50,中国,全50话,国创
44886,宝宝巴士学垃圾分类,0.0,16,中国,全16话,国创
5876,纳米核心 第三季,8.8,11,中国,全11话,国创
27935,少女前线 人形小剧场 日语版,9.6,24,中国,全24话,国创
40784,我们的冬奥,6.1,0,中国,2022年2月19日上映,国创
6064,我是江小白,9.6,12,中国,全12话,国创
45286,如果历史是一群喵 宋辽金夏篇,9.7,12,中国,全12话,国创
26514,妲己不是坏狐狸 漫动画,6.6,24,中国,全24话,国创
39489,我叫MT：归来,9.8,10,中国,全10话,国创
73403,霸王龙雷奇 第二季,0.0,52,中国,全52话,国创
38655,摩尔庄园 第三季,9.6,52,中国,全52话,国创
5373,虹猫仗剑走天涯,9.4,109,中国,全109话,国创
48676,盒中之海,9.1,0,中国,2024年10月3日上映,国创
35212,银河之心,5.1,12,中国,全12话,国创
28438,聪明的顺溜,9.7,52,中国,全52话,国创
41132,赛尔号 ,9.2,52,中国,全52话,国创
37521,金光御九界之仙古狂涛,3.8,64,中国,全64话,国创
25402,肆式青春,8.3,0,中国,2018年8月4日上映,国创
43346,正经少主的幸福生活,9.4,12,中国,全12话,国创
35222,搜玄录之宸灵纪,6.5,7,中国,全7话,国创
5740,废柴狐阿桔,9.7,12,中国,全12话,国创
91575,凸变英雄X 日语版,9.3,24,中国,更新至第24话,国创
39720,花开张美丽,9.4,12,中国,全12话,国创
41528,叽歪老表 第二季,0.0,0,中国,,国创
26173,由你玩四年,8.5,10,中国,全10话,国创
5395,泡芙小姐 第七季,9.5,12,中国,全12话,国创
26190,领风者,0.0,7,中国,全7话,国创
34426,少女前线 人形小剧场 第二季,9.4,12,中国,全12话,国创
26176,通灵妃 河南话版,9.2,16,中国,全16话,国创
43548,七侯笔录,7.6,12,中国,全12话,国创
47199,我靠签到逆天改命,0.0,48,中国,全48话,国创
27043,重生只为追影帝 漫动画,0.0,30,中国,全30话,国创
43285,2022-2023 bilibili国创动画作品发布会,0.0,2,中国,全2话,国创
47926,白色闪电,9.7,6,中国,全6话,国创
46113,凹凸学园 第三季,9.6,15,中国,全15话,国创
103580,苍兰诀,8.8,24,中国,全24话,国创
38559,三只松鼠之萌力觉醒,3.7,52,中国,全52话,国创
46473,猪猪侠之竞球小英雄1,9.8,26,中国,全26话,国创
6492,女生宿舍日常 第二季,9.5,8,中国,全8话,国创
5570,一课一练 中文版,6.2,12,中国,全12话,国创
23924,Gon的旱獭 第二季,9.6,20,中国,全20话,国创
24711,大话之少年游,8.0,16,中国,全16话,国创
43371,无脑魔女,7.2,30,中国,全30话,国创
35211,血与心,0.0,12,中国,全12话,国创
24888,山河社稷图,8.7,20,中国,全20话,国创
22098,梦塔·雪谜城,8.9,18,中国,全18话,国创
21327,海岸线不污正业sp,9.7,12,中国,全12话,国创
46616,头脑特工队2,9.8,0,中国,2024年6月21日上映,国创
236267,果宝特攻,0.0,52,中国,全52话,国创
120817,2025-2026 bilibili国创动画作品发布会,0.0,0,中国,更新至完整片单,国创
43342,女神有点灵,7.6,18,中国,全18话,国创
46474,猪猪侠之竞球小英雄2,9.8,26,中国,全26话,国创
45977,邂逅她的少女时代,9.3,18,中国,全18话,国创
47990,民调局异闻录 第2季,8.9,8,中国,全8话,国创
28247,启蒙积木玩具定格动画：破晓行动队,8.2,15,中国,全15话,国创
6404,茶啊二中 嘎嘎以嘎斯,9.1,20,中国,全20话,国创
48502,食草老龙被冠以恶龙之名 第二季,9.8,12,中国,全12话,国创
43887,一剑独尊,7.0,40,中国,全40话,国创
43370,今天的晚餐就是你,9.6,36,中国,全36话,国创
2520,葫芦小金刚,9.7,6,中国,全6话,国创
24335,无敌极光侠,8.8,26,中国,全26话,国创
48631,聊斋：兰若寺,9.5,0,中国,2025年7月12日上映,国创
6537,血色苍穹（下篇）,7.9,12,中国,全12话,国创
100292,如果历史是一群喵 元末明初篇,9.8,12,中国,全12话,国创
40835,龙隐于雪,0.0,4,中国,全4话,国创
6190,魁拔妖侠传,9.8,20,中国,全20话,国创
170138,给孩子的上下五千年,0.0,23,中国,更新至第23话,国创
39660,长歌行,7.7,16,中国,全16话,国创
26288,垂直世界之地中海美少年,8.9,12,中国,全12话,国创
25978,凹凸世界 日语版,8.1,11,中国,全11话,国创
102042,明日方舟：焰烬曙明,9.7,10,中国,全10话,国创
26299,豆小鸭迷你小冒险,8.8,26,中国,全26话,国创
41127,赛尔号 第2季,9.2,40,中国,全40话,国创
6487,纳米核心 第三季（下篇）,9.2,12,中国,全12话,国创
39754,2021-2022 bilibili国创动画作品发布会,0.0,2,中国,全2话,国创
1818,蓝猫淘气3000问 恐龙时代,9.7,264,中国,全264话,国创
44823,神兽金刚之地球之盾,8.1,52,中国,全52话,国创
26710,战斗吧歌姬！ 第二季,9.6,14,中国,全14话,国创
39398,乱斗学院,9.5,8,中国,全8话,国创
5897,南烟斋笔录,9.6,4,中国,全4话,国创
48310,如果历史是一群喵 南宋金元篇,9.7,12,中国,全12话,国创
3715,围棋少年,9.6,52,中国,全52话,国创
104505,斗龙战士 第二季,9.5,60,中国,全60话,国创
2596,英雄别闹,9.4,13,中国,全13话,国创
44784,逆天战纪,3.6,20,中国,全20话,国创
2960,长歌行 动态漫,9.5,12,中国,全12话,国创
45967,笼中人,9.8,16,中国,全16话,国创
104504,斗龙战士,9.6,60,中国,全60话,国创
28172,我才不会被女孩子欺负呢 动态漫,8.7,12,中国,全12话,国创
73493,雄狮少年2,9.0,0,中国,2024年12月14日上映,国创
6354,纳米核心 第二季,9.4,20,中国,全20话,国创
1819,蓝猫淘气3000问 星际大战,9.7,384,中国,全384话,国创
5901,盗墓笔记之沙海,8.6,18,中国,全18话,国创
43307,戏精宿舍,9.1,12,中国,全12话,国创
39552,飞狗MOCO之小柯基的脑洞时刻,0.0,30,中国,全30话,国创
37533,手机里的浣熊小镇,9.6,52,中国,全52话,国创
45970,你的人生是我来迟了,8.0,16,中国,全16话,国创
348,纳米核心 精简版,9.4,10,中国,全10话,国创
38912,美影大乐园,7.7,31,中国,全31话,国创
6394,看个球,9.0,17,中国,全17话,国创
27996,请吃红小豆吧！外传 莫相忘,9.8,3,中国,全3话,国创
108234,哈小浪上学记 第4季,0.0,40,中国,更新至第40话,国创
39264,咸鱼哥 粤语版,9.7,16,中国,全16话,国创
229649,放开那个女巫,9.9,8,中国,全8话,国创
26227,时之歌—花与焰的狂想诗,8.2,13,中国,全13话,国创
26638,头条都是他 第二季,9.6,8,中国,全8话,国创
39946,Q版三国之刘关张,9.8,39,中国,全39话,国创
41096,变形联盟,3.4,26,中国,全26话,国创
28748,红荒,9.0,13,中国,全13话,国创
1801,蓝猫龙骑团 TV,9.7,60,中国,全60话,国创
47194,史上最强,6.9,60,中国,全60话,国创
26515,猫妖的诱惑 漫动画,6.2,24,中国,全24话,国创
45531,斗破苍穹 动态漫 第四季,9.6,51,中国,全51话,国创
26177,通灵妃 东北话版,8.5,16,中国,全16话,国创
26192,拾又之国,4.3,13,中国,全13话,国创
25007,帝王侧,8.8,12,中国,全12话,国创
5888,前方高能之滑稽,8.6,8,中国,全8话,国创
74570,2024-2025 bilibili国创动画作品发布会,0.0,2,中国,全2话,国创
35225,山海绝伦,8.2,17,中国,全17话,国创
46489,猪猪侠之光明守卫者,9.1,52,中国,全52话,国创
44757,功夫熊猫3,9.6,0,中国,2016年1月29日上映,国创
45980,暂停！智序重组,9.6,12,中国,全12话,国创
80050,哪吒传奇,9.9,52,中国,全52话,国创
33936,最强蜗牛不速之客,9.5,30,中国,全30话,国创
38836,摩尔庄园 第二季,9.4,52,中国,全52话,国创
47106,旅途危机！圣芙蕾雅号特别事件,9.9,1,中国,全1话,国创
28753,九九八十一,2.8,12,中国,全12话,国创
6385,头条都是他,9.6,7,中国,全7话,国创
47087,不白吃古诗词漫游记 第一季,0.0,45,中国,全45话,国创
5647,梦幻西游之天命之战,9.7,13,中国,全13话,国创
43355,君子无疾,6.3,16,中国,全16话,国创
6415,霸王面具,4.6,3,中国,全3话,国创
6386,通灵妃动态漫 第二季,7.0,7,中国,全7话,国创
46005,明日方舟：冬隐归路 中配版,8.8,8,中国,全8话,国创
2690,我叫MT 第一季,9.8,10,中国,全10话,国创
26518,怪奇笔记 漫动画,9.0,24,中国,全24话,国创
28560,你在星光深处,8.4,12,中国,全12话,国创
44878,宝宝巴士启蒙音乐剧救援队出动,0.0,15,中国,全15话,国创
102041,明日方舟：焰烬曙明 中配版,9.5,10,中国,全10话,国创
2533,哪吒闹海,9.8,1,中国,全1话,国创
108229,哈小浪一家 第1季,0.0,60,中国,全60话,国创
5854,超游世界,6.7,20,中国,全20话,国创
24253,阴阳师·平安物语 sp,9.1,10,中国,全10话,国创
43351,大道独行之蝶龙变,8.0,11,中国,更新至第11话,国创
39704,天宝伏妖录 第三季,0.0,0,中国,即将开播,国创
97755,双生武魂,0.0,60,中国,全60话,国创
108231,哈小浪一家 第3季,0.0,32,中国,全32话,国创
47196,弟子都说我无敌,0.0,140,中国,全140话,国创
42523,斗破苍穹 动态漫第三季,9.5,52,中国,全52话,国创
40220,神奇阿呦之最强流星人,9.8,52,中国,全52话,国创
44065,鲤氏侦探事务所 中配版,9.8,8,中国,全8话,国创
105565,是王者啊？稷下篇,9.6,13,中国,全13话,国创
3402,正义红师,9.8,52,中国,全52话,国创
154624,萌鸡小队 第1季,0.0,52,中国,全52话,国创
38435,花果山传,8.9,2,中国,全2话,国创
44309,新大头儿子和小头爸爸 第1季,2.6,52,中国,全52话,国创
45990,2023-2024 bilibili国创动画作品发布会,0.0,2,中国,全2话,国创
48516,斗破苍穹 动态漫 第五季,9.6,50,中国,全50话,国创
40483,阴阳师·平安物语 第3季 ,9.5,12,中国,全12话,国创
5858,霹雳天命之仙魔鏖锋（普通话免费）,0.0,150,中国,全150话,国创
39748,大耳朵图图之霸王龙在行动,9.2,0,中国,2021年10月1日上映,国创
5572,时空使徒 中文版,6.1,12,中国,全12话,国创
2518,黑猫警长,9.7,5,中国,全5话,国创
109959,全球御鬼时代，我成了最终BOSS 动态漫,0.0,70,中国,更新至第70话,国创
44873,宝宝巴士启蒙音乐剧动物世界,0.0,18,中国,全18话,国创
6351,人人爱我猪小屁,0.0,12,中国,全12话,国创
25816,喂，看见耳朵啦 第二季,9.5,12,中国,全12话,国创
28236,太子得了失心疯 动态漫,9.3,10,中国,全10话,国创
38046,开心超人,9.7,0,中国,2013年6月28日上映,国创
5301,墓王之王 麒麟决,8.9,20,中国,全20话,国创
105212,时光代理人 第三季,0.0,0,中国,即将开播,国创
24448,天才玩偶,7.7,12,中国,全12话,国创
28552,梦幻西游之天命之路,9.7,13,中国,全13话,国创
5390,小明和王猫,9.9,13,中国,全13话,国创
5893,天下第几,9.5,15,中国,全15话,国创
38491,师兄，请按剧本来！ 动态漫,0.0,24,中国,全24话,国创
38361,梦幻书院之科学小记者,9.5,12,中国,全12话,国创
107369,枕刀歌 第三季,9.9,14,中国,全14话,国创
25598,无敌极光侠 英文版,7.8,26,中国,全26话,国创
38471,神兵小将 第二部,2.2,52,中国,全52话,国创
43359,怪兽小馆,9.6,12,中国,全12话,国创
28083,黄逗菌特别版之《忘不了》,9.8,10,中国,全10话,国创
47918,加菲猫家族,8.9,0,中国,2024年6月1日上映,国创
48020,不白吃古诗词漫游记 第二季,0.0,45,中国,全45话,国创
28767,我真的没用咩？,9.5,12,中国,全12话,国创
48156,精灵梦叶罗丽 第10季,5.7,26,中国,全26话,国创
92648,念无双,7.9,14,中国,全14话,国创
24710,我是江小白 第二季,8.5,12,中国,全12话,国创
39727,梦幻书院 第六季,9.0,12,中国,全12话,国创
33941,启蒙积木玩具定格动画：雷霆使命联合行动,6.3,15,中国,全15话,国创
42023,梦幻书院 第七季,9.5,12,中国,全12话,国创
44739,我可以修改万物时间线,4.9,60,中国,全60话,国创
47195,超级微信,0.0,58,中国,全58话,国创
2516,阿凡提的故事,9.8,13,中国,全13话,国创
23772,让我们烧吧！！！,9.0,0,中国,,国创
28555,梦幻西游之化境飞升,9.6,13,中国,全13话,国创
5902,寻师伏魔录,9.0,25,中国,全25话,国创
43368,四格勇者,8.6,10,中国,全10话,国创
95562,U探泰拉,9.9,8,中国,全8话,国创
28092,战国千年 动态漫,9.3,12,中国,全12话,国创
23494,宿舍不日常,9.6,10,中国,全10话,国创
6388,峡谷重案组前篇,6.4,8,中国,全8话,国创
46631,大头儿子和小头爸爸,9.7,156,中国,全156话,国创
6187,盗墓笔记之沙海 第二季,8.9,18,中国,全18话,国创
28557,梦幻西游之雷怒危机,9.6,13,中国,全13话,国创
108235,我的同学是诸葛双双 第1季,0.0,30,中国,全30话,国创
45186,修仙就要抱大腿,0.0,78,中国,全78话,国创
33664,大耳朵图图之美食狂想曲,9.7,0,中国,2017年7月28日上映,国创
2710,山口山战记 草裙娃娃,9.1,11,中国,全11话,国创
2632,雏蜂,7.1,6,中国,全6话,国创
30306,元尊 动态漫,8.0,13,中国,全13话,国创
47797,鲲吞天下 动态漫,9.2,170,中国,更新至第170话,国创
43374,怪想售,8.3,8,中国,全8话,国创
39665,偷星九月天,0.0,0,中国,即将开播,国创
112201,遇强则强，我的修为无上限 动态漫,0.0,119,中国,更新至第119话,国创
34498,梦幻书院 第四季,9.2,14,中国,全14话,国创
38470,奇幻龙宝,9.8,52,中国,全52话,国创
44308,中国神话故事,9.0,26,中国,全26话,国创
47303,万古第一神,0.0,90,中国,全90话,国创
3588,双月之城,7.7,13,中国,全13话,国创
2694,我叫MT 第四季,9.8,10,中国,全10话,国创
44064,鲤氏侦探事务所,9.7,8,中国,全8话,国创
5374,虹猫蓝兔光明剑,9.1,79,中国,全79话,国创
667,死灵编码,9.0,12,中国,全12话,国创
26022,霹雳魔封（普通话免费）,0.0,60,中国,全60话,国创
40165,百兽总动员,0.0,65,中国,全65话,国创
73959,剑网3·沈剑心的365天,9.4,35,中国,全35话,国创
48158,我叫MT 第七季,9.5,10,中国,全10话,国创
37554,梦幻书院之呼吸健康科普,9.4,13,中国,全13话,国创
35217,猫灵相册,7.2,21,中国,全21话,国创
48092,赛尔号 第10季,6.2,30,中国,全30话,国创
26521,我为苍生 漫动画,9.1,24,中国,全24话,国创
44809,电器少女,9.8,12,中国,全12话,国创
48307,原来我早就无敌了 第二季 动态漫,0.0,80,中国,全80话,国创
26511,心跳300秒 漫动画,9.0,24,中国,全24话,国创
27589,驸马不要啊 动态漫  第一季,8.6,20,中国,全20话,国创
5375,虹猫蓝兔勇者归来,8.3,52,中国,全52话,国创
40214,奇积乐园,0.0,52,中国,全52话,国创
111194,猪猪侠·一只老猪的逆袭,5.0,0,中国,2025年10月1日上映,国创
45979,驭灵师,9.8,17,中国,更新至第17话,国创
85593,蛮荒仙界,0.0,48,中国,全48话,国创
108233,哈小浪上学记 第3季,0.0,30,中国,全30话,国创
97321,U探泰拉 中配版,9.9,8,中国,全8话,国创
212954,无用联萌,0.0,21,中国,更新至第21话,国创
26546,豆小鸭探险小窍门,0.0,26,中国,全26话,国创
5898,我是丐帮不打奶花,9.5,7,中国,全7话,国创
6186,食神魂,9.2,12,中国,全12话,国创
26253,三只松鼠之松鼠小镇,3.1,52,中国,全52话,国创
2695,我叫MT 第五季,9.7,10,中国,全10话,国创
39657,大宇宙时代,6.9,12,中国,全12话,国创
26513,初恋微甜 漫动画,6.5,24,中国,全24话,国创
48099,赛尔号 第3季,8.9,30,中国,全30话,国创
47104,小绿和小蓝 第五季,8.0,12,中国,全12话,国创
39670,火星西路7号,9.8,12,中国,全12话,国创
26368,餐桌上的世说新语,9.6,12,中国,全12话,国创
665,馒头日记,9.8,10,中国,全10话,国创
42066,燃夏,7.9,16,中国,全16话,国创
73197,赛几传说,9.6,13,中国,全13话,国创
43366,虚无边境,9.2,13,中国,全13话,国创
5863,国民老公带回家,4.3,12,中国,全12话,国创
48127,哈小浪之星域大冒险,0.0,30,中国,全30话,国创
28176,京京来乐道,7.3,4,中国,全4话,国创
29379,三只松鼠之松鼠小镇2,3.4,26,中国,全26话,国创
46587,大雨,8.3,0,中国,2024年1月12日上映,国创
47645,小倩,9.0,0,中国,2024年4月30日上映,国创
44377,美食大冒险,9.9,52,中国,全52话,国创
38951,天上掉下个猪八戒,9.7,104,中国,全104话,国创
25588,战斗吧歌姬！ 第一季,9.2,12,中国,全12话,国创
663,山海师,9.7,0,中国,,国创
5873,斗破苍穹 Q版小剧场,6.1,12,中国,全12话,国创
142988,熊出没·年年有熊,8.9,0,中国,2026年2月17日上映,国创
33220,大闹天宫,9.8,0,中国,1961年1月1日上映,国创
6060,银之守墓人 日文版,6.0,19,中国,全19话,国创
26566,男友总在修罗场,8.8,6,中国,全6话,国创
44310,新大头儿子和小头爸爸 第2季,2.7,104,中国,全104话,国创
24333,暮光幻影,7.3,13,中国,全13话,国创
46240,小品一家人之神探修勾,0.0,21,中国,全21话,国创
47107,巴啦啦小魔仙之彩虹心石,9.5,36,中国,全36话,国创
24277,凸变英雄 LEAF 日语版,7.1,7,中国,全7话,国创
38084,龙之谷：破晓奇兵,9.8,0,中国,2014年7月31日上映,国创
38138,新大头儿子和小头爸爸之秘密计划,2.5,0,中国,2014年9月26日上映,国创
2692,我叫MT 第三季,9.7,10,中国,全10话,国创
76342,枕刀歌 第一季,9.8,14,中国,全14话,国创
43029,这个年纪还能当大侠吗,9.4,10,中国,全10话,国创
47193,都市最强房东,0.0,139,中国,全139话,国创
43338,新·异常生物见闻录：序,9.8,7,中国,全7话,国创
43162,开心超人之英雄的心,2.7,0,中国,2022年7月22日上映,国创
2540,灰体,9.5,30,中国,全30话,国创
106805,缥缈剑仙传,0.0,40,中国,全40话,国创
100170,亡灵天灾：我抬手百万骨海 动态漫,0.0,144,中国,更新至第144话,国创
35219,上海故事,9.1,8,中国,全8话,国创
24893,霹雳惊涛（普通话免费),0.0,42,中国,全42话,国创
44013,今天少主不在家,9.9,7,中国,全7话,国创
40554,钢铁飞龙3 山海神兽录,6.2,52,中国,全52话,国创
26465,霹雳英雄战纪之刀说异数（普通话）,0.0,20,中国,全20话,国创
45739,我玩游戏成了绝世强者,0.0,60,中国,全60话,国创
28331,阴阳师·平安物语 第2季 中配版,8.5,12,中国,全12话,国创
48098,赛尔号 第4季,8.6,30,中国,全30话,国创
34699,太子得了失心疯 动态漫 第二季,7.8,14,中国,全14话,国创
39280,2020-2021 bilibili国创动画作品发布会,0.0,2,中国,全2话,国创
47513,女娲补天,9.0,1,中国,全1话,国创
104507,斗龙战士 第四季,8.0,30,中国,全30话,国创
39717,武林不二周刊,8.9,24,中国,全24话,国创
48807,请吃红小豆吧！食物世界 第一季,9.7,10,中国,全10话,国创
38596,叫我僵小鱼 叙缘篇 第二季 双鱼记,0.0,12,中国,全12话,国创
42522,斗破苍穹 动态漫,9.5,26,中国,全26话,国创
106806,万古剑帝,0.0,40,中国,全40话,国创
23553,霹雳天命之战祸邪神Ⅱ破邪传（普通话免费）,0.0,50,中国,全50话,国创
47191,都市最强仙尊,0.0,40,中国,全40话,国创
103104,生肖传奇之十二生肖闯江湖,9.8,52,中国,全52话,国创
38622,前无古人 动态漫,9.4,22,中国,全22话,国创
39721,李林克的小馆儿 第二季,9.3,10,中国,全10话,国创
32979,梦幻书院 第三季,8.9,14,中国,全14话,国创
5376,虹猫蓝兔阿木星,9.4,30,中国,全30话,国创
73971,为喵人生,9.3,33,中国,更新至第33话,国创
41632,超变战陀3双甲战陀,0.0,30,中国,全30话,国创
48016,喜羊羊与灰太狼之守护,7.6,0,中国,2024年7月19日上映,国创
26835,梦幻书院,9.2,14,中国,全14话,国创
2691,我叫MT 第二季,9.7,10,中国,全10话,国创
34708,我独自盗墓 动态漫,4.7,12,中国,全12话,国创
2519,舒克和贝塔,9.7,13,中国,全13话,国创
48097,赛尔号 第5季,7.8,30,中国,全30话,国创
26155,斩兽之刃外传,8.1,12,中国,全12话,国创
2169,我为歌狂,9.7,52,中国,全52话,国创
39212,2019-2020 bilibili国创动画作品发布会,0.0,2,中国,全2话,国创
38828,血与火：新中国是这样炼成的,0.0,30,中国,全30话,国创
24201,无聊诗社 第二季,9.0,14,中国,全14话,国创
40952,图图的智慧王国数学系列,8.9,60,中国,全60话,国创
35210,恰同学少年,0.0,10,中国,全10话,国创
6020,勇者大冒险之黄泉手记,9.6,2,中国,全2话,国创
34235,异常生物见闻录 特别篇,9.8,1,中国,全1话,国创
88105,快乐星猫 第三季,9.5,26,中国,全26话,国创
5845,择天记 第二季,8.0,12,中国,全12话,国创
46790,斗龙战士 第六季,3.3,30,中国,全30话,国创
35221,斗神姬,5.0,12,中国,全12话,国创
154656,超级飞侠 第12季,0.0,20,中国,全20话,国创
104503,斗龙战士 第三季,7.8,60,中国,全60话,国创
43978,长征先锋,0.0,52,中国,全52话,国创
6387,英俊又可爱,9.5,6,中国,全6话,国创
33497,元尊 动态漫 第二季：力挽狂澜,8.6,13,中国,全13话,国创
48008,伞少女,8.4,0,中国,2024年7月6日上映,国创
88534,猫猫的奇幻漂流,0.0,0,中国,2025年2月28日上映,国创
48283,炼气练了三千年 动态漫 第三季,0.0,100,中国,全100话,国创
45958,大侠请上功,8.8,10,中国,全10话,国创
26353,拾又之国 日语版,4.7,13,中国,全13话,国创
44054,古迪积木定格动画：城市警察,0.0,10,中国,全10话,国创
4585,勇者大冒险 番外篇,9.7,7,中国,全7话,国创
41098,偷星九月天·异世界 动态漫,2.2,22,中国,全22话,国创
45956,曾经有勇士,9.5,12,中国,全12话,国创
1829,魔豆传奇,9.6,26,中国,全26话,国创
48243,咖宝车神之时空守护,0.0,26,中国,全26话,国创
46628,小刻的画图写话 中配版,9.8,12,中国,全12话,国创
3435,吃谜少女,8.7,26,中国,全26话,国创
72641,猪猪侠之恐龙日记 第1季,0.0,26,中国,全26话,国创
28860,京京来乐道 第二季,9.6,6,中国,全6话,国创
46627,小刻的画图写话,9.8,12,中国,全12话,国创
38372,还击45秒,7.2,13,中国,全13话,国创
106703,万剑王座,0.0,40,中国,全40话,国创
6484,王兄李兄没完没了的故事,9.6,31,中国,全31话,国创
39703,异空战歌,9.7,15,中国,全15话,国创
38647,炫击勇者,2.8,30,中国,全30话,国创
28040,爱我吧，苏大人 第二季 动态漫,8.1,12,中国,全12话,国创
27760,斐然向风,0.0,20,中国,全20话,国创
106807,天命大神皇,0.0,40,中国,全40话,国创
106808,绝世神皇,0.0,40,中国,更新至第40话,国创
48103,小花仙 第四季,9.2,40,中国,全40话,国创
6174,通灵妃动态漫 第一季,0.0,7,中国,全7话,国创
48155,精灵梦叶罗丽 第9季,4.8,26,中国,全26话,国创
40654,鳄里斯和鱼英俊,9.8,27,中国,全27话,国创
20170,49%的灵魂,9.7,26,中国,全26话,国创
44817,梦幻书院 第八季,9.5,12,中国,全12话,国创
38280,少女前线 人形小剧场 第二季 日语版,9.4,12,中国,全12话,国创
76349,枕刀歌 第二季,9.9,14,中国,全14话,国创
44311,新大头儿子和小头爸爸 第3季,3.0,146,中国,全146话,国创
39948,Q版三国之三小强,9.8,52,中国,全52话,国创
2846,时间支配者,8.7,10,中国,全10话,国创
106809,荒古恩仇录·破风篇,0.0,40,中国,全40话,国创
5860,枪灵计划,6.7,12,中国,全12话,国创
42706,如果那天没有踏进大学校门,9.3,12,中国,全12话,国创
3614,从前有座灵剑山  日文版,6.0,12,中国,全12话,国创
108230,哈小浪一家 第2季,0.0,60,中国,全60话,国创
48102,小花仙 第三季,9.2,40,中国,全40话,国创
43048,光子英雄传：超神灵主 动态漫,9.0,60,中国,全60话,国创
72729,炫卡斗士之猛兽能量,0.0,26,中国,全26话,国创
38505,此喵太白,0.0,10,中国,全10话,国创
20712,霹雳天命之仙魔鏖锋Ⅱ斩魔录（普通话免费）,0.0,60,中国,全60话,国创
37920,三只松鼠之中国行,0.0,26,中国,全26话,国创
6292,斗龙战士 第五季,8.3,30,中国,全30话,国创
72659,乌龙院之活宝传奇 第1-8季合集,9.8,104,中国,全104话,国创
33392,虹猫蓝兔火凤凰,9.1,0,中国,2010年2月5日上映,国创
39293,马克思漫漫说,9.7,34,中国,全34话,国创
32901,精灵梦叶罗丽,3.2,26,中国,全26话,国创
40198,毛毛镇之冰雪加油队,0.0,18,中国,全18话,国创
46171,小绿和小蓝 第三季,8.7,12,中国,全12话,国创
5730,霹雳侠影之轰动武林（普通话免费）,0.0,31,中国,全31话,国创
39888,三毛流浪记,9.9,26,中国,全26话,国创
24365,喂，看见耳朵啦 日语版,9.5,12,中国,全12话,国创
46653,小绿和小蓝 第四季,9.2,12,中国,全12话,国创
6254,魔晶猎人 第四季,9.1,28,中国,全28话,国创
48240,咖宝车神之拯救联盟（上）,0.0,30,中国,全30话,国创
46481,百变校巴1,0.0,26,中国,全26话,国创
44423,中医故事,9.9,30,中国,全30话,国创
48094,赛尔号 第8季,8.1,30,中国,全30话,国创
41357,剑与远征-伊索米亚的那些事儿,9.0,12,中国,全12话,国创
28559,梦幻书院 第二季,8.8,14,中国,全14话,国创
6395,食神魂 第二季,9.4,12,中国,全12话,国创
119021,镇魂街 第五季,0.0,0,中国,即将开播,国创
229974,时光代理人 粤配版,0.0,12,中国,全12话,国创
119996,天官赐福 粤语版,0.0,12,中国,全12话,国创
126979,请吃红小豆吧！新年快乐,9.7,6,中国,全6话,国创
118958,第一序列 第二季,0.0,0,中国,即将开播,国创
118961,火凤燎原 第三季,0.0,0,中国,即将开播,国创
40482,阴阳师·平安物语 第3季 中配版,9.2,12,中国,全12话,国创
48503,食草老龙被冠以恶龙之名 第二季 日语版,0.0,0,中国,,国创
112194,亏成首富从游戏开始 日语版,9.6,16,中国,全16话,国创
44368,食草老龙被冠以恶龙之名 日语版,9.2,12,中国,全12话,国创
44454,最后的召唤师 日语版,0.0,12,中国,全12话,国创
118963,胶囊计划 奇迹,0.0,0,中国,即将开播,国创
92534,虹猫蓝兔七侠传 英文版,0.0,108,中国,全108话,国创
92535,虹猫蓝兔海底历险记 英文版,0.0,52,中国,全52话,国创
38130,阿衰 四川话版,9.0,34,中国,全34话,国创
44122,梦幻书院之国家安全篇,0.0,4,中国,全4话,国创
39658,红荒 第二季,0.0,0,中国,,国创
104979,鲲吞天下之掌门归来 日语版,0.0,12,中国,全12话,国创
44451,我真的没用咩？日语版,0.0,12,中国,全12话,国创
28756,璃心战纪,0.0,0,中国,即将开播,国创
37746,长剑风云 粤语版,8.8,10,中国,全10话,国创
5831,从前有座灵剑山 第二季日文版,4.9,12,中国,全12话,国创
28110,世说新语 动态漫,9.7,10,中国,全10话,国创
45978,夜的命名术,0.0,0,中国,即将开播,国创
41683,我才不会被女孩子欺负呢 动态漫 第二季,8.9,22,中国,全22话,国创
48104,小花仙 第五季 春季篇,8.3,26,中国,全26话,国创
91783,海尔兄弟高清重制版,8.8,212,中国,全212话,国创
2537,九色鹿,9.8,1,中国,全1话,国创
2521,镜花缘,9.7,4,中国,全4话,国创
35204,扳手少年,0.0,0,中国,即将开播,国创
102191,这个年纪还能当大侠吗 第二季,9.8,10,中国,全10话,国创
34155,喵千岁的成年礼,8.5,7,中国,全7话,国创
42004,向着明亮那方,9.8,0,中国,2021年9月21日上映,国创
6289,我家业主会作妖,8.2,6,中国,全6话,国创
5944,和女儿的日常 第二季,9.5,18,中国,全18话,国创
28750,精忠报国,0.0,1,中国,全1话,国创
68616,元气奇事2,9.6,12,中国,全12话,国创
24846,记忆U盘,7.8,15,中国,全15话,国创
42075,元尊 动态漫 第三季：真假圣龙,8.8,13,中国,全13话,国创
25587,战斗吧歌姬！ 第零季,8.9,4,中国,全4话,国创
34302,麦兜·我和我妈妈,9.8,0,中国,2014年10月1日上映,国创
6258,棠棣血,9.1,3,中国,全3话,国创
41978,阳光咖啡厅之新友纪,9.2,52,中国,全52话,国创
73957,记忆管理局,0.0,0,中国,即将开播,国创
5248,战国FAN,8.7,15,中国,全15话,国创
227876,叶罗丽-金鎏心,3.4,10,中国,全10话,国创
38891,饼干警长,9.9,104,中国,全104话,国创
39713,重器2069,0.0,0,中国,,国创
45968,开拍啦！怪兽大电影,9.7,8,中国,更新至第8话,国创
40695,我和吸铁石和一个死去的朋友,9.8,0,中国,2021年12月1日上映,国创
5946,和女儿的日常 第一季,9.5,18,中国,全18话,国创
2522,魔方大厦,9.2,10,中国,全10话,国创
2699,超级肥皂,9.7,1,中国,全1话,国创
41447,团子们的使命,0.0,12,中国,全12话,国创
31797,世说新语 动态漫 第二季,9.6,12,中国,全12话,国创
73962,难哄,0.0,0,中国,即将开播,国创
24336,暮光幻影 日语版,7.3,13,中国,全13话,国创
28857,餐桌上的世说新语  第二季,9.7,12,中国,全12话,国创
33853,柳毅传奇,7.3,26,中国,全26话,国创
98831,我的弟子遍布诸天万界 第二季 动态漫,0.0,247,中国,更新至第247话,国创
33849,LALALACOCO,8.3,25,中国,全25话,国创
5903,飞鱼,8.5,10,中国,全10话,国创
40130,SOS！超危职场人,9.7,7,中国,全7话,国创
24532,第二模式,8.5,8,中国,全8话,国创
98269,原来我早就无敌了 第三季 动态漫,0.0,111,中国,更新至第111话,国创
6086,国民老公带回家 第二季,4.9,12,中国,全12话,国创
6482,日常幻想指南,9.1,8,中国,全8话,国创
32006,LILY 动态漫,9.5,12,中国,全12话,国创
28667,追梦者,0.0,1,中国,全1话,国创
48093,赛尔号 第9季,6.9,30,中国,全30话,国创
29377,蓝翅 动态漫,8.6,12,中国,全12话,国创
6062,同居男闺蜜,5.5,10,中国,全10话,国创
33845,三三的恶作剧厨房,9.0,10,中国,全10话,国创
2515,三毛流浪记,9.6,4,中国,全4话,国创
4907,诸神的紫菜包饭,5.5,12,中国,全12话,国创
2517,邋遢大王奇遇记,9.6,13,中国,全13话,国创
6513,逆光之颤,8.2,13,中国,全13话,国创
5743,十二生肖,9.2,13,中国,全13话,国创
24092,切尔诺贝利之春,9.7,1,中国,全1话,国创
5595,一课一练 日文版,6.2,12,中国,全12话,国创
33839,梦游敦煌,9.3,5,中国,全5话,国创
6250,魔晶猎人 第一季,9.1,26,中国,全26话,国创
4598,诺亚动物诊所病历记录簿,9.2,10,中国,全10话,国创
39738,骄傲的将军,9.8,0,中国,1956年1月1日上映,国创
3796,半面人,8.1,10,中国,全10话,国创
103068,时间之子,8.9,0,中国,2025年5月30日上映,国创
38929,三三的生活果然有问题,9.5,10,中国,全10话,国创
5934,寻找克洛托,8.8,6,中国,全6话,国创
2658,雏蜂 日语版,7.8,6,中国,全6话,国创
34123,任务大师,6.4,6,中国,全6话,国创
5599,时空使徒 日文版,6.1,12,中国,全12话,国创
39413,守护联萌ROY6之抱抱森林的冒险,9.8,8,中国,全8话,国创
39742,三十六个字,9.8,0,中国,1984年10月10日上映,国创
25585,猫妖的诱惑 先行版,2.6,0,中国,,国创
40583,冲破黑暗,9.8,0,中国,2021年4月7日上映,国创
2532,没头脑和不高兴,9.6,1,中国,全1话,国创
26806,时之歌—暮日醒觉诗 谍影篇,9.4,14,中国,全14话,国创
38689,LALALACOCO 粤语版,0.0,13,中国,全13话,国创
29008,驸马不要啊 动态漫 第三季,8.3,12,中国,全12话,国创
38025,飞吧！篮球,0.0,0,中国,即将开播,国创
5729,霹雳惊鸿之刀剑春秋,0.0,20,中国,全20话,国创
26565,爱我吧，苏大人 动态漫,8.0,6,中国,全6话,国创
43273,守护联萌ROY6之森林里的迷你你,0.0,16,中国,全16话,国创
25808,小黄人与格鲁日记,9.3,12,中国,全12话,国创
103105,嫁人就嫁灰太狼,9.8,26,中国,全26话,国创
5732,霹雳侠影之轰掣天下（普通话免费）,0.0,32,中国,全32话,国创
37909,魏晋小剧场,9.4,12,中国,全12话,国创
2525,封神榜传奇,9.4,100,中国,全100话,国创
23797,纳米学院,8.0,13,中国,全13话,国创
45524,金猴降妖,9.7,0,中国,1985年1月1日上映,国创
25233,安菟！安菟！,7.5,1,中国,全1话,国创
25209,了不起的我们,8.5,12,中国,全12话,国创
38548,酷大叔的恋爱物语 动态漫,9.2,24,中国,全24话,国创
33464,不思异：梦行者,0.0,12,中国,全12话,国创
40304,荆棘鸟,9.1,0,中国,2021年12月1日上映,国创
43372,洪荒志之青丘劫云,0.0,0,中国,即将开播,国创
119019,仙剑奇侠传四,0.0,0,中国,即将开播,国创
5895,Dream Hunter-狩梦人-,9.4,26,中国,全26话,国创
119018,我在废土世界扫垃圾,0.0,0,中国,即将开播,国创
6381,龙骑侍 普通话版,8.6,1,中国,全1话,国创
26456,喂，看见耳朵啦 第二季 日语版,9.4,12,中国,全12话,国创
26466,霹雳英雄战纪之刀说异数（闽南语）,0.0,20,中国,全20话,国创
5847,圣光不好惹,6.8,6,中国,全6话,国创
5905,我是丐帮不打奶花 第二季,9.5,4,中国,全4话,国创
43365,临渊行,0.0,0,中国,即将开播,国创
122457,紫禁·御喵房,0.0,16,中国,全16话,国创
39806,小蝌蚪找妈妈,9.8,0,中国,1961年7月1日上映,国创
5721,霹雳震寰宇之刀龙传说,0.0,40,中国,全40话,国创
6506,地藏齐天,0.0,10,中国,全10话,国创
6188,寻师伏魔录 第二季,8.8,4,中国,全4话,国创
6021,喵有卵用 第二季,7.8,24,中国,全24话,国创
47697,宝莲灯,9.8,0,中国,1999年7月30日上映,国创
5879,超游世界 日文版,6.4,20,中国,全20话,国创
22321,琥珀虚颜,7.0,20,中国,全20话,国创
3321,吃饭睡觉打豆豆 豆特么黑,9.3,20,中国,全20话,国创
27926,霹雳靖玄录（普通话免费）,0.0,20,中国,全20话,国创
41979,阳光咖啡厅之新友纪 上海话版,9.6,52,中国,全52话,国创
39851,熊孩子的灵魂拷问,0.0,30,中国,全30话,国创
39961,Q版三国之刘关张 粤语版,9.7,39,中国,全39话,国创
5731,霹雳侠影之轰定干戈（普通话免费）,0.0,32,中国,全32话,国创
5904,鹅毛笔,9.5,5,中国,全5话,国创
28379,霹雳靖玄录下阙（普通话免费）,0.0,28,中国,全28话,国创
6256,太极熊猫,0.0,10,中国,全10话,国创
5896,发发和大魔王,9.3,1,中国,全1话,国创
359,不可能恋爱,9.4,10,中国,全10话,国创
80048,小鲤鱼历险记,9.9,52,中国,全52话,国创
1817,蓝猫淘气3000问 幽默舞台,9.7,424,中国,全424话,国创
39741,山水情,9.8,0,中国,1988年1月1日上映,国创
5733,霹雳侠影之轰霆剑海录（普通话）,0.0,32,中国,全32话,国创
38362,龙娃,9.8,59,中国,全59话,国创
5433,马拉松王子,9.4,44,中国,全44话,国创
45963,九鼎记,0.0,0,中国,即将开播,国创
47907,小药童也想修仙,0.0,1,中国,全1话,国创
5734,霹雳开天记之创神篇（普通话）,0.0,96,中国,全96话,国创
42538,给我来个小狐狸,9.6,26,中国,全26话,国创
5739,霹雳狼烟之古原争霸,0.0,150,中国,全150话,国创
48855,山山田田间,9.5,12,中国,全12话,国创
102584,喜羊羊与灰太狼之异国破晓,9.3,0,中国,2025年7月26日上映,国创
6023,霹雳天命之仙魔鏖锋Ⅱ斩魔录（闽南语）,0.0,60,中国,全60话,国创
5940,Hello Kitty爱漫游,0.0,52,中国,全52话,国创
85214,三国演义,9.4,60,中国,全60话,国创
26568,合拍学生妹,9.1,11,中国,全11话,国创
38783,斗破苍穹之大主宰 动态漫 第三季,4.8,30,中国,全30话,国创
24052,大食谱,9.1,12,中国,全12话,国创
39846,黄金梦,9.7,0,中国,1963年1月1日上映,国创
118920,百日成王,0.0,0,中国,即将开播,国创
47670,阿诺德和他可爱的木偶们 繁体中文版,0.0,10,中国,全10话,国创
6172,江湖救援团-哥安寺声,9.6,2,中国,全2话,国创
1703,吃饭睡觉打豆豆,9.6,21,中国,全21话,国创
2644,混沌白书,9.0,15,中国,全15话,国创
47131,地下城与勇士之破界少女,8.4,12,中国,全12话,国创
41408,星际一游,7.9,12,中国,全12话,国创
44387,数学魔法,8.1,26,中国,全26话,国创
76347,枕刀歌之尘世行,9.9,1,中国,全1话,国创
32412,末日告白诗 动态漫,7.9,24,中国,全24话,国创
1797,超蛙战士,9.4,25,中国,全25话,国创
45959,第九纪元之回溯列车,0.0,0,中国,即将开播,国创
5736,霹雳谜城之九轮异谱（普通话）,0.0,112,中国,全112话,国创
6252,魔晶猎人 第二季,9.2,28,中国,全28话,国创
5737,霹雳狼烟之九轮燎原（普通话）,0.0,64,中国,全64话,国创
6380,龙骑侍 粤语版,9.2,1,中国,全1话,国创
29032,霹雳侠峰（普通话免费）,0.0,50,中国,全50话,国创
27684,驸马不要啊 动态漫  第二季,8.7,10,中国,全10话,国创
32556,风姿物语 动态漫,8.6,42,中国,全42话,国创
47504,崂山道士,0.0,1,中国,全1话,国创
2629,疯狂时代 第一季,9.6,13,中国,全13话,国创
47132,地下城与勇士之破界少女 日语版,0.0,12,中国,全12话,国创
33518,大鸾——周恩来童年读书的故事,0.0,1,中国,全1话,国创
3818,求求你，吃我吧,8.6,52,中国,全52话,国创
98255,反派师尊的我带着徒弟们天下无敌 动态漫,0.0,0,中国,更新至56下,国创
43037,喵喵如此妖娆,9.7,20,中国,全20话,国创
32430,星武神诀 动态漫,4.6,20,中国,全20话,国创
2523,自古英雄出少年,9.3,101,中国,全101话,国创
1822,蓝猫淘气3000问 太空历险,9.7,400,中国,全400话,国创
5713,霹雳谜城,0.0,40,中国,全40话,国创
41172,孔子之道,0.0,26,中国,全26话,国创
5735,霹雳开天记之创神篇下阕（普通话）,0.0,96,中国,全96话,国创
38340,武圣关公,6.1,0,中国,2020年1月11日上映,国创
5719,霹雳神州III之天罪,0.0,48,中国,全48话,国创
5738,霹雳狼烟之万堺尘涛（普通话）,0.0,32,中国,全32话,国创
5864,全职法师Q版小剧场,8.0,12,中国,全12话,国创
47142,开心超人之时空营救,9.2,0,中国,2024年1月20日上映,国创
43360,完美至尊,0.0,0,中国,即将开播,国创
20716,霹雳天命之战祸邪神（普通话免费）,0.0,20,中国,全20话,国创
119016,尚善,0.0,0,中国,即将开播,国创
5717,霹雳神州,0.0,30,中国,全30话,国创
42500,邪神祭,4.4,0,中国,2022年8月4日上映,国创
5608,疯暴英雄,8.3,12,中国,全12话,国创
28376,霹雳靖玄录下阕（普通话）,0.0,28,中国,全28话,国创
39805,那萨尔丁,9.7,100,中国,全100话,国创
5720,霹雳天启,0.0,48,中国,全48话,国创
42423,这一次怪兽赢了,0.0,0,中国,2022年8月4日上映,国创
100085,金蚕往事,0.0,24,中国,更新至第24话,国创
39740,眉间尺,9.6,0,中国,1991年11月1日上映,国创
106810,武魂大陆,0.0,48,中国,全48话,国创
23983,二二二哈企,7.5,50,中国,全50话,国创
47050,霹雳勇士,8.9,52,中国,全52话,国创
47006,图腾领域,9.9,52,中国,全52话,国创
47145,我在未来有套房,0.0,55,中国,全55话,国创
39759,鹬蚌相争,9.8,0,中国,1984年2月24日上映,国创
39810,三毛流浪记,9.7,0,中国,1958年1月1日上映,国创
118964,良药,0.0,0,中国,即将开播,国创
85589,万界主宰,0.0,32,中国,全32话,国创
5725,霹雳兵燹之圣魔战印,0.0,40,中国,全40话,国创
5724,霹雳经武纪之枭皇论战,0.0,40,中国,全40话,国创
99546,封灵特优生 动态漫,0.0,55,中国,更新至第55话,国创
41117,宴,8.5,0,中国,2021年1月1日上映,国创
5722,霹雳震寰宇之龙战八荒,0.0,40,中国,全40话,国创
33874,风姿物语 动态漫 第二季,8.5,24,中国,全24话,国创
74108,全职高手荣耀小剧场,0.0,12,中国,全12话,国创
127272,乐乐便利店,9.9,10,中国,全10话,国创
48281,炼气练了三千年 动态漫 第一季,0.0,36,中国,全36话,国创
44343,机变英盟,9.6,40,中国,全40话,国创
5936,茅屋爷爷讲故事,0.0,16,中国,全16话,国创
38303,马克思说经济危机,9.7,8,中国,全8话,国创
119017,万古至尊：李云霄传,0.0,0,中国,即将开播,国创
25010,暮光下午茶,0.0,12,中国,全12话,国创
24495,天才玩偶 日语版,7.6,12,中国,全12话,国创
5728,霹雳战元史之动机风云,0.0,40,中国,全40话,国创
5723,霹雳震寰宇之兵甲龙痕,0.0,40,中国,全40话,国创
38376,锋速战警,9.7,26,中国,全26话,国创
28305,大禹治水,8.6,12,中国,全12话,国创
5727,霹雳战元史之天竞鏖锋,0.0,40,中国,全40话,国创
29030,霹雳侠峰（普通话）,0.0,50,中国,全50话,国创
39843,小溪流,9.8,0,中国,1962年1月1日上映,国创
1820,蓝猫淘气3000问 海洋世界,9.4,312,中国,全312话,国创
31895,阿狸童话故事集 第二季,9.7,13,中国,全13话,国创
5714,霹雳皇龙纪,0.0,50,中国,全50话,国创
46960,阿优之神奇萝卜,9.7,52,中国,全52话,国创
6490,霹雳天命之战祸邪神（闽南语）,0.0,20,中国,全20话,国创
1800,蓝猫龙骑团 希望家园,9.3,4,中国,全4话,国创
33164,王爷你好贱 动态漫,4.8,12,中国,全12话,国创
43066,不鸭短片之八九不离食,9.4,10,中国,全10话,国创
44378,美食大冒险之文明之旅,9.9,52,中国,全52话,国创
38183,十二生肖,9.7,40,中国,全40话,国创
2526,白鸽岛,9.7,52,中国,全52话,国创
111041,三国的星空第一部,0.0,0,中国,2025年10月1日上映,国创
125663,新爆笑校园 第一季,9.3,26,中国,全26话,国创
46828,反转泡蛋,9.6,30,中国,全30话,国创
38351,环保剑,9.6,52,中国,全52话,国创
28446,地道战之英雄出少年,0.0,15,中国,全15话,国创
20293,有病得治,0.0,11,中国,全11话,国创
103004,我的师傅每到大限才突破 动态漫,9.1,95,中国,更新至第95话,国创
39320,淘气包马小跳,8.9,0,中国,2009年1月20日上映,国创
48505,熊出没·重启未来,9.6,0,中国,2025年1月29日上映,国创
88103,快乐星猫,9.5,26,中国,全26话,国创
42425,守神,0.0,0,中国,2022年8月4日上映,国创
25297,大食谱  第二季,9.5,12,中国,全12话,国创
47198,我的弟子都超神 第二季,0.0,40,中国,全40话,国创
5212,小樱桃,5.1,26,中国,全26话,国创
48285,万渣朝凰 第一季,0.0,30,中国,全30话,国创
5770,天才联盟,9.5,12,中国,全12话,国创
5726,霹雳兵燹之问鼎天下,0.0,40,中国,全40话,国创
47792,咸鱼哥 第二季 粤语版,9.9,13,中国,全13话,国创
44319,快乐星猫 第八季,9.5,26,中国,全26话,国创
3403,正义红师 粤语版,9.5,52,中国,全52话,国创
1821,蓝猫淘气3000问 运动系列,9.2,257,中国,全257话,国创
5716,霹雳开疆纪,0.0,40,中国,全40话,国创
27925,霹雳靖玄录（闽南语）,0.0,20,中国,全20话,国创
1796,太昊伏羲,0.0,26,中国,全26话,国创
38549,时空恋人 动态漫,8.2,24,中国,全24话,国创
5715,霹雳皇朝之铡龑史,0.0,30,中国,全30话,国创
105348,猫和老鼠：星盘奇缘,5.7,0,中国,2025年8月2日上映,国创
39841,26个秘密 ,0.0,26,中国,全26话,国创
85591,战神联盟,0.0,48,中国,全48话,国创
6024,霹雳侠影之轰动武林（闽南语）,0.0,31,中国,全31话,国创
39811,差不多,9.3,0,中国,1964年1月1日上映,国创
38860,星火传承,0.0,4,中国,全4话,国创
45539,黑猫警长之翡翠之星,8.2,0,中国,2015年8月7日上映,国创
5718,霹雳神州II之苍玄泣,0.0,46,中国,全46话,国创
48096,赛尔号 第6季,7.7,30,中国,全30话,国创
33848,王爷你好贱 动态漫 第二季,0.0,12,中国,全12话,国创
26512,百层塔 漫动画,8.9,25,中国,全25话,国创
6396,绝行者,0.0,7,中国,全7话,国创
236299,FLUFFY LAND 北大陆篇 动态漫 英语版,0.0,8,中国,更新至第8话,国创
40222,天天成长记 第一季,0.0,13,中国,全13话,国创
47007,图腾领域 第二季,9.8,52,中国,全52话,国创
40471,宝狄与好友,9.6,52,中国,全52话,国创
122669,我的哪吒与变形金刚,5.4,26,中国,更新至第26话,国创
80049,美猴王,9.8,52,中国,全52话,国创
39809,小鲤鱼跳龙门,9.6,0,中国,1958年1月1日上映,国创
44318,快乐星猫 第七季,9.5,26,中国,全26话,国创
6016,美少女大劈叉 第一季,8.8,12,中国,全12话,国创
39629,斗神姬 日语版,6.8,12,中国,全12话,国创
5899,我的囧囧发小,0.0,7,中国,全7话,国创
39807,神笔,9.8,0,中国,1955年1月1日上映,国创
6519,喵有卵用 第三季,9.0,24,中国,全24话,国创
39904,牧笛,9.8,0,中国,1963年1月1日上映,国创
47488,大英雄狄青,9.8,52,中国,全52话,国创
109668,FLUFFY LAND 北大陆篇 动态漫,9.1,8,中国,更新至第8话,国创
38646,小小世界历险记,9.6,52,中国,全52话,国创
28651,可爱的中国,8.8,12,中国,全12话,国创
26569,合拍学生妹 粤语版,9.1,11,中国,全11话,国创
27924,霹雳靖玄录（普通话）,0.0,20,中国,全20话,国创
33423,武装精灵,8.3,40,中国,全40话,国创
5114,疯狂时代 第二季,9.4,14,中国,全14话,国创
47671,阿诺德和他可爱的木偶们 英文版,0.0,10,中国,全10话,国创
44315,快乐星猫 第四季,9.3,26,中国,全26话,国创
5443,襄阳萌物语,0.0,14,中国,全14话,国创
26021,霹雳魔封（普通话）,0.0,60,中国,全60话,国创
39808,猪八戒吃西瓜,9.8,0,中国,1958年1月1日上映,国创
47772,地上城与勇士,9.6,10,中国,全10话,国创
41189,Evelyn,0.0,0,中国,2021年1月1日上映,国创
38365,魔幻仙踪,9.8,26,中国,全26话,国创
24744,霹雳惊涛（闽南语）,0.0,42,中国,全42话,国创
22626,霹雳天命之战祸邪神Ⅱ破邪传（闽南语）,0.0,50,中国,全50话,国创
39845,一条丝腰带,9.7,0,中国,1961年1月1日上映,国创
41315,偷猎者,0.0,0,中国,2021年1月1日上映,国创
40515,乐儿科学小百科,0.0,36,中国,全36话,国创
5760,特别车队,9.5,13,中国,全13话,国创
48154,精灵梦叶罗丽 第8季,0.0,26,中国,全26话,国创
48526,FLUFFY LAND 动态漫,9.4,20,中国,全20话,国创
46887,不一样的数学故事,0.0,60,中国,全60话,国创
3322,吃饭睡觉打豆豆 神经豆,9.4,21,中国,全21话,国创
48095,赛尔号 第7季,7.8,30,中国,全30话,国创
5393,狂丸战记,9.4,8,中国,全8话,国创
38932,星兽猎人,9.8,32,中国,全32话,国创
35707,草原英雄小姐妹,0.0,0,中国,1965年1月1日上映,国创
28378,霹雳靖玄录下阕（闽南语）,0.0,28,中国,全28话,国创
38275,超变战陀,9.0,40,中国,全40话,国创
44256,神兽金刚之超变星甲,8.4,46,中国,全46话,国创
38173,乐比悠悠1,9.8,52,中国,全52话,国创
48019,百工灵,0.0,24,中国,全24话,国创
85594,仙迹寻踪,0.0,48,中国,全48话,国创
88935,冰封末日：绝无生还之路 动态漫,0.0,31,中国,更新至第31话,国创
124580,百变马丁 第1季,0.0,52,中国,全52话,国创
28913,麒麟先生,9.6,11,中国,全11话,国创
26020,霹雳魔封（闽南语）,0.0,60,中国,全60话,国创
48291,守龙者,0.0,0,中国,2024年8月17日上映,国创
39211,2018-2019bilibili国创动画作品发布会,0.0,1,中国,全1话,国创
96212,盟卡车神之龙兽觉醒 第二季,0.0,26,中国,全26话,国创
44827,元尊 动态漫第四季：苍玄宗,9.4,13,中国,全13话,国创
47051,元气拯救队,0.0,52,中国,全52话,国创
6053,美少女大劈叉 第三季,0.0,17,中国,全17话,国创
39906,谢谢小花猫,9.4,0,中国,1950年1月1日上映,国创
102022,大象无形 动态漫,0.0,63,中国,更新至第63话,国创
39820,小燕子,9.8,0,中国,1960年1月1日上映,国创
45434,妖道至尊,0.0,160,中国,全160话,国创
46490,猪猪侠之梦想守卫者,9.1,52,中国,全52话,国创
45521,狐狸列那,0.0,0,中国,1989年1月1日上映,国创
45128,开局一文钱 动态漫画 第1季,0.0,20,中国,全20话,国创
72721,光影天炎战甲,7.2,26,中国,全26话,国创
48153,精灵梦叶罗丽 第7季,0.0,26,中国,全26话,国创
39763,小白鸽,0.0,0,中国,1978年7月12日上映,国创
38594,下姜村的绿水青山梦,0.0,7,中国,全7话,国创
45796,贝肯熊：火星任务,9.0,0,中国,2023年9月28日上映,国创
32526,铁扇公主,9.8,0,中国,1941年1月1日上映,国创
44224,虹猫蓝兔七侠外传 跳跳篇,0.0,52,中国,全52话,国创
32364,在那遥远的地方,9.3,3,中国,全3话,国创
1798,抗日英雄杨来西,0.0,12,中国,全12话,国创
48148,精灵梦叶罗丽 第2季,5.7,26,中国,全26话,国创
115002,全民神祇：我献祭亿万生灵成神 动态漫,0.0,84,中国,全84话,国创
5170,郑成功,8.7,52,中国,全52话,国创
38304,趣味三十六计,0.0,36,中国,全36话,国创
112206,全民转职！我！即是亡灵天灾 动态漫,0.0,60,中国,全60话,国创
38698,霹雳惊鸿之刀剑春秋（普通话）,0.0,20,中国,全20话,国创
44930,动画人的焦虑日常,0.0,0,中国,2023年4月19日上映,国创
48159,阿诺德和他可爱的木偶们 日文版,0.0,10,中国,全10话,国创
47261,四季童年,0.0,0,中国,2023年12月15日上映,国创
40475,火星娃勇闯魔晶岛,9.7,52,中国,全52话,国创
48152,精灵梦叶罗丽 第6季,0.0,26,中国,全26话,国创
39054,炫斗战轮,9.0,30,中国,全30话,国创
43803,古诗词水墨动画,0.0,42,中国,全42话,国创
39801,怕羞的黄莺,9.8,0,中国,1960年10月4日上映,国创
48151,精灵梦叶罗丽 第5季,0.0,26,中国,全26话,国创
48149,精灵梦叶罗丽 第3季,5.2,26,中国,全26话,国创
48150,精灵梦叶罗丽 第4季,0.0,26,中国,全26话,国创
102885,系统逼我做反派 动态漫,0.0,121,中国,全121话,国创
102996,掌门低调点 动态漫 第三季,0.0,96,中国,更新至第96话,国创
46491,猪猪侠之超星萌宠1,9.2,26,中国,全26话,国创
44317,快乐星猫 第六季,9.6,26,中国,全26话,国创
27058,万里雪歌,0.0,3,中国,全3话,国创
39804,让梦想起飞,0.0,104,中国,全104话,国创
48280,传闻中的白月光,0.0,63,中国,全63话,国创
88988,真理面具 动态漫 重制版,0.0,47,中国,更新至第47话,国创
40698,渔王,8.7,0,中国,2021年12月1日上映,国创
105931,向着星辰的长征,0.0,16,中国,全16话,国创
207000,武帝隐居之后的生活 动态漫,0.0,28,中国,全28话,国创
98252,目标一亿积分 动态漫,0.0,61,中国,更新至第61话,国创
41375,斗破苍穹之大主宰 动态漫 第四季,0.0,30,中国,全30话,国创
48288,万渣朝凰 第四季,0.0,70,中国,全70话,国创
47657,虚无边境 粤语版,0.0,13,中国,全13话,国创
39313,疫战到底,0.0,12,中国,全12话,国创
88126,火力少年王 动画版,9.4,40,中国,全40话,国创
47497,雪孩子,9.8,1,中国,全1话,国创
48246,盟卡车神之魔幻对决W,0.0,67,中国,全67话,国创
88108,美食大冒险之火热之旅,9.8,55,中国,全55话,国创
48533,盟卡车神之龙兽觉醒,0.0,26,中国,全26话,国创
126313,碳基生物进化指南：最强蜗牛独眼篇,0.0,15,中国,全15话,国创
38377,锋速战警 3D,0.0,26,中国,全26话,国创
25463,霹雳惊涛（普通话）,0.0,42,中国,全42话,国创
44946,长剑风云 第二季 粤语版,0.0,10,中国,全10话,国创
28043,领风者 动态漫,0.0,8,中国,全8话,国创
116832,仙尊归来：只手镇人间,0.0,50,中国,全50话,国创
43983,汉字侠·神奇汉字星球,0.0,52,中国,全52话,国创
43991,宝狄与好友 第二季,0.0,52,中国,全52话,国创
6025,霹雳侠影之轰定干戈（闽南语）,0.0,32,中国,全32话,国创
46477,猪猪侠之竞速小英雄1,0.0,26,中国,全26话,国创
38276,超变战陀之爆甲战陀,8.6,30,中国,全30话,国创
39328,辉煌100年,0.0,10,中国,全10话,国创
3320,白想这么多,0.0,30,中国,全30话,国创
46581,风雪山神庙,0.0,0,中国,2023年11月10日上映,国创
72623,猪猪侠之深海小英雄3,7.2,26,中国,全26话,国创
39969,成长这东西,0.0,52,中国,全52话,国创
236344,电击小子,0.0,26,中国,全26话,国创
40206,魔幻陀螺之机甲战车,9.2,30,中国,全30话,国创
40517,乐儿数学逻辑王,0.0,30,中国,全30话,国创
6493,兔潮帮,0.0,10,中国,全10话,国创
100171,天命出马仙 动态漫,0.0,25,中国,更新至第25话,国创
47501,人参果,0.0,1,中国,全1话,国创
44316,快乐星猫 第五季,0.0,26,中国,全26话,国创
44286,神兽金刚5,0.0,26,中国,全26话,国创
3074,拖拉机司机,0.0,12,中国,全12话,国创
47665,百变宝贝,0.0,26,中国,全26话,国创
46953,熊猫和小鼹鼠,0.0,52,中国,全52话,国创
48286,万渣朝凰 第二季,0.0,30,中国,全30话,国创
39466,红色江山之黃麻烽火,0.0,13,中国,全13话,国创
48282,炼气练了三千年 动态漫 第二季,0.0,52,中国,全52话,国创
43974,主公在哪,9.5,26,中国,全26话,国创
38364,魔幻仙踪Ⅰ 3D,0.0,26,中国,全26话,国创
6488,黄金屋,9.3,36,中国,全36话,国创
27761,神雕实验室 漫动画,0.0,0,中国,,国创
47499,三个和尚,0.0,1,中国,全1话,国创
40478,火焰战士,9.7,53,中国,全53话,国创
39919,金色的海螺,0.0,0,中国,1963年1月1日上映,国创
6026,霹雳侠影之轰掣天下（闽南语）,0.0,32,中国,全32话,国创
48287,万渣朝凰 第三季,0.0,40,中国,全40话,国创
25467,霹雳天命之仙魔鏖锋Ⅱ斩魔录（普通话）,0.0,60,中国,全60话,国创
39049,神奇历险记,0.0,26,中国,全26话,国创
44262,诗歌里的故事,0.0,72,中国,全72话,国创
43775,中国历史文化名人,0.0,22,中国,全22话,国创
42916,盟卡车神之魔幻元珠,0.0,26,中国,全26话,国创
103005,我在末世搬金砖 动态漫,0.0,20,中国,更新至第20话,国创
46859,少年英雄小哪吒,0.0,52,中国,全52话,国创
45397,日出原理,0.0,0,中国,2023年6月10日上映,国创
25807,暮光plus,0.0,11,中国,全11话,国创
124443,星卡梦少女4花神的试炼,0.0,30,中国,全30话,国创
44269,中华上下五千年之成语故事篇 第一季,0.0,40,中国,全40话,国创
126153,快乐集结号,0.0,58,中国,全58话,国创
46485,百变校巴9,0.0,26,中国,全26话,国创
25481,霹雳天命之战祸邪神Ⅱ破邪传（普通话）,0.0,50,中国,全50话,国创
38936,星兽猎人2,0.0,30,中国,全30话,国创
46494,猪猪侠之超星萌宠4,9.3,36,中国,全36话,国创
99897,福娃,9.4,52,中国,全52话,国创
39829,大名府,0.0,0,中国,1962年1月1日上映,国创
39771,小八路,9.6,0,中国,1974年1月20日上映,国创
40226,天天成长记 第四季,0.0,13,中国,全13话,国创
40224,天天成长记 第二季,0.0,13,中国,全13话,国创
6028,霹雳开天记之创神篇（闽南语）,0.0,16,中国,全16话,国创
126981,木奇灵 第2季,0.0,52,中国,更新至第52话,国创
72663,核晶少年 第1季,0.0,26,中国,全26话,国创
88107,雷速登之翼飞冲天,0.0,52,中国,全52话,国创
75235,百日成财,0.0,0,中国,即将开播,国创
47495,好猫咪咪,0.0,1,中国,全1话,国创
38489,巷食传说,0.0,13,中国,全13话,国创
24721,超女娃娃,8.9,160,中国,全160话,国创
45616,新大头儿子和小头爸爸 欢乐亲子营,2.9,200,中国,全200话,国创
109031,钢炽之芯,0.0,26,中国,全26话,国创
47778,没头脑和不高兴,0.0,26,中国,全26话,国创
39939,长发妹,0.0,0,中国,1963年1月1日上映,国创
45472,环游地球八十天,0.0,0,中国,1998年11月8日上映,国创
46467,猪猪侠之超星五灵侠1,3.3,26,中国,全26话,国创
38429,小猪班纳,0.0,52,中国,全52话,国创
47010,新编蓝猫淘气三千问,0.0,134,中国,全134话,国创
5438,小樱桃 第二季,0.0,26,中国,全26话,国创
25478,霹雳天命之战祸邪神（普通话）,0.0,20,中国,全20话,国创
42421,出大事啦,0.0,0,中国,2022年8月4日上映,国创
42977,武拳 动态漫,0.0,48,中国,全48话,国创
40203,魔幻陀螺2,9.0,30,中国,全30话,国创
45259,超元绝战,0.0,20,中国,全20话,国创
47577,猪猪侠大电影·星际行动,2.8,0,中国,2024年5月1日上映,国创
6027,霹雳侠影之轰霆剑海录（闽南语）,0.0,32,中国,全32话,国创
112207,泰坦时代：我觉醒了十凶 动态漫,0.0,60,中国,全60话,国创
40225,天天成长记 第三季,0.0,13,中国,全13话,国创
6390,拇指鸡,0.0,12,中国,全12话,国创
72592,跳跳鱼世界,9.7,52,中国,全52话,国创
72621,猪猪侠之深海小英雄1,0.0,26,中国,全26话,国创
38897,天上掉下个猪八戒之福星八戒,0.0,104,中国,全104话,国创
45392,明日恐惧症,0.0,0,中国,2023年6月10日上映,国创
44312,新大头儿子和小头爸爸 第4季,2.9,100,中国,全100话,国创
6033,霹雳狼烟之古原爭霸,0.0,50,中国,全50话,国创
6017,美少女大劈叉 第二季,0.0,13,中国,全13话,国创
39789,聪明的鸭子,0.0,0,中国,1960年6月14日上映,国创
44007,双甲战陀4超环战陀,0.0,26,中国,全26话,国创
103006,我真的不想当第一 动态漫,0.0,60,中国,更新至第60话,国创
6044,三国果果,0.0,9,中国,全9话,国创
44527,寻灵大冒险,0.0,26,中国,全26话,国创
38197,乐比悠悠教育系列之快乐成长,0.0,52,中国,全52话,国创
111619,我有一个聚宝盆 动态漫,0.0,41,中国,全41话,国创
47659,魔鬼芯片,0.0,26,中国,全26话,国创
41374,疾风劲射 第一季 上,6.5,26,中国,全26话,国创
226692,穿越兽世，神兽男仆助我成后,3.6,61,中国,全61话,国创
46738,那萨尔丁东游记,0.0,25,中国,全25话,国创
46764,疯狂小糖 第二季,3.3,52,中国,全52话,国创
44313,新大头儿子和小头爸爸 第5季,3.0,100,中国,全100话,国创
107932,疾风劲射 第一季 下,0.0,26,中国,全26话,国创
42420,云之子,0.0,0,中国,2022年8月4日上映,国创
44320,趣说经典之成语故事 第一季,0.0,90,中国,全90话,国创
32534,渔童,9.8,0,中国,1959年1月1日上映,国创
6030,霹雳谜城之九轮异谱（闽南语）,0.0,32,中国,全32话,国创
6405,鱼老板の日常,9.0,66,中国,全66话,国创
1803,拯救侏罗纪,8.6,13,中国,全13话,国创
29029,霹雳侠峰（闽南语）,0.0,50,中国,全50话,国创
40169,超甲虫战记·圣域传,0.0,26,中国,全26话,国创
68634,虹猫蓝兔七侠传 粤语版,0.0,108,中国,全108话,国创
103016,这个大佬画风不对 动态漫,0.0,24,中国,更新至第24话,国创
46895,天眼归来,0.0,624,中国,全624话,国创
34387,熊猫手札,7.2,10,中国,全10话,国创
1802,后羿射日,3.5,13,中国,全13话,国创
43802,开心智趣园之幼教故事,0.0,40,中国,全40话,国创
6031,霹雳狼烟之九轮燎原（闽南语）,0.0,16,中国,全16话,国创
47496,老狼请客,0.0,1,中国,全1话,国创
48245,爆炫星陀,0.0,26,中国,全26话,国创
47969,一,0.0,0,中国,2024年6月14日上映,国创
47482,大盗贼,0.0,8,中国,全8话,国创
46493,猪猪侠之超星萌宠3,0.0,36,中国,全36话,国创
38514,天才发明家,0.0,73,中国,全73话,国创
46492,猪猪侠之超星萌宠2,0.0,26,中国,全26话,国创
41102,三三的冰雪世界,0.0,6,中国,全6话,国创
39918,派乐奇童,0.0,38,中国,全38话,国创
103000,从不出手的我混成了天榜大佬·动态漫,0.0,36,中国,更新至第36话,国创
47049,爸爸去哪儿,0.0,26,中国,全26话,国创
102893,我真不是大反派啊 动态漫,0.0,54,中国,更新至第54话,国创
126213,我的朋友猪迪克,0.0,52,中国,全52话,国创
6029,霹雳开天记之创神篇下阕（闽南语）,0.0,32,中国,全32话,国创
46658,绿毛怪格林奇,0.0,0,中国,2018年11月9日上映,国创
36278,奇奇和努娜,0.0,104,中国,全104话,国创
103015,重生之神级败家子 动态漫,0.0,80,中国,更新至第80话,国创
88104,快乐星猫 第二季,0.0,26,中国,全26话,国创
39802,山羊和狼,0.0,0,中国,1960年7月6日上映,国创
40212,魔幻陀螺之聚能引擎,0.0,30,中国,全30话,国创
45670,马兰花,0.0,0,中国,2009年6月19日上映,国创
236405,电击小子2 ,0.0,26,中国,全26话,国创
46850,龙战士星源,0.0,26,中国,全26话,国创
72946,23号牛乃唐 第1季,0.0,26,中国,全26话,国创
44268,小智慧国学课堂之中华名人故事 第二季,0.0,64,中国,全64话,国创
46349,超变战陀5百变战陀,0.0,26,中国,全26话,国创
46579,路,7.8,0,中国,2023年11月10日上映,国创
39770,红领巾,0.0,0,中国,1964年1月1日上映,国创
40307,全糖不加冰,8.0,0,中国,2021年12月1日上映,国创
39768,两只小孔雀,0.0,0,中国,1978年11月29日上映,国创
46963,阿优之神奇萝卜 第三季,0.0,26,中国,全26话,国创
126474,激战奇轮2,0.0,44,中国,全44话,国创
172454,神级系统：垂死老翁逆天改命 动态漫,0.0,11,中国,更新至第11话,国创
38536,蓝巨星与绿豆鲨,0.0,60,中国,全60话,国创
38319,今天·明天,6.8,0,中国,2012年5月11日上映,国创
47507,善良的夏吾冬,0.0,1,中国,全1话,国创
46967,阿优之神奇幻镜,0.0,26,中国,全26话,国创
44297,棉花糖和云朵妈妈 第三季,2.9,120,中国,全120话,国创
47014,熊仔之正义守护,6.7,52,中国,全52话,国创
46480,猪猪侠之竞速小英雄4,0.0,26,中国,全26话,国创
38190,乐比悠悠之安全教育,0.0,52,中国,全52话,国创
45538,西岳奇童,0.0,0,中国,1984年1月1日上映,国创
6032,霹雳狼烟之万堺尘涛（闽南语）,0.0,32,中国,全32话,国创
72927,转战之超旋斗士,0.0,38,中国,全38话,国创
39932,采蘑菇,8.2,0,中国,1953年1月1日上映,国创
44304,冰球旋风,3.3,52,中国,全52话,国创
111618,开局饕餮血统，我吞噬一切 动态漫,0.0,52,中国,全52话,国创
84293,我在未来有套房 第二季,0.0,100,中国,更新至第100话,国创
44929,Busy Day,3.7,0,中国,2023年4月19日上映,国创
124490,泡泡美人鱼 第1季,0.0,26,中国,全26话,国创
45080,变形联盟之超变战神,0.0,30,中国,全30话,国创
72547,桃花夫人,0.0,26,中国,全26话,国创
46965,阿优之兔智来了,0.0,26,中国,全26话,国创
43931,梦想总动员,8.9,52,中国,全52话,国创
46472,猪猪侠之超星五灵侠6,0.0,26,中国,全26话,国创
46949,小济公,0.0,52,中国,全52话,国创
103007,最强反套路系统 第二季 动态漫,0.0,100,中国,更新至第100话,国创
39769,山伢仔,0.0,0,中国,1978年7月3日上映,国创
46478,猪猪侠之竞速小英雄2,0.0,26,中国,全26话,国创
4856,环保特勤组,3.3,26,中国,全26话,国创
72769,可可小爱快乐学知识,9.1,47,中国,全47话,国创
43975,主公在哪 第二季,0.0,26,中国,全26话,国创
38267,中华历史文化名人,0.0,22,中国,全22话,国创
44356,神兽金刚之邦宝历险记2,0.0,45,中国,全45话,国创
47650,小和尚,0.0,52,中国,全52话,国创
40369,机智的山羊,0.0,0,中国,1956年1月1日上映,国创
6093,《麦田故事：生活常识》,0.0,6,中国,全6话,国创
112090,重生灰大狼，手搓核聚变震惊全球 动态漫,2.9,66,中国,全66话,国创
6091,《麦田故事：国学礼仪》,0.0,8,中国,全8话,国创
124588,指令宝贝,0.0,45,中国,全45话,国创
48537,神奇马戏团之动物饼干,0.0,0,中国,2018年7月21日上映,国创
39381,巧虎魔法岛历险记,0.0,0,中国,2021年7月24日上映,国创
46957,篮球旋风,0.0,52,中国,全52话,国创
36136,孔雀公主,0.0,0,中国,1963年1月1日上映,国创
206639,仙子，你有大凶之兆 动态漫,0.0,50,中国,更新至第50话,国创
46961,阿优之神奇萝卜 第二季,0.0,26,中国,全26话,国创
41278,一天,0.0,0,中国,2021年1月1日上映,国创
46779,魔法城,0.0,45,中国,全45话,国创
44289,少年师爷之勇者闯江南,0.0,26,中国,全26话,国创
72624,猪猪侠之深海小英雄4,0.0,26,中国,全26话,国创
72668,核晶少年 第4季,0.0,26,中国,全26话,国创
47487,猩猩探长,0.0,13,中国,全13话,国创
46479,猪猪侠之竞速小英雄3,0.0,26,中国,全26话,国创
40162,百变科小比 第一季,8.4,26,中国,全26话,国创
46763,疯狂小糖 第六季,4.3,30,中国,全30话,国创
72625,猪猪侠之拼装特工队,0.0,26,中国,全26话,国创
38701,霹雳朝灵阙,0.0,30,中国,全30话,国创
44942,寻灵大冒险 第三季,0.0,26,中国,全26话,国创
72666,核晶少年 第3季,0.0,26,中国,全26话,国创
102995,掌门低调点 动态漫 第二季,0.0,60,中国,更新至第60话,国创
44247,中华成语故事 智慧篇,0.0,58,中国,全58话,国创
44270,中华上下五千年之成语故事篇 第二季,0.0,75,中国,全75话,国创
45535,倔强的凯拉班,0.0,0,中国,1997年5月11日上映,国创
72622,猪猪侠之深海小英雄2,0.0,26,中国,全26话,国创
47516,乌鸦为什么是黑的,0.0,1,中国,全1话,国创
172431,躺平修仙，道侣修炼我变强 动态漫,0.0,12,中国,更新至第12话,国创
113970,斩月 动态漫,0.0,40,中国,全40话,国创
72947,23号牛乃唐 第2季,0.0,26,中国,全26话,国创
40228,跳跳鱼世界成语故事,0.0,52,中国,全52话,国创
47008,积高侠与阿里巴巴,9.6,52,中国,全52话,国创
124447,三星堆荣耀觉醒,0.0,52,中国,全52话,国创
46951,蚂蚁公主 第二季,0.0,26,中国,全26话,国创
45473,屈原,0.0,1,中国,全1话,国创
47037,八仙过海,0.0,10,中国,全10话,国创
47483,怪老头儿,0.0,4,中国,全4话,国创
24341,霹雳天命之仙魔鏖锋（闽南语）,0.0,50,中国,全50话,国创
46955,丝路传奇大海图,0.0,52,中国,全52话,国创
46831,中华上下五千年之民间故事传说,0.0,26,中国,全26话,国创
44303,新大头儿子和小头爸爸 智能小当家2,2.8,100,中国,全100话,国创
46484,百变校巴4,0.0,26,中国,全26话,国创
48242,咖宝车神之飞天战队,0.0,24,中国,全24话,国创
40232,猪迪克之古怪岛大冒险,9.8,26,中国,全26话,国创
47484,快乐家家车,0.0,52,中国,全52话,国创
38328,山猫和吉咪之快乐篇,0.0,108,中国,全108话,国创
128706,神兽金刚之邦宝历险记4,0.0,45,中国,全45话,国创
43805,中华弟子规前传,0.0,6,中国,全6话,国创
44225,蛋计划之龙兽星球,0.0,26,中国,全26话,国创
46959,新大头儿子和小头爸爸英雄梦,2.9,200,中国,全200话,国创
45097,你的快递是这么丢的,0.0,0,中国,2023年5月12日上映,国创
72664,核晶少年 第2季,0.0,26,中国,全26话,国创
44345,智慧岛传奇,0.0,26,中国,全26话,国创
46471,猪猪侠之超星五灵侠5,0.0,26,中国,全26话,国创
47722,超变战陀之百变战陀2,0.0,26,中国,全26话,国创
44242,中华廉政文化故事,0.0,24,中国,全24话,国创
46888,不一样的语文故事,0.0,60,中国,全60话,国创
45991,天界代购店 动态漫,0.0,13,中国,全13话,国创
38700,霹雳兵烽决,0.0,46,中国,全46话,国创
46946,棉花糖和云朵妈妈,4.4,120,中国,全120话,国创
111620,末日壁垒 动态漫,0.0,40,中国,全40话,国创
145622,满级悟性，从剑阁守剑开始 动态漫,0.0,33,中国,更新至第33话,国创
45537,警犬救护队,0.0,0,中国,1993年1月1日上映,国创
46504,疯狂小糖 第三季,2.7,52,中国,全52话,国创
38134,十二生肖之五福外传,0.0,40,中国,全40话,国创
40527,小鼠和大象的创意,0.0,90,中国,全90话,国创
40793,毛毛镇 第三季,0.0,52,中国,全52话,国创
44321,趣说经典之成语故事 第二季,0.0,90,中国,全90话,国创
38555,霹雳天越,0.0,32,中国,全32话,国创
44941,寻灵大冒险 第二季,0.0,26,中国,全26话,国创
46470,猪猪侠之超星五灵侠4,0.0,26,中国,全26话,国创
40555,930街区,0.0,13,中国,全13话,国创
39916,玉骐麟之仙灵奇域,0.0,52,中国,全52话,国创
1804,蔬果王国历险记,0.0,52,中国,全52话,国创
44357,神兽金刚之超变星甲2,0.0,46,中国,全46话,国创
40501,哈哈咪,6.0,52,中国,全52话,国创
2984,闯闯闯！我是闯堂兔！,0.0,20,中国,全20话,国创
42048,魔能圣甲：守护者,0.0,26,中国,全26话,国创
45033,盟卡车神之魔幻元珠 第二季,0.0,26,中国,全26话,国创
40191,跳跃战士,0.0,26,中国,全26话,国创
41281,小凉帽之魔法凉帽,0.0,26,中国,全26话,国创
72812,奇特益智工程车 第2季,0.0,20,中国,全20话,国创
47510,鹿铃,0.0,1,中国,全1话,国创
42173,卡卡虎大冒险,0.0,26,中国,全26话,国创
124582,百变马丁 第3季,0.0,26,中国,全26话,国创
88097,神探威威猫 第2季,0.0,60,中国,全60话,国创
32535,济公斗蟋蟀,0.0,0,中国,1959年1月1日上映,国创
72811,奇特益智工程车 第1季,0.0,20,中国,全20话,国创
40164,布鲁可战之源星石守卫,0.0,20,中国,全20话,国创
46773,中华上下五千年之名人故事篇 第一季,0.0,64,中国,全64话,国创
99798,航天双子星 第二季,8.6,26,中国,全26话,国创
38480,武当虹少年,0.0,26,中国,全26话,国创
46469,猪猪侠之超星五灵侠3,0.0,26,中国,全26话,国创
43994,大王日记,0.0,2,中国,全2话,国创
6089,《麦田故事：历史》,0.0,8,中国,全8话,国创
40163,布鲁可战队人之危客对决,0.0,20,中国,全20话,国创
47661,西游漫记,0.0,18,中国,全18话,国创
46468,猪猪侠之超星五灵侠2,0.0,26,中国,全26话,国创
5175,小兔侠之功夫学校,0.0,104,中国,全104话,国创
40204,魔幻陀螺5,0.0,30,中国,全30话,国创
4321,野生动物宝宝 第一季,0.0,52,中国,全52话,国创
47652,白玉堂,0.0,52,中国,全52话,国创
47613,家有开心果,0.0,13,中国,全13话,国创
46498,百变校巴之超学先锋4,0.0,26,中国,全26话,国创
40124,百变布鲁可 第五季,0.0,20,中国,全20话,国创
72643,猪猪侠之恐龙日记 第2季,0.0,26,中国,全26话,国创
46753,英语俱乐部,0.0,95,中国,全95话,国创
45533,格兰特船长的儿女,0.0,0,中国,2005年1月1日上映,国创
22809,深夜渔堂,0.0,24,中国,全24话,国创
38426,肥猫正传,4.8,52,中国,全52话,国创
46792,星原小宝2神勇V5队,0.0,60,中国,全60话,国创
47963,小诗人,0.0,0,中国,2024年6月14日上映,国创
126986,木奇灵 第3季,0.0,52,中国,全52话,国创
48244,神奇的朋友 咖宝蛋神,0.0,26,中国,全26话,国创
72711,年的味道,3.2,1,中国,全1话,国创
72587,工程车救援行动队 第2季,0.0,20,中国,全20话,国创
46770,孔小西和哈基姆,0.0,26,中国,全26话,国创
46488,百变校巴12,0.0,26,中国,全26话,国创
46964,科普中国之阿优学科学,0.0,32,中国,全32话,国创
35777,半夜鸡叫,0.0,0,中国,1964年1月1日上映,国创
43981,翻开这一页 第4季,0.0,10,中国,全10话,国创
39913,小乐比,0.0,13,中国,全13话,国创
47979,新大头儿子和小头爸爸6：迷你大冒险,0.0,0,中国,2024年10月1日上映,国创
46482,百变校巴2,0.0,26,中国,全26话,国创
44928,为什么留鸟会飞离海岸,0.0,0,中国,2023年4月19日上映,国创
48501,成语中国 第一季,0.0,20,中国,全20话,国创
102998,道君 动态漫,0.0,30,中国,更新至第30话,国创
46908,小英雄雨来,0.0,13,中国,全13话,国创
46487,百变校巴11,0.0,26,中国,全26话,国创
44913,大话江湖录 第一季,0.0,10,中国,全10话,国创
47508,曹冲称象,0.0,1,中国,全1话,国创
38131,十二生肖之天下属兔,0.0,40,中国,全40话,国创
126314,钢甲小龙侠,0.0,26,中国,全26话,国创
72551,木头岛的故事,4.6,64,中国,全64话,国创
46486,百变校巴10,0.0,26,中国,全26话,国创
39762,芦荡小英雄,0.0,0,中国,1977年8月18日上映,国创
47000,龙宝小英雄 第一季 英文版,0.0,26,中国,全26话,国创
39825,人参娃娃,0.0,0,中国,1962年1月1日上映,国创
28445,郑义门,0.0,12,中国,全12话,国创
47494,愚人买鞋,0.0,1,中国,全1话,国创
44072,茶婆婆渔婆婆蚕婆婆,0.0,36,中国,全36话,国创
88096,神探威威猫,0.0,68,中国,全68话,国创
44119,灵感大冒险 第一季： 灵感来啦,0.0,28,中国,全28话,国创
38117,十二生肖之龙行天下,0.0,40,中国,全40话,国创
46934,列车超人,0.0,26,中国,全26话,国创
124581,百变马丁 第2季,0.0,26,中国,全26话,国创
72588,工程车救援行动队 第3季,0.0,20,中国,全20话,国创
38326,山猫和吉咪之全家乐,0.0,108,中国,全108话,国创
44325,我的好朋友左左,8.1,26,中国,全26话,国创
48241,咖宝车神之拯救联盟（下）,0.0,38,中国,全38话,国创
6090,《麦田故事：地理》,0.0,6,中国,全6话,国创
102999,从零开始当首富 动态漫,0.0,45,中国,全45话,国创
46769,空天战队,0.0,52,中国,全52话,国创
46465,钢铁飞龙4捕梦奇兵,0.0,26,中国,全26话,国创
39933,好朋友,0.0,0,中国,1954年1月1日上映,国创
124586,百变马丁 第7季,0.0,26,中国,全26话,国创
127148,果果别动队,0.0,26,中国,全26话,国创
5886,虎多多,0.0,5,中国,全5话,国创
4322,野生动物宝宝 第二季,0.0,28,中国,全28话,国创
72626,猪猪侠之环球日记,0.0,26,中国,全26话,国创
243229,城隍录,0.0,2,中国,更新至第2话,国创
43804,虹猫蓝兔快乐儿歌,0.0,75,中国,全75话,国创
40502,宝宝妈妈网之儿童诗系列,0.0,52,中国,全52话,国创
47005,爱精灵乐吉儿,0.0,52,中国,全52话,国创
46483,百变校巴3,0.0,26,中国,全26话,国创
28650,冰雪冬奥村,0.0,26,中国,全26话,国创
5759,娇娇与晶晶,0.0,10,中国,全10话,国创
45702,巧虎奇幻舞台历险记,0.0,0,中国,2023年6月1日上映,国创
124491,泡泡美人鱼 第2季,0.0,26,中国,全26话,国创
47502,南郭先生,0.0,1,中国,全1话,国创
46889,不一样的科学故事,0.0,60,中国,全60话,国创
38997,红影一脉之一大文物背后的故事,0.0,5,中国,全5话,国创
5176,小兔侠之功夫学校第二季,0.0,104,中国,全104话,国创
47493,熊猫百货商店,0.0,1,中国,全1话,国创
46913,少年师爷之阳明传奇,0.0,26,中国,全26话,国创
75628,聪明的阿凡提,0.0,45,中国,更新至第45话,国创
47537,林海雪原,0.0,52,中国,全52话,国创
46947,棉花糖和云朵妈妈 第二季,4.4,120,中国,全120话,国创
38427,肥猫瘦狗精灵鼠,4.2,26,中国,全26话,国创
46874,聪明小师爷 第一季,0.0,26,中国,全26话,国创
47609,民族风情,0.0,11,中国,全11话,国创
38892,炫斗小Q,4.2,26,中国,全26话,国创
44267,小小画家熊小米之二十四节气,0.0,24,中国,全24话,国创
5202,喵星人,0.0,12,中国,全12话,国创
38176,乐比悠悠教育系列1,0.0,104,中国,全104话,国创
44245,中华成语故事 励志篇,0.0,50,中国,全50话,国创
47723,超变兽车侠,0.0,20,中国,全20话,国创
39917,中国男孩,0.0,12,中国,全12话,国创
126471,激战奇轮3,0.0,36,中国,全36话,国创
44416,金色童年亲子动画绘本,0.0,28,中国,全28话,国创
123532,钢铁飞龙2 龙魂觉醒,0.0,26,中国,全26话,国创
43979,东方可儿之摩登学园,0.0,26,中国,全26话,国创
47515,东郭先生,0.0,1,中国,全1话,国创
103003,神豪之天降系统 动态漫,0.0,80,中国,更新至第80话,国创
40125,百变科小比 第二季,8.7,26,中国,全26话,国创
46703,盟卡车神之魔幻元珠 第三季,0.0,26,中国,全26话,国创
31146,小凉帽之白鹭归来,0.0,26,中国,全26话,国创
40192,跳跃战士2,0.0,32,中国,全32话,国创
46897,天眼归来之魔法一家,0.0,208,中国,全208话,国创
38153,笑林功夫,0.0,208,中国,全208话,国创
72720,动车侠未来高铁城,0.0,52,中国,全52话,国创
6088,《麦田故事：节日》,0.0,5,中国,全5话,国创
44235,捣蛋狗与机灵猫,5.4,50,中国,全50话,国创
38132,十二生肖之马上就好,0.0,40,中国,全40话,国创
38487,玉琉璃,0.0,36,中国,全36话,国创
72661,疯狂小糖 第五季,0.0,30,中国,全30话,国创
38482,武当虹少年2,0.0,26,中国,全26话,国创
38425,乐乐来了,0.0,52,中国,全52话,国创
154919,飓风战魂之旋力启源 第7季,6.9,20,中国,全20话,国创
44305,棉花糖和云朵妈妈 快乐生活2,3.3,120,中国,全120话,国创
46910,恐龙时代 第一季,0.0,30,中国,全30话,国创
42502,大有,0.0,0,中国,2022年8月4日上映,国创
72645,猪猪侠之恐龙日记 第8季,0.0,26,中国,全26话,国创
44285,抱抱我,0.0,52,中国,全52话,国创
42339,宠物乐园,0.0,0,中国,2022年7月28日上映,国创
126389,进击的机甲之圣戒飞陀,0.0,40,中国,全40话,国创
38182,十二生肖之羊羊得意,0.0,40,中国,全40话,国创
41283,小凉帽3之白豚湾奇遇,0.0,26,中国,全26话,国创
40233,猪迪克之梦想训练营,0.0,26,中国,全26话,国创
124948,新大头儿子和小头爸爸 带你看中国 第1季,0.0,40,中国,全40话,国创
38145,乐比悠悠之动物自然,0.0,52,中国,全52话,国创
43988,少年苏东坡,0.0,24,中国,全24话,国创
39053,耿村民间故事,0.0,26,中国,全26话,国创
38624,福星八戒之大年小怪,0.0,1,中国,全1话,国创
44238,亿奇惊喜猜拆乐之梦奇小魔仙,0.0,26,中国,全26话,国创
39912,玉玺传奇,0.0,26,中国,全26话,国创
38342,丘比特大闹十二星座,0.0,48,中国,全48话,国创
44298,棉花糖和云朵妈妈 快乐生活,3.1,120,中国,全120话,国创
48675,皮皮鲁和鲁西西之309暗室,0.0,0,中国,2024年10月1日上映,国创
44229,蔬菜不寂寞 第27季,0.0,20,中国,全20话,国创
38352,时空龙骑士,0.0,52,中国,全52话,国创
43798,变形联盟之越空勇者,0.0,26,中国,全26话,国创
48105,彩虹宝宝 第五季,0.0,26,中国,全26话,国创
40094,大侠山猫和吉咪 第一季,0.0,52,中国,全52话,国创
88092,孔子,7.8,104,中国,全104话,国创
72569,飞越五千年 第2季,0.0,50,中国,全50话,国创
6092,《麦田故事：科学探索》,0.0,10,中国,全10话,国创
236294,雷速登闪电冲线,0.0,26,中国,全26话,国创
47485,应该靠自己,0.0,5,中国,全5话,国创
46968,阿优之兔智来了 第二季,0.0,26,中国,全26话,国创
44406,快乐牛牛,3.0,120,中国,全120话,国创
88987,反派初始化 动态漫,0.0,35,中国,更新至第35话,国创
41263,小车神,0.0,13,中国,全13话,国创
48527,FLUFFY LAND 动态漫 英语版,0.0,20,中国,全20话,国创
44291,少年师爷之智慧丝路,0.0,26,中国,全26话,国创
72773,数学魔法 第2季,0.0,26,中国,全26话,国创
46849,心奇爆龙战车x龙装战甲 第二季,0.0,32,中国,全32话,国创
39083,曲苑荟萃,0.0,247,中国,全247话,国创
43795,萝卜兔土豆2,0.0,52,中国,全52话,国创
35780,红军桥,0.0,0,中国,1964年1月1日上映,国创
72644,猪猪侠之恐龙日记 第7季,0.0,26,中国,全26话,国创
47503,真假李逵,0.0,1,中国,全1话,国创
40514,恐龙星球,0.0,32,中国,全32话,国创
46981,钟南山的故事,0.0,5,中国,全5话,国创
46848,心奇爆龙之龙装战甲,0.0,26,中国,全26话,国创
126152,爆速合体,0.0,40,中国,全40话,国创
43801,虹猫蓝兔开心智趣园,0.0,13,中国,全13话,国创
47046,淮南子传奇 第二季,0.0,26,中国,全26话,国创
72938,我是发明家 第1季,4.1,13,中国,全13话,国创
46969,阿优学科学 第二季,0.0,30,中国,全30话,国创
44288,少年师爷之忠义满乾坤,0.0,26,中国,全26话,国创
46495,百变校巴之超学先锋1,0.0,26,中国,全26话,国创
46856,魔法学院 第六季,0.0,16,中国,全16话,国创
72660,疯狂小糖 第四季,0.0,30,中国,全30话,国创
149530,玄幻：家人背叛，我选择成为邪神 动态漫,0.0,32,中国,更新至第32话,国创
45411,星期五晚上的胡萝卜,0.0,0,中国,2023年6月10日上映,国创
121468,开局签到至尊丹田 动态漫,0.0,50,中国,更新至第50话,国创
46496,百变校巴之超学先锋2,0.0,26,中国,全26话,国创
38179,乐比悠悠3D版,0.0,104,中国,全104话,国创
41624,摩登森林之美食总动员,7.9,0,中国,2014年9月5日上映,国创
72722,银河封神纪 第1季,0.0,30,中国,全30话,国创
46980,天眼之父南仁东,0.0,10,中国,全10话,国创
40479,杰米熊之魔幻马戏团,0.0,52,中国,全52话,国创
43980,东方可儿之摩登学园2,0.0,26,中国,全26话,国创
46922,布鲁可战队 第三季,0.0,16,中国,全16话,国创
46982,魔能圣甲,0.0,26,中国,全26话,国创
43932,少年苏东坡传奇,0.0,52,中国,全52话,国创
46950,故事奶奶,0.0,26,中国,全26话,国创
44287,少年师爷之公祭大禹,0.0,26,中国,全26话,国创
39940,太阳的小客人,0.0,0,中国,1961年1月1日上映,国创
72724,魔方战士 第1季,0.0,26,中国,全26话,国创
44290,少年师爷之稽山阳明,0.0,26,中国,全26话,国创
44120,灵感大冒险 第二季：小小发明王,0.0,30,中国,全30话,国创
46989,百变雄师,0.0,52,中国,全52话,国创
38174,乐比悠悠2,0.0,52,中国,全52话,国创
72586,工程车救援行动队 第1季,0.0,20,中国,全20话,国创
46966,三只兔子,0.0,26,中国,全26话,国创
124583,百变马丁 第4季,0.0,26,中国,全26话,国创
47505,猴子捞月,0.0,1,中国,全1话,国创
72926,山海宝贝 第2季,0.0,26,中国,全26话,国创
47651,钟点父子,0.0,26,中国,全26话,国创
72956,车宝乐园之变形工程车,0.0,26,中国,全26话,国创
40096,开心一刻,0.0,22,中国,全22话,国创
46948,我的小小美猴王,0.0,52,中国,全52话,国创
124584,百变马丁 第5季,0.0,26,中国,全26话,国创
38193,乐比悠悠教育系列之快乐成长3D版,0.0,104,中国,全104话,国创
32841,野外的遭遇,0.0,0,中国,1955年1月1日上映,国创
102829,最强弃少 动态漫,0.0,80,中国,更新至第80话,国创
38327,山猫和吉咪之嘉年华,0.0,108,中国,全108话,国创
124476,新西游历险记 第一季,0.0,26,中国,全26话,国创
44299,新大头儿子和小头爸爸褔鼠送吉,2.7,1,中国,全1话,国创
46893,嘀嗒传奇,0.0,52,中国,全52话,国创
72955,汽车世界城市大冒险 第1季,0.0,30,中国,全30话,国创
43995,少年师爷之祭禹盛典,0.0,26,中国,全26话,国创
126401,橙皮兔超级救援队,0.0,24,中国,全24话,国创
99799,魔法学院 第三季,0.0,22,中国,全22话,国创
47511,狼来了,0.0,1,中国,全1话,国创
124585,百变马丁 第6季,0.0,26,中国,全26话,国创
47664,中华美德,0.0,100,中国,全100话,国创
47612,红孩儿传奇,0.0,26,中国,全26话,国创
46915,少年师爷之唐诗小神童,0.0,26,中国,全26话,国创
47486,牛牛和西西,0.0,13,中国,全13话,国创
112224,父与子3D版,2.4,36,中国,更新至第36话,国创
38266,童话动物园,0.0,72,中国,全72话,国创
43335,心奇爆龙战车之龙装战甲 精华篇,0.0,26,中国,全26话,国创
38503,我要回家,0.0,26,中国,全26话,国创
39081,开心艺苑,0.0,519,中国,全519话,国创
47492,画廊一夜,0.0,1,中国,全1话,国创
48106,彩虹宝宝 第六季,0.0,26,中国,全26话,国创
72616,百变校巴15火星大冒险,0.0,26,中国,全26话,国创
149526,硬核僵爹：我家闺女是女帝 动态漫,0.0,30,中国,更新至第30话,国创
126296,帮帮龙出动之恐龙探险队,0.0,52,中国,全52话,国创
43792,时空智多星,4.0,26,中国,全26话,国创
125172,蓝猫健康特攻队,0.0,104,中国,全104话,国创
223792,奇迹先锋,0.0,20,中国,更新至第20话,国创
72925,山海宝贝,0.0,26,中国,全26话,国创
125974,熊仔之寻绿战纪,0.0,52,中国,全52话,国创
44307,故事奶奶 第二季,0.0,26,中国,全26话,国创
72698,火火兔学古诗,0.0,80,中国,全80话,国创
72681,阿U学英语,0.0,26,中国,全26话,国创
45518,毛毛镇之海洋大发现,0.0,52,中国,全52话,国创
47945,龙门,0.0,0,中国,2024年6月14日上映,国创
47491,没牙的老虎,0.0,1,中国,全1话,国创
72617,百变校巴16火星大冒险,0.0,26,中国,全26话,国创
38150,爆笑功夫,0.0,52,中国,全52话,国创
43796,萝卜兔土豆3,0.0,52,中国,全52话,国创
39855,池塘王子,0.0,78,中国,全78话,国创
46878,中华美德 成语教育动画,8.2,48,中国,全48话,国创
44334,摩登大自然 第一季,0.0,24,中国,全24话,国创
44301,新大头儿子和小头爸爸“牛”转钱乾坤,2.8,1,中国,全1话,国创
46853,心奇爆龙战车之暴龙出击 第三季,0.0,26,中国,全26话,国创
45618,奇奇和努娜2,0.0,104,中国,全104话,国创
40486,童声童气看世界,0.0,30,中国,全30话,国创
46896,天眼归来之幸福配方,0.0,104,中国,全104话,国创
46497,百变校巴之超学先锋3,0.0,26,中国,全26话,国创
38185,酷酷小吉正传之钩钩岛第一部,0.0,26,中国,全26话,国创
47489,皮皮的故事,0.0,10,中国,全10话,国创
72764,东南特卫队,0.0,52,中国,全52话,国创
46793,妙趣横生恐龙世界,0.0,74,中国,全74话,国创
124450,小童猫之喵星来客,0.0,52,中国,全52话,国创
125973,熊仔之菲熊不可,0.0,52,中国,全52话,国创
40092,大侠山猫和吉咪 第二季,0.0,52,中国,全52话,国创
46582,桃花扇,0.0,0,中国,2023年11月10日上映,国创
44363,仙女奇缘,0.0,13,中国,全13话,国创
47038,越笑越开心,0.0,104,中国,全104话,国创
47662,超级球迷,0.0,26,中国,全26话,国创
72678,乐儿智慧乐园 幼儿启蒙,0.0,344,中国,全344话,国创
126200,翻开这一页 第1季,0.0,26,中国,全26话,国创
40803,三字经里的故事,4.3,26,中国,全26话,国创
47498,张飞审瓜,0.0,1,中国,全1话,国创
126392,粉墨宝贝,0.0,12,中国,全12话,国创
38175,乐比悠悠3,0.0,104,中国,全104话,国创
46971,阿优的烦恼,0.0,26,中国,全26话,国创
38311,飞跃地心,0.0,0,中国,2014年8月9日上映,国创
72544,中医药里的故事 第1季,0.0,25,中国,全25话,国创
44914,大话江湖录 第二季,0.0,26,中国,全26话,国创
72902,孔子归来,3.9,13,中国,全13话,国创
149528,网游：从野怪进化成最强反派 动态漫,0.0,40,中国,更新至第40话,国创
46865,秦天龙王子,0.0,26,中国,全26话,国创
38430,小猪班纳2,0.0,52,中国,全52话,国创
47188,变形联盟之雷霆再起,0.0,26,中国,全26话,国创
36219,木头姑娘,0.0,0,中国,1958年1月1日上映,国创
99791,新大头儿子和小头爸爸 智能小当家,0.0,100,中国,全100话,国创
47512,假如我是武松,0.0,1,中国,全1话,国创
102892,重生都市天尊 动态漫,0.0,52,中国,更新至第52话,国创
43941,编码学院,0.0,52,中国,全52话,国创
38431,小猪班纳3,0.0,52,中国,全52话,国创
149520,死灵法师：我！无限军团横推万物 动态漫,0.0,33,中国,更新至第33话,国创
108510,海贝贝,0.0,26,中国,全26话,国创
46997,托宝战士之施望的秘密,0.0,20,中国,全20话,国创
38178,乐比悠悠教育系列4,0.0,156,中国,全156话,国创
38301,童话梦工厂,0.0,64,中国,全64话,国创
72710,新大头儿子和小头爸爸之超能爸爸,0.0,1,中国,全1话,国创
72709,新大头儿子和小头爸爸之草原奇遇,0.0,1,中国,全1话,国创
72670,百变校巴成语故事,0.0,30,中国,全30话,国创
45536,登月之旅,0.0,0,中国,1999年12月27日上映,国创
47506,抬驴,0.0,1,中国,全1话,国创
46829,阿木狗和丁丁猫,4.8,49,中国,全49话,国创
46914,少年师爷之越地传说,0.0,26,中国,全26话,国创
48181,阿狸,0.0,0,中国,2024年8月17日上映,国创
72961,百变布鲁可8超变先锋救援,0.0,20,中国,全20话,国创
72696,风速少年团 第1季,0.0,26,中国,全26话,国创
36186,一幅僮锦,0.0,0,中国,1959年1月1日上映,国创
72781,嘀嗒传奇 第2季,0.0,26,中国,全26话,国创
38941,温州那些事,0.0,12,中国,全12话,国创
72895,诸葛亮之定军山,3.0,10,中国,全10话,国创
46871,小猫汤米 第一季,0.0,26,中国,全26话,国创
72950,新大头儿子和小头爸爸传奇兜兜,0.0,1,中国,全1话,国创
40505,小猫威力,0.0,26,中国,全26话,国创
38488,小鹰晋级,0.0,20,中国,全20话,国创
123516,皮皮鲁安全特工队,0.0,26,中国,全26话,国创
72615,百变校巴14,0.0,26,中国,全26话,国创
46924,百变布鲁可7超变恐龙出击,0.0,10,中国,全10话,国创
42414,伞下,0.0,0,中国,2022年8月4日上映,国创
43934,蹴鞠小子,0.0,52,中国,全52话,国创
46857,节气小精灵,0.0,52,中国,全52话,国创
72879,恐龙时代 第三季,0.0,30,中国,全30话,国创
38349,嘻哈三人行,0.0,40,中国,全40话,国创
46999,托宝战士之银河勇士战记,0.0,20,中国,全20话,国创
46499,逗逗迪迪爱唱歌 第1季,0.0,36,中国,全36话,国创
38325,英雄故事会,0.0,64,中国,全64话,国创
46983,动车侠之城市守卫者,0.0,26,中国,全26话,国创
47610,风尘小游侠,0.0,26,中国,全26话,国创
38154,笑林大霹雳,0.0,104,中国,全104话,国创
124425,小王子与土豆仔,0.0,52,中国,全52话,国创
38195,乐比悠悠157-208,0.0,52,中国,全52话,国创
44294,熊猫和奇异鸟,0.0,52,中国,全52话,国创
46911,巨龙山谷,4.9,16,中国,全16话,国创
72791,多多趣味识字课堂 第1季,0.0,60,中国,全60话,国创
46962,阿优之梦想系列,0.0,40,中国,全40话,国创
38543,蓝巨星与绿豆鲨 第三季,0.0,40,中国,全40话,国创
44284,追梦少年,0.0,12,中国,全12话,国创
39061,梦舟少年志第四季 西汉公主,0.0,38,中国,全38话,国创
46970,三只兔子 第二季,0.0,26,中国,全26话,国创
38486,小康来了,6.2,26,中国,全26话,国创
40806,中华传统文化故事·节庆篇,0.0,80,中国,全80话,国创
38149,孟姜女,0.0,26,中国,全26话,国创
72765,荒岛历险记之罗克和编程猫,0.0,40,中国,全40话,国创
123445,猪猪侠之超星五灵侠8,0.0,13,中国,全13话,国创
44337,跳跳鱼世界 第三季,0.0,26,中国,全26话,国创
46795,成长这东西 第二季,0.0,52,中国,全52话,国创
124453,超能小星探,0.0,26,中国,全26话,国创
72900,论语智慧,0.0,20,中国,全20话,国创
72813,乐比悠悠之天天向上,0.0,156,中国,全156话,国创
124928,恐龙时代 第4季 小三角龙冒险,0.0,30,中国,全30话,国创
72704,马年新愿,5.3,1,中国,全1话,国创
123260,小学生必背古诗词 第一季,0.0,10,中国,全10话,国创
72613,百变校巴13,0.0,26,中国,全26话,国创
127149,幸运救援队,0.0,26,中国,全26话,国创
47514,小蛋壳,0.0,1,中国,全1话,国创
48671,星星班长,0.0,24,中国,全24话,国创
46940,超甲虫战记·无限曙光,0.0,26,中国,全26话,国创
40167,草精灵,0.0,52,中国,全52话,国创
72954, 新大头儿子和小头爸爸 除夕·白夜城,0.0,1,中国,全1话,国创
72785,中华上下五千年之传统节日篇,0.0,40,中国,全40话,国创
235975,奔跑的木头,0.0,3,中国,更新至第3话,国创
38322,聪明宠物蛋,0.0,64,中国,全64话,国创
46932,我的好朋友左左 第二季,0.0,21,中国,全21话,国创
39052,蔬果小镇,2.7,52,中国,全52话,国创
43982,爆射盾甲,0.0,30,中国,全30话,国创
46939,乐儿科普动漫 第三季,0.0,393,中国,全393话,国创
238243,以一龙之力打倒整个世界！,0.0,24,中国,全24话,国创
46847,金色童年亲子动画绘本之老树新丫,0.0,23,中国,全23话,国创
46786,龟兔赛跑后传,4.7,4,中国,全4话,国创
40476,火星娃益智煲,0.0,52,中国,全52话,国创
45066,福喜临门,0.0,26,中国,全26话,国创
72754,托宝战士之银河侦探 第1季,0.0,26,中国,全26话,国创
40097,快乐嘟嘟,0.0,104,中国,全104话,国创
44302,棉花糖和云朵妈妈“牛”转乾坤,0.0,1,中国,全1话,国创
44300,棉花糖和云朵妈妈褔鼠送吉,0.0,1,中国,全1话,国创
40488,宇宙钥匙,0.0,52,中国,全52话,国创
44424,大明王朝 第八季,0.0,60,中国,全60话,国创
39321,天朝小吃二三事,0.0,10,中国,全10话,国创
72903,孔子见老子,0.0,4,中国,全4话,国创
123545,龙宝小英雄,0.0,26,中国,全26话,国创
44239,越剧：梁山伯与祝英台,0.0,3,中国,全3话,国创
126188,行游记 第1季,0.0,13,中国,全13话,国创
44306,星星梦 第三季,0.0,52,中国,全52话,国创
46954,熊猫和开心球,0.0,52,中国,全52话,国创
46810,神鸡包美丽 第二季,0.0,40,中国,全40话,国创
38978,小蜜蜂 第二季,0.0,78,中国,全78话,国创
102867,都市阴阳仙医 动态漫,0.0,45,中国,全45话,国创
46973,药品安全科普动画,0.0,5,中国,全5话,国创
46506,百变校巴之太空日记2,0.0,30,中国,全30话,国创
124477,新西游历险记 第2季,0.0,26,中国,全26话,国创
72876,小鸡丫丫动起来 第1季,7.8,52,中国,全52话,国创
40473,欢乐鸡,8.7,52,中国,全52话,国创
38177,乐比悠悠教育系列3,0.0,104,中国,全104话,国创
46979,科学家故事：呦呦有蒿,0.0,10,中国,全10话,国创
46956,百鸟朝凤,0.0,13,中国,全13话,国创
39071,狮猫参学记之弟子规的故事,0.0,160,中国,全160话,国创
125144,帮帮龙出动,0.0,46,中国,全46话,国创
47509,小熊猫学木匠,0.0,1,中国,全1话,国创
46503,逗逗迪迪之美梦精灵2,0.0,13,中国,全13话,国创
236309,雷速登闪电冲线2,0.0,40,中国,全40话,国创
124960,棉花糖和云朵妈妈 爱的点心盒子,0.0,40,中国,全40话,国创
72737,托宝战士之银河侦探 第5季,0.0,22,中国,全22话,国创
3679,超能星之时空英雄,0.0,28,中国,全28话,国创
46501,逗逗迪迪爱唱歌 第3季,0.0,104,中国,全104话,国创
44486,卡卡虎大冒险 第二季,0.0,26,中国,全26话,国创
46724,跳跳鱼世界 第七季,0.0,26,中国,全26话,国创
44293,熊猫和卢塔,0.0,52,中国,全52话,国创
46502,逗逗迪迪之美梦精灵1,0.0,13,中国,全13话,国创
44263,启鱼·成语故事 古物篇,0.0,26,中国,全26话,国创
38148,老鼠笔记之深海探险,2.7,300,中国,全300话,国创
39935,夸口的青蛙,0.0,0,中国,1954年1月1日上映,国创
46978,阿U学堂之中华诗词篇,0.0,77,中国,全77话,国创
45571,中国畅想曲,0.0,10,中国,全10话,国创
40179,大吉成长记,0.0,28,中国,全28话,国创
46827,云奇飞行日记,0.0,78,中国,全78话,国创
102894,最强神王 动态漫,0.0,56,中国,全56话,国创
35722,李科长巧难炊事班,0.0,0,中国,1965年1月1日上映,国创
126308,星空救援队,0.0,36,中国,全36话,国创
149529,穿越洪荒：开局满级振兴神剑宗 动态漫,0.0,30,中国,更新至第30话,国创
46891,乐比悠悠学成语,0.0,52,中国,全52话,国创
44295,熊猫和小跳羚,0.0,52,中国,全52话,国创
36189,蜜蜂与蚯蚓,0.0,0,中国,1959年1月1日上映,国创
38187,酷酷小吉正传之钩钩岛第三部,0.0,52,中国,全52话,国创
46993,托宝战士之银河大激斗,0.0,26,中国,全26话,国创
46879,安全小卫士,0.0,54,中国,全54话,国创
47538,小鸡彩虹 第八季,0.0,26,中国,全26话,国创
72753,奇趣特工队 第2季,0.0,26,中国,全26话,国创
35853,等明天,0.0,0,中国,1962年1月1日上映,国创
46890,杰米熊之魔瓶大冒险,0.0,52,中国,全52话,国创
40480,杰米熊之甜心集结号,0.0,52,中国,全52话,国创
72647,百变校巴英文儿歌 第1季,0.0,13,中国,全13话,国创
44327,跳跳鱼世界 第5季,0.0,26,中国,全26话,国创
46938,乐儿成语故事,0.0,150,中国,全150话,国创
43797,蔬菜不寂寞 第3季,0.0,20,中国,全20话,国创
38485,多宝一家人 第二季 智慧论语,0.0,28,中国,全28话,国创
125173,蓝猫互动电视栏目,0.0,88,中国,全88话,国创
126415,百变布鲁可 第1季,0.0,20,中国,全20话,国创
39051,星系宝贝,3.5,52,中国,全52话,国创
38542,蓝巨星与绿豆鲨 第二季,0.0,20,中国,全20话,国创
47648,三十六计奇遇记,0.0,13,中国,全13话,国创
44376,环球童话城之安徒生童话,0.0,58,中国,全58话,国创
44324,小小画家熊小米,0.0,50,中国,全50话,国创
43969,山猫和吉咪之一家亲,0.0,108,中国,全108话,国创
46742,小凉帽4之山海奇境,0.0,26,中国,全26话,国创
46778,西游超级粉,0.0,100,中国,全100话,国创
102888,开局一条鲲 动态漫,0.0,40,中国,更新至第40话,国创
47611,怪城,0.0,26,中国,全26话,国创
123444,猪猪侠之超星五灵侠7,0.0,13,中国,全13话,国创
72648,百变校巴英文儿歌 第2季,0.0,52,中国,全52话,国创
72934,大运河奇缘3,0.0,13,中国,全13话,国创
38307,书架上的奇妙世界第二部,0.0,64,中国,全64话,国创
236418,火力少年王2 动画版,0.0,26,中国,全26话,国创
44282,优优历险记,0.0,35,中国,全35话,国创
126201,心奇爆龙战车之驯龙斗士,0.0,26,中国,全26话,国创
100574,潜艇总动员：冒险岛,0.0,0,中国,2025年5月31日上映,国创
47394,奶泡泡学成语 第一季,0.0,26,中国,全26话,国创
44425,大明王朝 第九季,0.0,60,中国,全60话,国创
44240,每夜一故事,0.0,150,中国,全150话,国创
43793,欢乐之城4,0.0,52,中国,全52话,国创
46972,阿优的烦恼 第二季,0.0,26,中国,全26话,国创
44332,土豆来了,8.3,60,中国,全60话,国创
47660,土红色的骆驼,0.0,26,中国,全26话,国创
47026,航天小子之少年航天梦,0.0,26,中国,全26话,国创
72652,你好！卟卟5,0.0,26,中国,全26话,国创
72571,爸爸妈妈小时候的故事,0.0,70,中国,全70话,国创
72572,小小的世界,0.0,108,中国,全108话,国创
148585,我从氪金成为王者 动态漫,0.0,33,中国,更新至第33话,国创
41864,包子和小米粥 第一季,0.0,26,中国,全26话,国创
44272,叽里咕噜讲故事,0.0,50,中国,全50话,国创
72784,趣说中华名人故事 第1季,0.0,32,中国,全32话,国创
88101,神探威威猫 第5季,0.0,60,中国,全60话,国创
124420,熊仔之雄心壮志,0.0,52,中国,全52话,国创
40518,乐晓佳节,0.0,7,中国,全7话,国创
72727,恐龙时代 第二季,0.0,30,中国,全30话,国创
45475,卡卡虎大冒险 第四季,0.0,26,中国,全26话,国创
46741,欢乐学院 第一季,0.0,26,中国,全26话,国创
46912,汽车星球,0.0,30,中国,全30话,国创
103017,山海封神 动态漫,0.0,12,中国,更新至第12话,国创
44410,九羊村的故事,2.7,60,中国,全60话,国创
39914,小乐比（下）,0.0,39,中国,全39话,国创
46886,贾老爷开店,0.0,40,中国,全40话,国创
39828,谁的本领大,0.0,0,中国,1961年1月1日上映,国创
124943,中国文学常识之人物篇 第1季,0.0,100,中国,全100话,国创
46872,小猫汤米 第二季,0.0,26,中国,全26话,国创
72752,奇趣特工队,0.0,26,中国,全26话,国创
123266,民间寓言小故事,0.0,32,中国,全32话,国创
72585,奇特工程车 第2季,0.0,20,中国,全20话,国创
44322,我们的朋友熊小米,0.0,52,中国,全52话,国创
46990,百变雄师 第二季,0.0,52,中国,全52话,国创
72733,奇趣特工队之超时空奇兵 第4季,0.0,20,中国,全20话,国创
38623,福星八戒之猴年特辑,0.0,1,中国,全1话,国创
124921,咔咔历险记 第1季,0.0,52,中国,全52话,国创
39799,鸽子,0.0,0,中国,1960年11月9日上映,国创
47654,飞龙天降,0.0,13,中国,全13话,国创
72736,托宝战士之银河侦探 第4季,0.0,26,中国,全26话,国创
46507,猪猪侠之益智课堂5,0.0,30,中国,全30话,国创
72584,奇特工程车 第1季,0.0,20,中国,全20话,国创
124961,新大头儿子和小头爸爸 带你看中国 第2季,0.0,40,中国,全40话,国创
44912,卡卡虎大冒险 第三季,0.0,26,中国,全26话,国创
123519,皮皮鲁安全特工队 第三季,0.0,13,中国,全13话,国创
39938,湖上歌舞,0.0,0,中国,1964年1月1日上映,国创
72567,奇奇妙妙博物馆,0.0,24,中国,全24话,国创
43794,欢乐之城5,0.0,52,中国,全52话,国创
40474,火星娃健康成长,0.0,52,中国,全52话,国创
38428,云龙传奇之九龙战记,0.0,26,中国,全26话,国创
72730,奇趣特工队之超时空奇兵 第1季,0.0,20,中国,全20话,国创
46580,年,0.0,0,中国,2023年11月10日上映,国创
39891,特工兔之神秘的网站,0.0,20,中国,全20话,国创
35885,路边新事,0.0,0,中国,1964年1月1日上映,国创
38136,老鼠笔记之探秘城市,0.0,500,中国,全500话,国创
72735,托宝战士之银河侦探 第3季,0.0,20,中国,全20话,国创
43787,阿古顿巴的故事 第一季,0.0,26,中国,全26话,国创
46840,哈哈熊童话世界之奇妙画室,0.0,35,中国,全35话,国创
46861,变形联盟之勇士崛起,0.0,30,中国,全30话,国创
45390,每天朝山顶推一秒的石头,0.0,0,中国,2023年6月10日上映,国创
44250,巧手鲁班 第一季,0.0,208,中国,全208话,国创
46505,百变校巴之太空日记1,0.0,30,中国,全30话,国创
47001,出动吧！龙宝小英雄,0.0,26,中国,全26话,国创
43578,金刚山猫侠,0.0,52,中国,全52话,国创
38216,巢湖漫游记,0.0,26,中国,全26话,国创
39911,亚博和温丽的疑问,0.0,26,中国,全26话,国创
44407,喜多多与乖宝宝,2.7,60,中国,全60话,国创
102864,相亲式修真道侣 动态漫,0.0,25,中国,更新至第25话,国创
45730,小鹿蓝蓝,0.0,88,中国,全88话,国创
124452,卫浴也疯狂,0.0,30,中国,全30话,国创
44360,超能记忆小精灵,0.0,12,中国,全12话,国创
40799,榜样,0.0,56,中国,全56话,国创
46860,变形联盟之超限突破,0.0,26,中国,全26话,国创
123547,托宝战士之银河侦探 第6季,0.0,32,中国,全32话,国创
46996,托宝战士之热血再燃,0.0,40,中国,全40话,国创
44370,大运河奇缘2,0.0,6,中国,全6话,国创
72553,儿童小百科,0.0,52,中国,全52话,国创
72564,杰米熊之神话图卷,0.0,52,中国,全52话,国创
46923,百变布鲁可之欢乐小镇,0.0,18,中国,全18话,国创
44279,生肖宝贝,0.0,26,中国,全26话,国创
46992,百变雄师 第四季,0.0,20,中国,全20话,国创
46991,百变雄师 第三季,0.0,52,中国,全52话,国创
48594,小小知道之恐龙世界大冒险,0.0,30,中国,全30话,国创
72755,托宝战士之银河侦探 第2季,0.0,26,中国,全26话,国创
44254,幸福岛的小伙伴,0.0,52,中国,全52话,国创
123461,百变校巴17,0.0,13,中国,全13话,国创
72731,奇趣特工队之超时空奇兵 第2季,0.0,20,中国,全20话,国创
72928,魔法可可,0.0,26,中国,全26话,国创
46743,语文趣世界,0.0,28,中国,全28话,国创
39915,奇趣大世界,0.0,90,中国,全90话,国创
123518,皮皮鲁安全特工队 第二季,0.0,13,中国,更新至第13话,国创
72723,梦幻乐园奇遇记,0.0,1,中国,全1话,国创
72738,龙宝小英雄 第2季,0.0,26,中国,全26话,国创
126915,神兽金刚之超变星甲精华版,0.0,46,中国,全46话,国创
36041,砍柴姑娘,0.0,0,中国,1960年1月1日上映,国创
47649,小草帽,0.0,26,中国,全26话,国创
126441,爱心密码,0.0,30,中国,全30话,国创
46846,金色童年亲子动画绘本之豆豆成长记,0.0,6,中国,全6话,国创
46723,跳跳鱼世界 第六季,0.0,26,中国,全26话,国创
40087,小鼠乒乒之欢乐无限,0.0,26,中国,全26话,国创
126418,百变布鲁可 第4季,0.0,20,中国,全20话,国创
40202,怪物公寓之友情篇章,0.0,11,中国,全11话,国创
46974,阿优的日常,0.0,5,中国,全5话,国创
35708,小哥儿俩,0.0,0,中国,1965年1月1日上映,国创
124985,哈哈!地球人 第1季,0.0,26,中国,全26话,国创
72908,中华优秀传统文化系列动画片之中医药的故事,0.0,20,中国,全20话,国创
124562,百变马丁我爱古诗词 第1季,0.0,18,中国,全18话,国创
46995,托宝战士之顶峰对决,0.0,20,中国,全20话,国创
44409,旺旺成长记,0.0,100,中国,全100话,国创
126416,百变布鲁可 第2季,0.0,20,中国,全20话,国创
35918,大奖章,0.0,0,中国,1960年1月1日上映,国创
44241,玩具之家,0.0,100,中国,全100话,国创
72922,星原小宝之奇妙探索,0.0,60,中国,全60话,国创
46823,黑云国历险记,3.3,19,中国,全19话,国创
36193,猴龟分树,0.0,0,中国,1959年1月1日上映,国创
43926,歪歪兔行为习惯系列动画片,0.0,10,中国,全10话,国创
40122,阿古顿巴,0.0,26,中国,全26话,国创
46811,快乐小郑星,0.0,52,中国,全52话,国创
46843,神奇智慧岛,0.0,16,中国,全16话,国创
48672,星星班长 第二季,0.0,24,中国,全24话,国创
39844,一棵大白菜,0.0,0,中国,1961年1月1日上映,国创
46976,北斗领航梦想,0.0,11,中国,全11话,国创
44331,小豆派派亲子园之情景认字,0.0,78,中国,全78话,国创
46863,旗旗号巡洋舰 第一季,0.0,26,中国,全26话,国创
46500,逗逗迪迪爱唱歌 第2季,0.0,68,中国,全68话,国创
102872,圣尊助理的我已经无敌了 动态漫,0.0,25,中国,更新至第25话,国创
38504,我要回家 第二季,0.0,26,中国,全26话,国创
123512,百变校巴之奇妙大自然4,0.0,26,中国,全26话,国创
47031,非常小子马鸣加 第二季,0.0,52,中国,全52话,国创
38263,宝贝疙瘩丁呱呱,0.0,52,中国,全52话,国创
72915,超元绝战之传说卡,0.0,26,中国,全26话,国创
46709,三国典故 第一季,0.0,26,中国,全26话,国创
39082,开心1刻,0.0,120,中国,全120话,国创
44323,我们的朋友熊小米(英文版）,0.0,52,中国,全52话,国创
126470,猛兽战警,0.0,30,中国,全30话,国创
46845,金色童年亲子动画绘本之卷卷成长记,0.0,6,中国,全6话,国创
46977,药品安全科普动画3,0.0,4,中国,全4话,国创
46994,托宝战士之银河保卫战,0.0,20,中国,全20话,国创
44326,跳跳鱼世界故事会 第2季,0.0,52,中国,全52话,国创
40235,动物园真相 第二季,0.0,52,中国,全52话,国创
40800,榜样发现团,0.0,16,中国,全16话,国创
41783,求我的心理阴影面积,0.0,0,中国,2022年5月13日上映,国创
72940,我是发明家 第3季,0.0,26,中国,全26话,国创
72543,一千零一夜之拯救黄金城,0.0,52,中国,全52话,国创
47606,大森林里的小故事,0.0,11,中国,全11话,国创
46766,星际小蚂蚁之五行归来,0.0,25,中国,全25话,国创
43971,山猫和吉咪之拼图密码,0.0,52,中国,全52话,国创
72732,奇趣特工队之超时空奇兵 第3季,0.0,20,中国,全20话,国创
88098,神探威威猫 第3季,0.0,72,中国,全72话,国创
47608,咕噜先生,0.0,26,中国,全26话,国创
126267,三只松鼠,0.0,52,中国,全52话,国创
72565,水果三国,0.0,13,中国,全13话,国创
47539,小鸡彩虹 第七季,0.0,26,中国,全26话,国创
47039,时空博物卡,0.0,26,中国,全26话,国创
46837,安全礼仪早知道,0.0,150,中国,全150话,国创
46876,好伙伴,0.0,8,中国,全8话,国创
44275,如意酷宝之冻豆虎,0.0,52,中国,全52话,国创
44400,中国熊猫之保卫家园,0.0,104,中国,全104话,国创
72767,小蜜蜂,0.0,26,中国,全26话,国创
88099,神探威威猫 第4季,0.0,60,中国,全60话,国创
46866,瑞克和扣扣财商启蒙 第一季,0.0,20,中国,全20话,国创
46975,药品安全科普动画2,0.0,5,中国,全5话,国创
46835,神奇飞船之中华寻宝,0.0,34,中国,全34话,国创
124929,汽车星球 第3季,0.0,30,中国,全30话,国创
88117,梦乐总动员,0.0,20,中国,全20话,国创
46985,爹地宝贝之神奇哈酷,0.0,52,中国,全52话,国创
46875,漫虫记 第二季,0.0,26,中国,全26话,国创
40477,火星娃之古代大家故事,0.0,54,中国,全54话,国创
38925,灰仔兔带你飞,0.0,16,中国,全16话,国创
72674,猪猪侠恐龙爆笑研究所,0.0,40,中国,全40话,国创
40529,草原豆思之夺宝奇兵,0.0,30,中国,全30话,国创
40089,小鼠乒乒之成语大典,0.0,26,中国,全26话,国创
72948,棉花糖和云朵妈妈超级小米花,0.0,1,中国,全1话,国创
46864,旗旗号巡洋舰 第二季,0.0,26,中国,全26话,国创
38205,月亮镇的宝藏,0.0,30,中国,全30话,国创
47197,我在魔界当大佬,0.0,0,中国,,国创
46958,超能钢小侠,0.0,50,中国,全50话,国创
99792,心奇爆龙战车之恐龙帮帮忙,0.0,26,中国,全26话,国创
43990,小瑞与大魔王之大魔王的阴谋,0.0,30,中国,全30话,国创
39889,特工兔,0.0,19,中国,全19话,国创
39856,番茄姐弟,0.0,26,中国,全26话,国创
43970,山猫和吉咪之魔幻拼图,0.0,52,中国,全52话,国创
39798,大萝卜,0.0,0,中国,1960年12月14日上映,国创
88113,魔法小学生,0.0,100,中国,全100话,国创
68562,五侠笑闯中洲,0.0,12,中国,全12话,国创
102887,最强神赐 动态漫,0.0,33,中国,更新至第33话,国创
72550,成语诗词荟萃,0.0,21,中国,全21话,国创
124460,中华美德故事,0.0,30,中国,全30话,国创
47030,瓢虫贝贝之拯救古树镇,0.0,52,中国,全52话,国创
46854,么么侠 第一季,0.0,13,中国,全13话,国创
127263,蓝猫乐园 病毒防御战,0.0,60,中国,全60话,国创
46900,乐比成长记,0.0,104,中国,全104话,国创
44271,虫屋森林,0.0,26,中国,全26话,国创
38166,奥运趣闻,0.0,40,中国,全40话,国创
126479,快乐蓝猫CPU,0.0,150,中国,全150话,国创
124925,豆乐儿歌 第1季,0.0,168,中国,全168话,国创
123548,风速少年团 第2季,0.0,26,中国,全26话,国创
39971,蔬菜不寂寞 第26季,0.0,20,中国,全20话,国创
44255,平平与妞妞,0.0,52,中国,全52话,国创
38212,星球卫士,0.0,52,中国,全52话,国创
39058,梦舟少年志第一季 上古传奇,0.0,18,中国,全18话,国创
46719,中华民间故事 第一季,0.0,30,中国,全30话,国创
44355,跳跳鱼世界 第四季,0.0,26,中国,全26话,国创
38268,天外福星之赤剑传奇,0.0,26,中国,全26话,国创
149531,从婴儿开始的先天圣族 动态漫,0.0,30,中国,更新至第30话,国创
44292,飞天少年之启航篇,0.0,26,中国,全26话,国创
38186,酷酷小吉正传之钩钩岛第二部,0.0,26,中国,全26话,国创
38324,聪明宠物蛋之奇幻旅程,0.0,64,中国,全64话,国创
38306,书架上的奇妙世界,0.0,46,中国,全46话,国创
46988,奇趣特工队之正义守卫者,0.0,26,中国,全26话,国创
47009,潮玩情报站之锦江神兽金刚,0.0,10,中国,全10话,国创
44346,海豚帮帮号 第一季,0.0,13,中国,全13话,国创
38198,木头村,0.0,26,中国,全26话,国创
46903,你好辫子姑娘,0.0,3,中国,全3话,国创
124951,呼噜噜幻影队 第1季,0.0,24,中国,全24话,国创
38650,小戒别淘气 ,0.0,144,中国,全144话,国创
126919,小主人之正义联盟 第1季,0.0,52,中国,全52话,国创
44251,巧手鲁班智慧宝盒,0.0,52,中国,全52话,国创
46844,金色童年亲子动画绘本之我爱我家,0.0,6,中国,全6话,国创
47929,出口,0.0,0,中国,2024年6月14日上映,国创
47607,聪明的笨小猪,0.0,17,中国,全17话,国创
40472,关东当铺,0.0,60,中国,全60话,国创
228599,宇宙护卫队：百变流星,0.0,0,中国,2026年1月24日上映,国创
126923,环球大冒险之中国篇,0.0,26,中国,全26话,国创
44361,延安童谣,0.0,20,中国,全20话,国创
44230,蔬菜不寂寞 第28季,0.0,20,中国,全20话,国创
40504,铜马,0.0,12,中国,全12话,国创
38302,奇趣世界,0.0,50,中国,全50话,国创
72649,百变校巴成长绘本,0.0,60,中国,全60话,国创
74407,知宝学堂之成语故事 第1季,0.0,65,中国,全65话,国创
72573,漫赏秦腔 第1季,0.0,75,中国,全75话,国创
38135,老鼠笔记之行游天下,0.0,500,中国,全500话,国创
38287,鸭丫俱乐部,0.0,26,中国,全26话,国创
47605,红鼻子,0.0,2,中国,全2话,国创
44246,开心豆豆之萌娃日记,0.0,32,中国,全32话,国创
46838,宝宝乐学堂之嘻哈冒险岛 第二季,0.0,150,中国,全150话,国创
123261,小学生必背古诗词 第二季,0.0,20,中国,全20话,国创
47397,奶泡泡学成语 第四季,0.0,26,中国,全26话,国创
124609,儿童安全教育,0.0,18,中国,全18话,国创
44237,恐龙可可,0.0,13,中国,全13话,国创
47017,星际小蚂蚁之环球追梦 第一季,0.0,25,中国,全25话,国创
126202,保卫者传奇,0.0,50,中国,全50话,国创
47604,隐身探长,0.0,2,中国,全2话,国创
46855,么么侠 时空战医,0.0,26,中国,全26话,国创
47036,五子炮 渊子崖保卫战,0.0,3,中国,全3话,国创
43919,星际小蚂蚁,0.0,90,中国,全90话,国创
44273,酷宝家族之小兔西欧,0.0,52,中国,全52话,国创
44264,叽哩与咕噜,0.0,52,中国,全52话,国创
46836,心奇爆龙战车之永宝帮帮忙,0.0,26,中国,全26话,国创
72758,纳尤古传奇,0.0,52,中国,全52话,国创
38527,爱画画的嘟噜瓜,0.0,36,中国,全36话,国创
124572,百变马丁我爱古诗词 第6季,0.0,20,中国,全20话,国创
72656,你好！卟卟6,0.0,26,中国,全26话,国创
47653,财宝小狐狸,0.0,13,中国,全13话,国创
39978,你好！卟卟1,0.0,26,中国,全26话,国创
39970,寻找英雄-小淘气长征记,0.0,26,中国,全26话,国创
47395,奶泡泡学成语 第二季,0.0,26,中国,全26话,国创
72799,中华名人小课堂庄子篇,0.0,10,中国,全10话,国创
126954,羊娃娃和汉语拼音,0.0,52,中国,全52话,国创
46702,槑好时光·城南忆事,0.0,26,中国,全26话,国创
44253,嗨，顾得白之逗趣日常,0.0,30,中国,全30话,国创
38379,梦幻镇（一）,0.0,52,中国,全52话,国创
43788,阿古顿巴的故事 第二季,0.0,26,中国,全26话,国创
39840,小老虎邦邦,0.0,9,中国,全9话,国创
44422,魅力汉字,0.0,36,中国,全36话,国创
44283,智慧成长蛋蛋龙,0.0,18,中国,全18话,国创
45379,洞天,0.0,0,中国,2023年6月10日上映,国创
40525,花狐狸与捣蛋鸭,0.0,60,中国,全60话,国创
101731,龅牙的快乐生活,0.0,4,中国,全4话,国创
72548,小羊哈哈童年日记之礼仪篇,0.0,30,中国,全30话,国创
88141,乐比悠悠教育系列2,0.0,208,中国,全208话,国创
43928,艾米咕噜,0.0,52,中国,全52话,国创
72546,快乐小郑星 第2季,0.0,52,中国,全52话,国创
43918,环球夺宝记,0.0,50,中国,全50话,国创
39858,喵喵遇见汪 第一季,0.0,26,中国,全26话,国创
38359,狮来运转 第一季,0.0,26,中国,全26话,国创
46241,猪猪侠益智课堂4,0.0,30,中国,全30话,国创
44265,天天爱学习,0.0,52,中国,全52话,国创
47666,猪猪·吉利·小财神,0.0,52,中国,全52话,国创
44236,欢乐小镇,0.0,70,中国,全70话,国创
40227,甜蜜日记,0.0,13,中国,全13话,国创
46791,云奇飞行日记 第三季,0.0,78,中国,全78话,国创
44249,百变小加之小加向前冲,0.0,52,中国,全52话,国创
46935,南瓜学院,0.0,30,中国,全30话,国创
38169,开心神探,0.0,32,中国,全32话,国创
44274,酷宝家族之小兔西欧2,0.0,52,中国,全52话,国创
47002,龙宝小英雄之龙宝历险记,0.0,30,中国,全30话,国创
43986,蔬菜不寂寞 第22季,0.0,20,中国,全20话,国创
38272,笨笨悠游记之麻辣夏令营,0.0,50,中国,全50话,国创
44349,海豚帮帮号 第四季,0.0,13,中国,全13话,国创
44280,水木名著之旅,0.0,270,中国,全270话,国创
38341,开心私塾,0.0,64,中国,全64话,国创
38116,聪明伦文叙第二季,0.0,26,中国,全26话,国创
124987,哈哈!地球人 第2季,0.0,26,中国,全26话,国创
72939,我是发明家 第2季,0.0,13,中国,全13话,国创
44228,蔬菜不寂寞 第24季,0.0,20,中国,全20话,国创
126175,少年曹操,0.0,40,中国,全40话,国创
44281,小兔班弟之海岛探险记,0.0,26,中国,全26话,国创
44417,欢乐森林,0.0,72,中国,全72话,国创
47011,云奇飞行日记 第二季,0.0,78,中国,全78话,国创
40809,福吉小镇,0.0,52,中国,全52话,国创
44330,小豆派派亲子园之情商培优,0.0,52,中国,全52话,国创
72941,青田小田鱼,0.0,20,中国,全20话,国创
46762,派乐萌奇 第一季,0.0,26,中国,全26话,国创
46754,宝宝爱学习,0.0,23,中国,全23话,国创
44411,米粒木匠2,0.0,26,中国,全26话,国创
36042,牧童与公主,0.0,0,中国,1960年1月1日上映,国创
124955,儿童健康指南 第1季,0.0,42,中国,全42话,国创
72561,猪多多之十万个为什么 第1季,0.0,50,中国,全50话,国创
72558,中华廉政故事 第1季,0.0,12,中国,全12话,国创
41001,绿绿星球之绿绿家族,0.0,26,中国,全26话,国创
72782,菠萝王国,0.0,11,中国,全11话,国创
47396,奶泡泡学成语 第三季,0.0,26,中国,全26话,国创
46712,欢乐学院 第二季,0.0,26,中国,全26话,国创
72685,怪兽家族,0.0,100,中国,全100话,国创
44314,威威猴之青春防线,0.0,26,中国,全26话,国创
40487,土豆多励之一梦一路第二季,0.0,13,中国,全13话,国创
72816,大侦探熊猫猪,0.0,52,中国,全52话,国创
46776,快乐的小熊尼尼 第二季,7.8,60,中国,全60话,国创
236327,梁家妇女,0.0,26,中国,全26话,国创
44261,淘气猪多多,0.0,78,中国,全78话,国创
124936,折叠的唐诗,0.0,6,中国,全6话,国创
126884,少儿国际象棋课堂,0.0,15,中国,全15话,国创
72910,始祖的足迹,0.0,1,中国,全1话,国创
124983,小河狸贝瓦动画片,0.0,24,中国,全24话,国创
123525,开心超人联盟之健康小卫士,0.0,60,中国,全60话,国创
74400,趣说经典之论语学堂,0.0,70,中国,全70话,国创
41867,绿绿星球之绿绿战队,0.0,26,中国,全26话,国创
41866,绿绿星球之绿绿卫士,0.0,22,中国,全22话,国创
124478,天才小鲁班,0.0,26,中国,全26话,国创
47054,快乐椭魔塔之成语大词典,0.0,52,中国,全52话,国创
40526,鸭爸爸的一家,0.0,60,中国,全60话,国创
126922,小主人之正义联盟 第2季,0.0,52,中国,全52话,国创
40091,小鼠乒乒之成语大典2,0.0,26,中国,全26话,国创
126425,翻开这一页 第2季,0.0,13,中国,全13话,国创
44347,海豚帮帮号 第二季,0.0,13,中国,全13话,国创
72909,中华优秀传统文化系列动画片 第2季,0.0,13,中国,全13话,国创
44328,小鱼人莫叽姆斯一家 第七季,0.0,26,中国,全26话,国创
44231,蔬菜不寂寞 第29季,0.0,20,中国,全20话,国创
47018,星际小蚂蚁之环球追梦 第二季,0.0,25,中国,全25话,国创
47967,休,0.0,0,中国,2024年6月14日上映,国创
72673,猪猪侠爆笑科普乐园,0.0,30,中国,全30话,国创
46842,奇妙大冒险,0.0,97,中国,全97话,国创
172401,长生老祖，但大学生 动态漫,0.0,30,中国,更新至第30话,国创
46880,安全小卫士 第二季,0.0,52,中国,全52话,国创
125979,快乐宝贝哆米成长记,0.0,80,中国,全80话,国创
123741,微风吹过衔蝉岛,0.0,30,中国,全30话,国创
38880,小戒别淘气 第二季,0.0,108,中国,全108话,国创
45383,唤醒石头里存在的生命,0.0,0,中国,2023年6月10日上映,国创
38980,米乐米可之神奇海豚岛 第一季,0.0,26,中国,全26话,国创
38274,笨笨悠游记,0.0,50,中国,全50话,国创
88116,米粒木匠,0.0,26,中国,全26话,国创
43785,蔬菜不寂寞 第19季,0.0,20,中国,全20话,国创
38285,过山车手罗力第一部,0.0,13,中国,全13话,国创
127064,中医药里的故事 第2季,0.0,25,中国,全25话,国创
46808,蔬菜不寂寞 第四十二季,0.0,20,中国,全20话,国创
39972,蔬菜不寂寞 第25季,0.0,20,中国,全20话,国创
72750,灵草小战士 第1季,0.0,26,中国,全26话,国创
72566,彭祖传奇之少年奇缘,0.0,26,中国,全26话,国创
72951,棉花糖和云朵妈妈 美梦成真,0.0,1,中国,全1话,国创
72888,汽车星球 第2季,0.0,30,中国,全30话,国创
46984,快乐摩登之宝贝小当家,0.0,52,中国,全52话,国创
44413,百吉学堂之三字经,0.0,52,中国,全52话,国创
123509,百变校巴之奇妙大自然 第1季,0.0,26,中国,全26话,国创
38273,笨笨悠游记之穿越华夏,0.0,42,中国,全42话,国创
99794,跳跳鱼世界故事会,0.0,52,中国,全52话,国创
36187,布谷鸟叫迟了,0.0,0,中国,1959年1月1日上映,国创
72688,甲骨文之妇好传,0.0,26,中国,全26话,国创
47016,家有男孩,0.0,40,中国,全40话,国创
124990,哈哈!地球人 第3季,0.0,26,中国,全26话,国创
47025,逗逗虎汉字大学堂,0.0,104,中国,全104话,国创
126449,糖小兔,0.0,50,中国,全50话,国创
124992,哈哈!地球人 第4季,0.0,26,中国,全26话,国创
38210,俏皮大嘴猫之重返城市,0.0,50,中国,全50话,国创
40181,大吉成长记 第三部,0.0,33,中国,全33话,国创
126930,心灵上的中国,0.0,36,中国,全36话,国创
123447,百变校巴8,0.0,13,中国,全13话,国创
40180,大吉成长记 第二部,0.0,40,中国,全40话,国创
44257,蓓蓓的快乐暑假 第一季,0.0,60,中国,全60话,国创
44233,蔬菜不寂寞 第5季,0.0,20,中国,全20话,国创
38971,嗨，顾得白 第1部,0.0,160,中国,全160话,国创
47052,老鹰抓小鸡之城市护卫队,0.0,26,中国,全26话,国创
45378,冬日追逐,0.0,0,中国,2023年6月10日上映,国创
38288,嘻哈百乐门,0.0,90,中国,全90话,国创
126426,翻开这一页 第3季,0.0,10,中国,全10话,国创
44335,快乐的小熊尼尼,0.0,75,中国,全75话,国创
38208,俏皮大嘴猫之萌宠天下,0.0,50,中国,全50话,国创
123513,百变校巴之奇妙大自然5,0.0,26,中国,更新至第26话,国创
44395,小猴眯乐之点亮梦想,0.0,20,中国,全20话,国创
44405,九龙湖的故事,0.0,60,中国,全60话,国创
123476,百变校巴之星际旅行5,0.0,26,中国,全26话,国创
44348,海豚帮帮号 第三季,0.0,13,中国,全13话,国创
44244,果蔬乐园保卫战,0.0,50,中国,全50话,国创
124432,小狗皮皮2018,0.0,65,中国,全65话,国创
44232,蔬菜不寂寞 第4季,0.0,20,中国,全20话,国创
46834,豫游记之信阳篇,0.0,22,中国,全22话,国创
38209,俏皮大嘴猫之城市游侠,0.0,50,中国,全50话,国创
46867,瑞克和扣扣财商启蒙 第二季,0.0,20,中国,全20话,国创
126417,百变布鲁可 第3季,0.0,20,中国,全20话,国创
72817,开心动物园 第1季,0.0,26,中国,全26话,国创
47003,龙宝小英雄之精彩历险,0.0,13,中国,全13话,国创
44234,蔬菜不寂寞 第6季,0.0,20,中国,全20话,国创
127280,少年王阳明,0.0,12,中国,全12话,国创
44402,小小机器人 第一季,0.0,60,中国,全60话,国创
127162,星际小神探 第1季,0.0,26,中国,全26话,国创
44260,淘气猪多多 第二季,0.0,78,中国,全78话,国创
44258,蓓蓓的快乐暑假 第二季,0.0,60,中国,全60话,国创
38483,多宝一家人,0.0,24,中国,全24话,国创
38199,木头村之神奇绿色心,0.0,26,中国,全26话,国创
124559,百变马丁趣味小课堂 第1季,0.0,24,中国,全24话,国创
123446,百变校巴7,0.0,13,中国,全13话,国创
46892,威力成长记,0.0,26,中国,全26话,国创
44243,蛋蛋龙之安全宝典,0.0,24,中国,全24话,国创
39885,你好！卟卟2,0.0,26,中国,全26话,国创
44259,小兔班弟之返航总动员,0.0,26,中国,全26话,国创
40216,少年张謇,0.0,26,中国,全26话,国创
72776,中华诗歌故事唐宋篇,0.0,72,中国,全72话,国创
126159,小邑时空传,0.0,52,中国,全52话,国创
125019,蓝猫幼儿英语300句,0.0,30,中国,全30话,国创
46926,熊猫与小象,0.0,26,中国,全26话,国创
72757,冒险小王子 第2季,0.0,52,中国,全52话,国创
45696,乐乐熊奇幻追踪2,0.0,0,中国,2015年1月1日上映,国创
39059,梦舟少年志第二季 天罄传奇,0.0,19,中国,全19话,国创
126180,漫虫记,0.0,26,中国,全26话,国创
124993,哈哈大冒险 第1季,0.0,26,中国,全26话,国创
44252,嗨，顾得白之缤纷夏日,0.0,80,中国,全80话,国创
46841,哈哈熊之时空探险,0.0,14,中国,全14话,国创
46812,生物王国奇幻之旅,0.0,80,中国,全80话,国创
39890,特工兔之新的冒险,0.0,20,中国,全20话,国创
124981,卡琪巴卜之美味大冒险,0.0,26,中国,全26话,国创
44329,小鱼人莫叽姆斯一家 第八季,0.0,26,中国,全26话,国创
72563,漫赏秦腔 第2季,0.0,54,中国,全54话,国创
40229,小康来了第二季,0.0,26,中国,全26话,国创
72701,踢踢和奇奇之魔力课堂 第4季,0.0,26,中国,全26话,国创
43781,蔬菜不寂寞 第15季,0.0,20,中国,全20话,国创
72519,蔬菜不寂寞 第46季,0.0,20,中国,全20话,国创
47033,童子传奇之大闹招财岛,0.0,52,中国,全52话,国创
44226,蔬菜不寂寞 第20季,0.0,20,中国,全20话,国创
39060,梦舟少年志第三季 秦剑传奇,0.0,18,中国,全18话,国创
44351,鲁迪贝贝,0.0,26,中国,全26话,国创
43778,酷酷小吉正传之钩钩岛 第五部,0.0,52,中国,全52话,国创
38206,俏皮大嘴猫之悠长假期,0.0,50,中国,全50话,国创
72725,闪亮闪亮太伶美 第1季,0.0,13,中国,全13话,国创
46814,小鸭啾啾,0.0,70,中国,全70话,国创
39979,喵喵遇见汪 第二季,0.0,26,中国,全26话,国创
47021,逗逗虎数学王国,0.0,52,中国,全52话,国创
126315,喵星人 第1季,0.0,12,中国,全12话,国创
40123,阿古顿巴 第二季,0.0,26,中国,全26话,国创
88110,《纸张王国》动画儿歌,0.0,74,中国,全74话,国创
44418,开心同萌,0.0,365,中国,全365话,国创
38269,字圣传奇,0.0,26,中国,全26话,国创
126917,猴博士的数学课堂,0.0,60,中国,全60话,国创
45404,晚高峰,0.0,0,中国,2023年6月10日上映,国创
124590,踢踢和奇奇之魔力课堂,0.0,52,中国,全52话,国创
72552,探索生活小百科,0.0,89,中国,全89话,国创
47540,巴塔木晚安故事 第一季,0.0,20,中国,全20话,国创
88112,阿法贝乐园,0.0,366,中国,全366话,国创
46998,托宝战士之我教你画,0.0,20,中国,全20话,国创
126391,森巴幸福岛,0.0,52,中国,全52话,国创
43784,蔬菜不寂寞 第18季,0.0,20,中国,全20话,国创
43782,蔬菜不寂寞 第16季,0.0,20,中国,全20话,国创
40522,勇敢智慧鸭,0.0,60,中国,全60话,国创
72549,反诈小分队,0.0,5,中国,全5话,国创
124944,中国文学常识之人物篇 第2季,0.0,100,中国,全100话,国创
46952,中国梦.星星梦,0.0,50,中国,全50话,国创
48500,时光的画笔,0.0,24,中国,全24话,国创
123510,百变校巴之奇妙大自然2,0.0,26,中国,全26话,国创
126952,跟巧乐学英语短句,0.0,34,中国,全34话,国创
72798,中华名人小课堂老子篇,0.0,12,中国,全12话,国创
46986,奇酷宝贝之大爱无疆,0.0,5,中国,全5话,国创
44408,小猪天天奇遇记,0.0,60,中国,全60话,国创
72814,开心动物园 第3季,0.0,26,中国,全26话,国创
44248,蛋蛋龙之科普小宝典,0.0,24,中国,全24话,国创
127095,神奇画笔之恐龙世界,0.0,26,中国,全26话,国创
126174,星仔小厨神,0.0,40,中国,全40话,国创
124946,海岛金山传奇 第1季,0.0,13,中国,全13话,国创
123256,猴博士和鹿小贝教识字,0.0,330,中国,全330话,国创
74413,东方探秘谷之千年寓言府,0.0,100,中国,全100话,国创
39973,精灵归来,0.0,52,中国,全52话,国创
38360,狮来运转 第二季,0.0,26,中国,全26话,国创
126422,孔小妮和朋友们 第1季,0.0,13,中国,全13话,国创
38164,酷酷小吉第五部,0.0,52,中国,全52话,国创
127260,蓝猫乐园 快乐好习惯,0.0,200,中国,全200话,国创
72809,小神有戏 第1季,0.0,26,中国,全26话,国创
38535,老凯的奇幻探险之旅,0.0,24,中国,全24话,国创
72943,快乐熊兜兜之奇妙世界,0.0,26,中国,全26话,国创
46747,星火燎原,0.0,20,中国,全20话,国创
72891,神兽小岛 第1季,0.0,26,中国,全26话,国创
72593,罗米熊与丹米兔,0.0,30,中国,全30话,国创
125967,甄海保卫战,0.0,100,中国,全100话,国创
46768,甜甜圈宝贝之赛车小镇,0.0,25,中国,全25话,国创
46833,淘淘与小布,0.0,28,中国,全28话,国创
46819,逗趣双宝,0.0,35,中国,全35话,国创
74402,新梁山伯与祝英台,0.0,26,中国,全26话,国创
46720,丫丫的美术课堂,0.0,42,中国,全42话,国创
39887,你好！卟卟4,0.0,26,中国,全26话,国创
38956,嗨，顾得白之快乐成长,0.0,80,中国,全80话,国创
126989,天空下的许诺,0.0,9,中国,全9话,国创
124578,神奇布袋小子,0.0,52,中国,全52话,国创
44384,森林音乐日记 第二季,0.0,52,中国,全52话,国创
127281,蓝猫小学音乐,0.0,16,中国,全16话,国创
124949,钱豆豆 财商启蒙教育系列,0.0,12,中国,全12话,国创
40513,光明卫士,0.0,40,中国,全40话,国创
38165,酷酷小吉第四部,0.0,52,中国,全52话,国创
123259,马头琴――内蒙古民间故事,0.0,15,中国,全15话,国创
45690,拇指总动员6：明珠黑影,0.0,10,中国,全10话,国创
126398,橙皮兔之恐龙大揭秘,0.0,20,中国,全20话,国创
126964,可乐豆妙思,0.0,52,中国,全52话,国创
88114,百吉学堂,0.0,52,中国,全52话,国创
72768,小蜜蜂 第3季,0.0,26,中国,全26话,国创
38387,梦幻镇 3D版,0.0,208,中国,全208话,国创
127115,趣味学汉字,0.0,36,中国,全36话,国创
39886,你好！卟卟3,0.0,26,中国,全26话,国创
46868,瑞克和扣扣古诗里的小百科 动物篇,0.0,20,中国,全20话,国创
43930,艾米咕噜 第三季,0.0,52,中国,全52话,国创
72924,半蛋龙,0.0,100,中国,全100话,国创
43783,蔬菜不寂寞 第17季,0.0,20,中国,全20话,国创
41865,绿绿星球之绿绿奇缘,0.0,26,中国,全26话,国创
72542,小猫威力之亲子时光,0.0,26,中国,全26话,国创
38115,聪明伦文叙第一季,0.0,52,中国,全52话,国创
126587,乐比悠悠大洋环游记,0.0,52,中国,全52话,国创
46821,龙宝小纵队,0.0,197,中国,全197话,国创
45418,玉米的歌声,0.0,0,中国,2023年6月10日上映,国创
123514,百变校巴之奇妙大自然6,0.0,26,中国,全26话,国创
44266,小小搭档,0.0,40,中国,全40话,国创
40230,州洲绿之梦,0.0,26,中国,全26话,国创
124995,哈哈大冒险 第2季,0.0,26,中国,全26话,国创
72559,丫丫的日常百科 第4季,0.0,30,中国,全30话,国创
39859,喵喵遇见汪  第三季,0.0,51,中国,全51话,国创
126891,名人们的科学课堂,0.0,6,中国,全6话,国创
125148,乐比大冒险 第1季,0.0,104,中国,全104话,国创
47048,童子传奇之吉祥中国,0.0,52,中国,全52话,国创
126160,果力小子,0.0,68,中国,全68话,国创
46877,繁花似锦,0.0,8,中国,全8话,国创
46820,蔬菜世界大冒险,0.0,48,中国,全48话,国创
44227,蔬菜不寂寞第21季,0.0,20,中国,全20话,国创
40201,怪物公寓之美好未来,0.0,11,中国,全11话,国创
124560,百变马丁趣味小课堂 第2季,0.0,24,中国,全24话,国创
124475,泰极熊,0.0,26,中国,全26话,国创
123499,百变校巴儿歌4,0.0,10,中国,全10话,国创
43985,蔬菜不寂寞 第23季,0.0,20,中国,全20话,国创
127068,丛林里的奇奇,0.0,25,中国,全25话,国创
123475,百变校巴之星际旅行4,0.0,26,中国,全26话,国创
99795,米乐米可之欢乐海豚岛 第二季,0.0,26,中国,全26话,国创
126913,海上丝路之南珠宝宝 第1季,0.0,26,中国,全26话,国创
126316,喵星人 第2季,0.0,12,中国,全12话,国创
43925,月亮宝宝蒙奇,0.0,500,中国,全500话,国创
47964,心源,0.0,0,中国,2024年6月14日上映,国创
154077,大宋喵喵志,0.0,24,中国,全24话,国创
74410,知宝学堂之成语故事 第4季,0.0,65,中国,全65话,国创
126186,小飞机卡卡 第1季,0.0,13,中国,全13话,国创
43929,艾米咕噜 第二季,0.0,52,中国,全52话,国创
43920,星际小蚂蚁之公益大使系列动画,0.0,48,中国,全48话,国创
124591,踢踢和奇奇之魔力课堂 第2季,0.0,52,中国,全52话,国创
72526,快乐熊猫一家人 第1季,0.0,36,中国,全36话,国创
39968,应天巡游记,0.0,52,中国,全52话,国创
126446,花花使者 第4季,0.0,52,中国,全52话,国创
46789,外星人阿果 第四季,0.0,26,中国,全26话,国创
43777,酷酷小吉正传之钩钩岛 第四部,0.0,52,中国,全52话,国创
38972,嗨，顾得白 第2部,0.0,160,中国,全160话,国创
38170,成长日记,0.0,20,中国,全20话,国创
72728,闪亮闪亮太伶美 第2季,0.0,13,中国,全13话,国创
72819,欢乐小狮子,0.0,67,中国,全67话,国创
46902,小兔奥奥,0.0,52,中国,全52话,国创
38981,米乐米可之神奇海豚岛 第二季,0.0,26,中国,全26话,国创
123500,百变校巴儿歌5,0.0,10,中国,全10话,国创
38979,米乐米可之欢乐海豚岛 第一季,0.0,26,中国,全26话,国创
38383,梦幻镇（六）,0.0,52,中国,全52话,国创
127106,多多趣味识字 第3季,0.0,60,中国,全60话,国创
123496,百变校巴儿歌1,0.0,10,中国,全10话,国创
38524,橡树餐厅,0.0,26,中国,全26话,国创
127264,蓝猫乐园 运动向前冲,0.0,156,中国,全156话,国创
127283,蓝猫小学科学,0.0,48,中国,全48话,国创
124569,百变马丁我爱古诗词 第4季,0.0,20,中国,全20话,国创
72529,神奇小队之我爱画画,0.0,25,中国,全25话,国创
46883,乐儿智慧王国 七巧板,0.0,14,中国,全14话,国创
39857,乐园双宝,0.0,26,中国,全26话,国创
124932,火火兔 第2季,0.0,16,中国,全16话,国创
47004,芦荡奇遇记,0.0,4,中国,全4话,国创
46830,蛋宝宝日记,0.0,85,中国,全85话,国创
38380,梦幻镇（二、三）,0.0,52,中国,全52话,国创
127152,金牌帮帮帮 第1季,0.0,50,中国,全50话,国创
126911,神探四豆星 第1季,0.0,52,中国,全52话,国创
72808,土波兔之酷酷智能,0.0,26,中国,全26话,国创
125018,蓝猫MTV,0.0,264,中国,全264话,国创
99771,幸福一家,0.0,52,中国,全52话,国创
72800,中华名人小课堂孔子篇,0.0,31,中国,全31话,国创
72570,天外福星,0.0,26,中国,全26话,国创
43940,环保特攻队 出发吧泗宝,0.0,52,中国,全52话,国创
126312,帮帮团向前冲,0.0,50,中国,全50话,国创
72801,喷喷象小百科之交通篇,0.0,50,中国,全50话,国创
72697,王安石与鄞县,0.0,10,中国,全10话,国创
46920,生物王国奇幻之旅 第二季,0.0,30,中国,全30话,国创
44381,奇奇乐乐学知识,0.0,52,中国,全52话,国创
123267,小牛犊不怕虎,0.0,60,中国,全60话,国创
72554,小豆的微观世界,0.0,46,中国,全46话,国创
124999,哈哈大冒险 第4季,0.0,26,中国,全26话,国创
124571,百变马丁我爱古诗词 第5季,0.0,20,中国,全20话,国创
74411,知宝学堂之中华诗歌 第1季,0.0,50,中国,全50话,国创
72815,开心动物园 第2季,0.0,26,中国,全26话,国创
126396,橙皮兔之吃货岛,0.0,12,中国,全12话,国创
125166,珠算宗师程大位,0.0,12,中国,全12话,国创
46832,猪多多成长日记 第二季,0.0,62,中国,全62话,国创
123526,跳跳鱼世界儿歌 第1季,0.0,26,中国,全26话,国创
72945,鹿宝贝朗迪,0.0,25,中国,全25话,国创
126909,小厨神逗逗,0.0,52,中国,全52话,国创
125150,包公的故事,0.0,12,中国,全12话,国创
126161,爸爸抱抱,0.0,68,中国,全68话,国创
44336,大海宝贝,0.0,26,中国,全26话,国创
38381,梦幻镇（四）,0.0,26,中国,全26话,国创
124566,百变马丁我爱古诗词 第3季,0.0,20,中国,全20话,国创
72807,土波兔之暖暖家风,0.0,26,中国,全26话,国创
46728,探险中的小百科,0.0,30,中国,全30话,国创
123473,百变校巴之星际旅行2,0.0,26,中国,全26话,国创
44389,松松小镇 第一部,0.0,20,中国,全20话,国创
44379,梦幻镇之魔法世界,0.0,104,中国,全104话,国创
44341,梦境小镇,0.0,52,中国,全52话,国创
43927,艾米咕噜寻宝记,0.0,10,中国,全10话,国创
88094,动漫大贺岁 金虎送福（下部）,0.0,1,中国,全1话,国创
88093,动漫大贺岁 金虎送福（上部）,0.0,1,中国,全1话,国创
46901,快乐猫咪成长日记,0.0,62,中国,全62话,国创
127222,唐诗精选,0.0,300,中国,全300话,国创
72518,蔬菜不寂寞 第45季,0.0,20,中国,全20话,国创
72515,蔬菜不寂寞 第44季,0.0,20,中国,全20话,国创
47047,童子传奇之招财岛总动员,0.0,52,中国,全52话,国创
124564,百变马丁我爱古诗词 第2季,0.0,20,中国,全20话,国创
124534,石头娃,0.0,26,中国,全26话,国创
46788,外星人阿果 第三季,0.0,26,中国,全26话,国创
124996,哈哈大冒险 第3季,0.0,52,中国,全52话,国创
124593,踢踢和奇奇之魔力课堂 第3季,0.0,26,中国,全26话,国创
72795,丫丫的日常百科 第3季,0.0,30,中国,全30话,国创
44386,守护繁星,0.0,26,中国,全26话,国创
44371,多宝一家人第三季 新三字经,0.0,26,中国,全26话,国创
72889,橡树餐厅之食神秘籍,0.0,15,中国,全15话,国创
123471,百变校巴之星际旅行1,0.0,26,中国,全26话,国创
99797,精灵蒲公英,0.0,120,中国,全120话,国创
72778,宝宝乐学堂之智慧大挑战,0.0,60,中国,全60话,国创
46796,蔬菜不寂寞 第三十季,0.0,20,中国,全20话,国创
44382,森巴幸福岛2,0.0,26,中国,全26话,国创
125152,千年传奇包公故事 第1季,0.0,4,中国,全4话,国创
125149,乐比大冒险 第2季,0.0,104,中国,全104话,国创
72780,宝宝乐学堂之欢乐大拼盘,0.0,60,中国,全60话,国创
72676,乐儿智慧乐园 世界各国,0.0,198,中国,全198话,国创
46873,吧布的魔法词典 第一季,0.0,26,中国,全26话,国创
46755,妙趣横生故事汇,0.0,96,中国,全96话,国创
46881,小强与旺财,0.0,78,中国,全78话,国创
126442,花花使者 第8季,0.0,52,中国,全52话,国创
72739,公众应急知识,0.0,80,中国,全80话,国创
72568,晓晓成长日记 第二季,0.0,52,中国,全52话,国创
38959,嗨，顾得白之爱最珍贵,0.0,80,中国,全80话,国创
38895,金牌快递员,0.0,13,中国,全13话,国创
38518,逍遥游世界 第一部,0.0,26,中国,全26话,国创
123492,百变校巴儿歌6,0.0,10,中国,全10话,国创
74408,知宝学堂之成语故事 第2季,0.0,65,中国,全65话,国创
46824,森林小精灵 第一季,0.0,45,中国,全45话,国创
46797,蔬菜不寂寞 第三十一季,0.0,20,中国,全20话,国创
44383,森林音乐日记 第一季,0.0,52,中国,全52话,国创
126318,咭咭豆 第1季,0.0,26,中国,全26话,国创
46839,故事小号手,0.0,16,中国,全16话,国创
47045,幸福在身边 当代雷锋郭明义的故事 第二季,0.0,10,中国,全10话,国创
99777,幸福一家之幸福满满,0.0,52,中国,全52话,国创
74409,知宝学堂之成语故事 第3季,0.0,65,中国,全65话,国创
46807,蔬菜不寂寞 第四十一季,0.0,20,中国,全20话,国创
46806,蔬菜不寂寞 第四十季,0.0,20,中国,全20话,国创
44412,百吉学堂之古诗,0.0,34,中国,全34话,国创
124947,少年老子,0.0,26,中国,全26话,国创
44372,果果成长日记 第一季,0.0,76,中国,全76话,国创
126168,糖果太空遨游记之星球重塑,0.0,26,中国,全26话,国创
124573,百变马丁字乐星ABC,0.0,26,中国,全26话,国创
72533,小猫威力之快乐的小伙伴,0.0,26,中国,全26话,国创
43976,穿越云南三千年 云小志漫游记,0.0,10,中国,全10话,国创
123511,百变校巴之奇妙大自然3,0.0,26,中国,全26话,国创
72929,嘟嘟小分队,0.0,21,中国,全21话,国创
125158,英语夏令营,0.0,27,中国,全27话,国创
125010,知宝学堂之成语故事 第8季,0.0,65,中国,全65话,国创
46737,派乐萌奇 第四季,0.0,52,中国,全52话,国创
43922,小恐龙文明礼仪小分队,0.0,52,中国,全52话,国创
46805,蔬菜不寂寞 第三十九季,0.0,20,中国,全20话,国创
46804,蔬菜不寂寞 第三十八季,0.0,20,中国,全20话,国创
46801,蔬菜不寂寞 第三十五季,0.0,20,中国,全20话,国创
39073,少年阿星,0.0,18,中国,全18话,国创
38960,嗨，顾得白之奇妙生活,0.0,80,中国,全80话,国创
72788,彩虹森林的故事 第3季,0.0,90,中国,全90话,国创
46803,蔬菜不寂寞 第三十七季,0.0,20,中国,全20话,国创
72744,中华诗歌故事之明清篇,0.0,72,中国,全72话,国创
46798,蔬菜不寂寞 第三十二季,0.0,20,中国,全20话,国创
46722,托雷的玩具城 第一季,0.0,25,中国,全25话,国创
40512,寻梦欢乐镇,0.0,26,中国,全26话,国创
126440,丁丁猫成长乐园之智慧森林,0.0,100,中国,全100话,国创
72810,小神有戏2,0.0,26,中国,全26话,国创
125968,大海成长记之保卫家园,0.0,100,中国,全100话,国创
46898,贝奇的一家,0.0,52,中国,全52话,国创
46800,蔬菜不寂寞 第三十四季,0.0,20,中国,全20话,国创
127241,丁丁猫成长乐园之安全知多多,0.0,100,中国,全100话,国创
126928,中华美德故事 诚信篇,0.0,50,中国,全50话,国创
74414,东方探秘谷之游乐成语庄,0.0,100,中国,全100话,国创
72777,派乐萌奇 第3季,0.0,26,中国,全26话,国创
46802,蔬菜不寂寞 第三十六季,0.0,20,中国,全20话,国创
46799,蔬菜不寂寞 第三十三季,0.0,20,中国,全20话,国创
44404,小小机器人之活力无限,0.0,78,中国,全78话,国创
44364,逐梦少年,0.0,26,中国,全26话,国创
127282,蓝猫小学学科资料库,0.0,52,中国,全52话,国创
124926,豆乐国学小剧场,0.0,60,中国,全60话,国创
126907,海上丝路之南珠宝宝 第2季,0.0,13,中国,全13话,国创
126207,龙岛小侠,0.0,52,中国,全52话,国创
125174,跟蓝猫学唱英语歌,0.0,40,中国,全40话,国创
47542,巴塔木晚安故事 第三季,0.0,20,中国,全20话,国创
46745,麦冬寻药记,0.0,20,中国,全20话,国创
38961,嗨，顾得白之暑期趣事,0.0,80,中国,全80话,国创
126395,咔咔龙,0.0,26,中国,全26话,国创
124958,你追我赶搏一搏,0.0,50,中国,全50话,国创
123498,百变校巴儿歌3,0.0,10,中国,全10话,国创
72530,神奇小队之我爱画画 第2季,0.0,25,中国,全25话,国创
44375,好心宝宝之冼夫人,0.0,26,中国,全26话,国创
125161,大潜山下淮军魂,0.0,1,中国,全1话,国创
72514,蔬菜不寂寞 第43季,0.0,20,中国,全20话,国创
38569,豚宝与波杜 第一季,0.0,20,中国,全20话,国创
88111,果然一町,0.0,52,中国,全52话,国创
72914,功夫萌娃 第1季,0.0,26,中国,全26话,国创
44390,淘气猪多多之我爱画画 第一季,0.0,26,中国,全26话,国创
38382,梦幻镇（五）,0.0,26,中国,全26话,国创
126436,小小机器人之战神突击,0.0,44,中国,全44话,国创
46905,高老师的七彩课堂 第二季,0.0,80,中国,全80话,国创
46756,语言沙龙,0.0,32,中国,全32话,国创
39076,飞天螃蟹之大同王国,0.0,13,中国,全13话,国创
72591,小刺猬吉吉 第6季,0.0,26,中国,全26话,国创
46906,晓晓成长日记 第一季,0.0,52,中国,全52话,国创
38943,聪聪智慧岛,0.0,52,中国,全52话,国创
47053,小兔班弟,0.0,52,中国,全52话,国创
46714,丫丫的日常百科 第一季,0.0,30,中国,全30话,国创
43923,精灵物语,0.0,200,中国,全200话,国创
126319,外星人阿果 第1季,0.0,26,中国,全26话,国创
127119,儿童文化常识之汉字篇,0.0,36,中国,全36话,国创
125003,中华经典文化之成语故事 第1季,0.0,15,中国,全15话,国创
72589,小刺猬吉吉 第4季,0.0,26,中国,全26话,国创
46774,熊猫点点 第一季,0.0,53,中国,全53话,国创
44399,小神驾到 第一部,0.0,26,中国,全26话,国创
127074,小猫威力 第2季,0.0,20,中国,全20话,国创
125156,快乐ABC,0.0,22,中国,全22话,国创
46767,甜甜圈宝贝之功夫学院,0.0,25,中国,全25话,国创
38286,过山车手罗力第二部,0.0,13,中国,全13话,国创
47541,巴塔木晚安故事 第二季,0.0,20,中国,全20话,国创
126902,儿歌课堂,0.0,28,中国,全28话,国创
72917,豆豆一家人,0.0,23,中国,全23话,国创
46761,派乐萌奇 第二季,0.0,26,中国,全26话,国创
123497,百变校巴儿歌2,0.0,10,中国,全10话,国创
46735,安全救援小特工,0.0,52,中国,全52话,国创
123257,绘本教育之品质养成,0.0,108,中国,全108话,国创
46937,乐儿智慧乐园 音乐学园,0.0,100,中国,全100话,国创
38526,嘟噜瓜的多彩世界,0.0,26,中国,全26话,国创
123474,百变校巴之星际旅行3,0.0,26,中国,全26话,国创
99752,彩虹熊之激战幻影怪,0.0,26,中国,全26话,国创
74406,精彩的名人故事 第2季,0.0,50,中国,全50话,国创
124557,百变马丁趣味小百科,0.0,12,中国,全12话,国创
72562,彩虹森林的故事 第2季,0.0,78,中国,全78话,国创
47029,红蚂蚁动漫文学馆 第三、四季,0.0,52,中国,全52话,国创
46945,安全救援小特工 第二季,0.0,52,中国,全52话,国创
46904,高老师的七彩课堂 第一季,0.0,52,中国,全52话,国创
74412,知宝学堂之中华诗歌 第2季,0.0,50,中国,全50话,国创
72779,宝宝乐学堂之启蒙大世界,0.0,60,中国,全60话,国创
126916,咭咭豆 第2季,0.0,26,中国,全26话,国创
46936,乐儿智慧乐园 百变花绳,0.0,41,中国,全41话,国创
126971,童话故事荟萃,0.0,10,中国,全10话,国创
126912,神探四豆星 第2季,0.0,52,中国,全52话,国创
126397,橙皮兔之火锅岛,0.0,12,中国,全12话,国创
72783,猪多多之彩虹画堂 第3季,0.0,52,中国,全52话,国创
72590,小刺猬吉吉 第5季,0.0,26,中国,全26话,国创
44393,悟璐璐,0.0,52,中国,全52话,国创
43977,穿越云南三千年 云小志漫游记 第二季,0.0,11,中国,全11话,国创
40175,信号使者之超萌信号侠,0.0,26,中国,全26话,国创
126467,小新识字,0.0,78,中国,全78话,国创
125154,千年传奇包公故事 第2季,0.0,4,中国,全4话,国创
72528,神奇画笔看世界,0.0,25,中国,全25话,国创
46749,少相甘罗,0.0,20,中国,全20话,国创
46731,熊猫点点 第二季,0.0,53,中国,全53话,国创
44391,土波兔之好好习惯,0.0,26,中国,全26话,国创
38350,塔塔和加加,0.0,26,中国,全26话,国创
44403,小小机器人之奇思妙想,0.0,62,中国,全62话,国创
44344,小恐龙阿丘,0.0,21,中国,全21话,国创
72772,纸朋友 第1季,0.0,52,中国,全52话,国创
40506,威力一家,0.0,26,中国,全26话,国创
126189,神奇熊猫,0.0,24,中国,全24话,国创
72557,淘气猪多多之我爱画画 第四季,0.0,36,中国,全36话,国创
46775,淘气猪多多之我爱画画 第二季,0.0,52,中国,全52话,国创
127219,星际小神探 第2季,0.0,26,中国,全26话,国创
127088,小猫威力 第4季,0.0,20,中国,全20话,国创
123459,百变校巴益智课堂1,0.0,3,中国,全3话,国创
44353,金桔岛冒险记 第一季,0.0,52,中国,全52话,国创
123546,闪亮闪亮太伶美 第3季,0.0,13,中国,全13话,国创
47032,香菇特勤队之钢铁星球的秘密,0.0,26,中国,全26话,国创
126990,飞驰天团,0.0,10,中国,全10话,国创
44367,宝宝乐学堂之幸福加油站,0.0,60,中国,全60话,国创
76799,阿福漫游记之无锡人杰,0.0,80,中国,全80话,国创
46707,点点的快乐童年,0.0,42,中国,全42话,国创
38573,豚宝与波杜第四季,0.0,26,中国,全26话,国创
46782,桃花猫和东海鱼,0.0,20,中国,全20话,国创
46727,故事王国之学以致用,0.0,20,中国,全20话,国创
126414,书香少年王应麟,0.0,10,中国,全10话,国创
46899,大魔法师,0.0,104,中国,全104话,国创
46858,乖桃与闹瓜 第二季,0.0,26,中国,全26话,国创
127147,外星来客小紫龙 第1季,0.0,45,中国,全45话,国创
123530,墨宝家族,0.0,26,中国,全26话,国创
123464,反斗联萌2,0.0,2,中国,全2话,国创
46706,淘气猪多多之我爱画画 第三季,0.0,26,中国,全26话,国创
44338,优优乐游记,0.0,50,中国,全50话,国创
126419,奇奇和努娜之美丽新世界,0.0,52,中国,全52话,国创
46826,森林小精灵 第三季,0.0,29,中国,全29话,国创
72532,神奇小队之我爱画画 第3季,0.0,25,中国,全25话,国创
46715,小鸡丫丫的日常百科 第二季,0.0,30,中国,全30话,国创
38977,小鱼人莫叽姆斯一家 第六季,0.0,26,中国,全26话,国创
123542,果果成长日记 第5季,0.0,45,中国,全45话,国创
72877,小鸡丫丫动起来 第2季,0.0,52,中国,全52话,国创
47035,小豆豆成长记之生活篇,0.0,30,中国,全30话,国创
125165,文都六尺巷,0.0,5,中国,全5话,国创
125146,梦幻镇之成长日记,0.0,102,中国,全102话,国创
88115,百吉学堂 幸福方程式,0.0,52,中国,全52话,国创
38532,小花背,0.0,26,中国,全26话,国创
46933,穿越云南三千年 云小志漫游记 第三季,0.0,11,中国,全11话,国创
46882,乐儿智慧王国 奇幻科普,0.0,100,中国,全100话,国创
46733,奇幻水晶晶,0.0,20,中国,全20话,国创
44374,航天宝贝 第二部,0.0,26,中国,全26话,国创
126191,吉祥宝宝 第2季,0.0,26,中国,全26话,国创
44414,逃生家族的微录,0.0,26,中国,全26话,国创
44388,松松小镇 第二部,0.0,52,中国,全52话,国创
156525,小兵张嘎,0.0,0,中国,,国创
127120,九牛二虎,0.0,60,中国,全60话,国创
126402,嗨萌马之神骏兄弟 第1季,0.0,10,中国,全10话,国创
74404,智慧村的故事 第二季,0.0,70,中国,全70话,国创
72893,张謇之江海骄子,0.0,10,中国,全10话,国创
46787,出动 安全救援号 第一季,0.0,52,中国,全52话,国创
127114,趣味交通安全常识,0.0,50,中国,全50话,国创
125163,小米和甜心的奇妙日常 第1季,0.0,20,中国,全20话,国创
46739,叽哩与咕噜 第二季,0.0,30,中国,全30话,国创
39070,丹尼小课堂,0.0,20,中国,全20话,国创
46944,百变玲玲兔,0.0,52,中国,全52话,国创
38570,豚宝与波杜第二季,0.0,26,中国,全26话,国创
126899,阿宝寓言故事 第1季,0.0,60,中国,全60话,国创
126384,白头叶猴之嘉猴壮壮 第1季,0.0,26,中国,全26话,国创
123462,反斗联萌1,0.0,2,中国,全2话,国创
126198,小飞机卡卡 第4季,0.0,26,中国,全26话,国创
124982,儿童健康小知识,0.0,52,中国,全52话,国创
123255,鹿小贝汉字课堂,0.0,46,中国,全46话,国创
72726,鸭丫俱乐部 第2季,0.0,13,中国,全13话,国创
46884,乐儿智慧王国 博览名著 第一季,0.0,50,中国,全50话,国创
38519,逍遥游世界 第二部,0.0,26,中国,全26话,国创
127154,金牌帮帮帮之家与希望,0.0,26,中国,全26话,国创
126320,外星人阿果 第2季,0.0,26,中国,全26话,国创
125164,小米和甜心的奇妙日常 第2季,0.0,20,中国,全20话,国创
125015,温州美食 鹿零識,0.0,22,中国,全22话,国创
72646,易乐宝贝成长记,0.0,93,中国,全93话,国创
46931,那世纪,0.0,26,中国,全26话,国创
127072,故事王国之千变万化,0.0,16,中国,全16话,国创
126991,熊猫一家亲 第1季,0.0,50,中国,全50话,国创
126192,小飞机卡卡 第2季,0.0,13,中国,全13话,国创
124935,先遣连,0.0,5,中国,全5话,国创
46815,威力的快乐童年,0.0,26,中国,全26话,国创
44333,小鱼人莫叽姆斯一家 第九季,0.0,26,中国,全26话,国创
127097,高老师的画画课堂 第1季,0.0,39,中国,全39话,国创
126901,阿宝寓言故事 第2季,0.0,60,中国,全60话,国创
126445,花花使者 第5季,0.0,52,中国,全52话,国创
126321,山不在高,0.0,26,中国,全26话,国创
125008,知宝学堂之成语故事 第7季,0.0,65,中国,全65话,国创
123268,牛气虎威,0.0,60,中国,全60话,国创
46943,机米和露露 第二季,0.0,52,中国,全52话,国创
46818,飞轮高手,0.0,50,中国,全50话,国创
46726,故事王国之乐在其中,0.0,25,中国,全25话,国创
38289,大话月牙船,0.0,45,中国,全45话,国创
127157,金牌帮帮帮之爱与梦想,0.0,26,中国,全26话,国创
126465,猪多多之十万个为什么 第2季,0.0,50,中国,全50话,国创
123262,知识宝库绘本集,0.0,78,中国,全78话,国创
47020,逗逗虎美食小当家,0.0,52,中国,全52话,国创
47013,快乐故事屋,0.0,52,中国,全52话,国创
44362,天工开物 开心岛,0.0,52,中国,全52话,国创
38572,豚宝与波杜第三季,0.0,26,中国,全26话,国创
127146,文明习惯早知道,0.0,48,中国,全48话,国创
126914,幻古云界之山海奇缘,0.0,13,中国,全13话,国创
126888,绘本动物科普小课堂,0.0,18,中国,全18话,国创
46783,小神驾到 第3部,0.0,26,中国,全26话,国创
46771,猪多多成长日记,0.0,52,中国,全52话,国创
126196,小飞机卡卡 第3季,0.0,26,中国,更新至第26话,国创
125168,宝宝乐学堂之智力金字塔,0.0,250,中国,全250话,国创
125016,嗨！ 嘟嘟去旅游之浙江篇,0.0,52,中国,全52话,国创
124574,星星牧场之幸福家园,0.0,52,中国,全52话,国创
47532,参娃与天池怪兽,0.0,26,中国,全26话,国创
47028,红蚂蚁动漫文学馆 第二季,0.0,26,中国,全26话,国创
46750,叽哩与咕噜 第三季,0.0,22,中国,全22话,国创
46744,妙言妙语,0.0,28,中国,全28话,国创
127069,哈哈猪,0.0,50,中国,全50话,国创
44427,乐乐熊安全手册,0.0,26,中国,全26话,国创
44352,开心小河马,0.0,59,中国,全59话,国创
46941,机米和露露,0.0,52,中国,全52话,国创
46825,森林小精灵 第二季,0.0,19,中国,全19话,国创
45685,拇指总动员,0.0,10,中国,全10话,国创
44398,小神驾到 第二部,0.0,26,中国,全26话,国创
47055,逗逗虎之幻书游,0.0,52,中国,全52话,国创
47034,小豆豆成长记之素质篇,0.0,30,中国,全30话,国创
47019,逗逗虎城堡之旅,0.0,52,中国,全52话,国创
127094,月亮的快乐日记 第2季,0.0,20,中国,全20话,国创
126183,零捌学糖之被吃掉的成语系列二,0.0,104,中国,全104话,国创
46716,啾啾成长记,0.0,30,中国,全30话,国创
44359,过山车手罗力 第四部,0.0,13,中国,全13话,国创
126469,丰丰农场之肥虫豆豆 第2部,0.0,13,中国,全13话,国创
126443,花花使者 第7季,0.0,52,中国,全52话,国创
126403,嗨萌马之神骏兄弟 第2季,0.0,10,中国,全10话,国创
46942,尼尼和她的好朋友,0.0,45,中国,全45话,国创
126385,星达兴动画系列之欢乐秀,0.0,18,中国,全18话,国创
124962,中华名人小课堂孙武篇,0.0,16,中国,全16话,国创
72899,州洲绿之梦之疯狂的病毒,0.0,11,中国,全11话,国创
46918,果果成长日记 第四季,0.0,48,中国,全48话,国创
46752,我们渡江啦,0.0,10,中国,全10话,国创
44342,小熊尼奥之环球旅行,0.0,26,中国,全26话,国创
43984,宝贝晓晓,0.0,22,中国,全22话,国创
43973,小蚁雄兵,0.0,52,中国,全52话,国创
126992,嗨！嘟嘟 第2季,0.0,36,中国,全36话,国创
126924,中华美德故事 节义篇,0.0,50,中国,全50话,国创
126195,吉祥宝宝 第3季,0.0,26,中国,全26话,国创
47040,参宝之疯狂本草村,0.0,13,中国,全13话,国创
72825,木木博士之千问千答人体篇（中）,0.0,32,中国,全32话,国创
72771,猪多多之趣味小课堂 第2季,0.0,60,中国,全60话,国创
46822,绿色环保联盟 第一季,0.0,25,中国,全25话,国创
123531,墨宝家族 第2季,0.0,26,中国,全26话,国创
123258,心灵成长的闪光点,0.0,50,中国,全50话,国创
46894,天天快乐之系列四,0.0,100,中国,全100话,国创
44358,过山车手罗力 第三部,0.0,13,中国,全13话,国创
44340,飞跃历史的银河 童心向党 筑梦中华,0.0,10,中国,全10话,国创
38525,嘟噜瓜之七彩乐园,0.0,26,中国,全26话,国创
126468,丰丰农场之肥虫豆豆 第1部,0.0,13,中国,全13话,国创
124941,知宝学堂之成语故事 第5季,0.0,65,中国,全65话,国创
47023,小小聪明星,0.0,72,中国,全72话,国创
46718,智慧村的故事 第一季,0.0,72,中国,全72话,国创
125162,热土家园,0.0,10,中国,全10话,国创
46869,说果雷雷 第一季,0.0,26,中国,全26话,国创
46784,小神驾 到第4部,0.0,26,中国,全26话,国创
44385,神奇的多比,0.0,52,中国,全52话,国创
126900,你好！啾啾 第1季,0.0,36,中国,全36话,国创
126444,花花使者 第6季,0.0,52,中国,全52话,国创
123254,成长之有意义的事,0.0,40,中国,全40话,国创
72920,大宝大牙科学探索,0.0,30,中国,全30话,国创
72878,乐园市的快乐日常,0.0,42,中国,全42话,国创
72686,泰极熊历险记,0.0,12,中国,全12话,国创
46925,猪多多之彩虹画堂 第1季,0.0,52,中国,全52话,国创
46851,土波兔之成长日记 第一季,0.0,26,中国,全26话,国创
44401,快乐育儿,0.0,26,中国,全26话,国创
127098,嗨！嘟嘟  第1季,0.0,36,中国,全36话,国创
127087,小猫威力 第3季,0.0,20,中国,全20话,国创
125970,乐乐虎大世界,0.0,38,中国,全38话,国创
72774,纸朋友 第3季,0.0,26,中国,全26话,国创
43996,顽皮部落之无敌悠悠,0.0,200,中国,全200话,国创
127257,馒有趣,0.0,26,中国,全26话,国创
126908,说成语是成语,0.0,29,中国,全29话,国创
126172,糖果太空遨游记之能量之星,0.0,26,中国,全26话,国创
126169,卡卡虫,0.0,52,中国,全52话,国创
46813,小鼠罗夫挑战记,0.0,32,中国,全32话,国创
44369,宝贝晓晓 第二季,0.0,52,中国,全52话,国创
126447,青春奇遇记 第2季,0.0,24,中国,全24话,国创
126179,斑点熊与大笨贼,0.0,26,中国,全26话,国创
124956,叽哩与咕噜 第4季 快乐速递,0.0,52,中国,全52话,国创
72892,飞天狐和卡卡,0.0,45,中国,全45话,国创
72770,猪多多之彩虹画堂 第2季,0.0,52,中国,全52话,国创
46917,果果成长日记 第三季,0.0,48,中国,全48话,国创
46765,熊猫洋洋和小伙伴,0.0,26,中国,全26话,国创
44339,自然护卫队,0.0,50,中国,全50话,国创
40511,幸福岛,0.0,52,中国,全52话,国创
126197,吉祥宝宝 第4季,0.0,26,中国,全26话,国创
123523,尼尼和她的好朋友 第3季,0.0,60,中国,全60话,国创
72775,纸朋友 第2季,0.0,52,中国,全52话,国创
72742,尼尼和她的好朋友 第2季,0.0,45,中国,全45话,国创
43992,鹅堡小战队,0.0,104,中国,全104话,国创
127279,布袋和尚云游记之抗洪风云,0.0,36,中国,全36话,国创
126405,嗨萌马之神骏兄弟 第3季,0.0,10,中国,全10话,国创
125975,乐乐虎的家,0.0,42,中国,全42话,国创
72905,凿壁偷光-匡衡的传说,0.0,1,中国,全1话,国创
47533,参娃与天池怪兽 第二季,0.0,26,中国,全26话,国创
47042,参宝 第二季,0.0,26,中国,全26话,国创
46909,麦圈可可趣游旅程,0.0,12,中国,全12话,国创
46785,快乐摩登之幸福的家庭,0.0,85,中国,全85话,国创
46772,淘气猪多多 第三季,0.0,52,中国,全52话,国创
46734,春芽宝贝,0.0,12,中国,全12话,国创
44366,宝宝乐学堂之神奇能量屋,0.0,60,中国,全60话,国创
46757,快乐摩登之宝贝计划,0.0,78,中国,全78话,国创
46717,彩虹森林的故事,0.0,30,中国,全30话,国创
72921,嗨！三宝,0.0,26,中国,全26话,国创
44396,小猴眯乐之环保危机,0.0,20,中国,全20话,国创
126412,嗨萌马之神骏兄弟 第10季,0.0,10,中国,全10话,国创
126210,攀霞降魔记守护家园,0.0,13,中国,全13话,国创
125014,和圆圆学诗歌 第1季,0.0,54,中国,全54话,国创
46919,小鸭啾啾 第二季,0.0,50,中国,全50话,国创
46816,快乐小村庄,0.0,70,中国,全70话,国创
127221,托雷的玩具城 第2季,0.0,25,中国,全25话,国创
72918,绿野森林的故事,0.0,24,中国,全24话,国创
47041,参宝之爆笑本草村,0.0,13,中国,全13话,国创
47022,逗逗虎快乐家园,0.0,52,中国,全52话,国创
44397,小猴眯乐之文明小镇,0.0,20,中国,全20话,国创
44392,土波兔之乐乐运动,0.0,26,中国,全26话,国创
125169,儿童健康小知识 第3季,0.0,52,中国,全52话,国创
46930,寻找圣堂,0.0,26,中国,全26话,国创
46736,春芽宝贝 第二季,0.0,40,中国,全40话,国创
44419,沃沃健康系列之囧爸囧妈 第一季,0.0,55,中国,全55话,国创
126460,小兔阿桃认知启蒙 第1季,0.0,20,中国,全20话,国创
72911,土波兔 第5季,0.0,26,中国,全26话,国创
126903,阿宝寓言故事 第3季,0.0,60,中国,全60话,国创
126158,宝贝咿家,0.0,52,中国,全52话,国创
74399,猪多多之趣味课堂 第3季,0.0,60,中国,全60话,国创
72907,童心向阳,0.0,30,中国,全30话,国创
47044,参宝 第四季,0.0,26,中国,全26话,国创
46928,铜鼓传奇 第二季,0.0,13,中国,全13话,国创
45689,拇指总动员5：风暴之眼,0.0,10,中国,全10话,国创
44350,拇指总动员3 柳江河神,0.0,10,中国,全10话,国创
126462,小兔阿桃认知启蒙 第2季,0.0,26,中国,全26话,国创
124942,知宝学堂之成语故事 第6季,0.0,65,中国,全65话,国创
46852,土波兔之成长日记 第二季,0.0,26,中国,全26话,国创
46710,猪多多之趣味小课堂 第1季,0.0,60,中国,全60话,国创
72912,土波兔 第6季,0.0,26,中国,全26话,国创
47043,参宝 第三季,0.0,26,中国,全26话,国创
47024,给逗逗虎的信,0.0,50,中国,全50话,国创
46809,萌果乐多多之水果勋章 第三季,0.0,20,中国,全20话,国创
44380,蜜宝游哈密,0.0,13,中国,全13话,国创
131391,你好 熊猫点点 第2季,0.0,52,中国,全52话,国创
124934,小白和阿力,0.0,12,中国,全12话,国创
47015,蛋蛋龙和他的小伙伴们,0.0,50,中国,全50话,国创
46780,参娃与天池怪兽 第三季,0.0,26,中国,全26话,国创
44394,悟璐璐之好习惯,0.0,16,中国,全16话,国创
126448,多宝一家人 第4季,0.0,26,中国,全26话,国创
126407,嗨萌马之神骏兄弟 第5季,0.0,10,中国,全10话,国创
46916,果果成长日记 第二季,0.0,76,中国,全76话,国创
46794,萌果乐多多之水果勋章 第二季,0.0,26,中国,全26话,国创
239299,绑定破产AI，我开局氪成大神 动态漫,0.0,22,中国,更新至第22话,国创
127090,月亮的快乐日记 第1季,0.0,20,中国,全20话,国创
126463,木木博士之千问千答人体篇（上）,0.0,32,中国,全32话,国创
124957,牛博士成长乐园 第1季,0.0,20,中国,全20话,国创
46907,乐融龙 第一季,0.0,30,中国,全30话,国创
126181,阿毛故事,0.0,26,中国,全26话,国创
125972,萌果乐多多之水果勋章 第1季,0.0,26,中国,全26话,国创
46746,少相甘罗 第二季,0.0,20,中国,全20话,国创
45688,拇指总动员2：雨林奇遇,0.0,10,中国,全10话,国创
130004,你好 熊猫点点 第1季,0.0,52,中国,更新至第52话,国创
126411,嗨萌马之神骏兄弟 第9季,0.0,10,中国,全10话,国创
126205,梦幻庄园,0.0,50,中国,全50话,国创
125170,儿童健康小知识 第2季,0.0,52,中国,全52话,国创
43800,果蔬乐园,0.0,50,中国,全50话,国创
126461,高老师的七彩课堂 第3季,0.0,33,中国,全33话,国创
126406,嗨萌马之神骏兄弟 第4季,0.0,10,中国,全10话,国创
126157,宝贝咿家 第2部,0.0,32,中国,全32话,国创
46862,萌马吼吼,0.0,60,中国,全60话,国创
43972,泡泡虫的欢乐时光,0.0,26,中国,全26话,国创
126410,嗨萌马之神骏兄弟 第8季,0.0,10,中国,全10话,国创
126408,嗨萌马之神骏兄弟 第6季,0.0,10,中国,全10话,国创
72822,猪多多之趣味小课堂 第5季,0.0,36,中国,全36话,国创
46751,我们渡江啦 第二季,0.0,10,中国,全10话,国创
46730,幸福岛的小伙伴 第三季,0.0,26,中国,全26话,国创
125976,快乐小嘟嘟,0.0,26,中国,全26话,国创
123544,淘气猪多多之我爱画画 第5季,0.0,36,中国,全36话,国创
46817,奇趣乐园（上）,0.0,150,中国,全150话,国创
124587,木木部落,0.0,52,中国,全52话,国创
72766,棒波免的海洋之旅,0.0,30,中国,全30话,国创
126466,木木博士之千问千答,0.0,50,中国,全50话,国创
46729,幸福岛的小伙伴 第二季,0.0,26,中国,全26话,国创
45687,拇指总动员4：雪山寻鹿,0.0,10,中国,全10话,国创
126409,嗨萌马之神骏兄弟 第7季,0.0,10,中国,全10话,国创
126211,攀霞降魔记拯救家园,0.0,13,中国,全13话,国创
123543,丫丫的日常百科 第5季,0.0,40,中国,全40话,国创
72824,绿野森林的故事 第2季,0.0,20,中国,全20话,国创
43921,机械小活宝,0.0,73,中国,全73话,国创
126387,人鱼小灯笼 第2季,0.0,52,中国,全52话,国创
46760,炫彩精灵队之水精灵阿露,0.0,26,中国,全26话,国创
126450,彩虹画堂 第1季,0.0,21,中国,全21话,国创
126423,快乐捧茶茶,0.0,26,中国,全26话,国创
46725,快乐的海洋,0.0,20,中国,全20话,国创
46929,喀斯特神奇之旅 第三季,0.0,26,中国,全26话,国创
46870,说果雷雷 第二季,0.0,26,中国,全26话,国创
46759,炫彩精灵队 第一季,0.0,39,中国,全39话,国创
46748,黄梅谷传奇,0.0,25,中国,全25话,国创
44354,欢乐农场,0.0,60,中国,全60话,国创
126151,蛋蛋龙之智慧成长,0.0,46,中国,全46话,国创
125167,宝宝乐学堂之环球乐翻天,0.0,300,中国,全300话,国创
125145,你好！啾啾 第2季,0.0,50,中国,全50话,国创
124950,清风园 廉洁文化教育系列,0.0,8,中国,全8话,国创
124576,星星牧场之伴你成长,0.0,52,中国,全52话,国创
46713,船员历险记之其乐融融,0.0,20,中国,全20话,国创
131389,聪明的果果 第2季,0.0,21,中国,全21话,国创
124577,星星牧场之梦想的力量,0.0,52,中国,全52话,国创
46740,船员历险记,0.0,36,中国,全36话,国创
127065,小鸡丫丫之玩乐篇,0.0,50,中国,全50话,国创
46927,八桂清莲,0.0,13,中国,全13话,国创
127073,乐宝之奇妙的世界,0.0,10,中国,全10话,国创
126974,小飞蛋环游冒险记,0.0,26,中国,全26话,国创
125980,孝贤闵子,0.0,36,中国,全36话,国创
46711,大钟修复记,0.0,26,中国,全26话,国创
126993,彩虹画堂 第3季,0.0,24,中国,全24话,国创
43799,智慧庄园,0.0,50,中国,全50话,国创
245857,机灵姐的神探日记,0.0,20,中国,全20话,国创
46708,全祖望之好学神童,0.0,5,中国,全5话,国创
126890,绿野森林的故事 第3季,0.0,21,中国,全21话,国创
46758,炫彩精灵队之发明家路路,0.0,13,中国,全13话,国创
44373,哈密故事,0.0,3,中国,全3话,国创
124959,齐心协力拼一拼,0.0,50,中国,全50话,国创
44415,小本特讲习所,0.0,12,中国,全12话,国创
124953,丫丫和她的小伙伴们 第1季,0.0,26,中国,全26话,国创
125002,蛋蛋龙成长日记 第1季,0.0,52,中国,全52话,国创
47027,我们的接力跑,0.0,1,中国,全1话,国创
124954,丫丫和她的小伙伴们 第2季,0.0,26,中国,全26话,国创
124923,趣味小课堂 第2季,0.0,38,中国,全38话,国创
245855,机灵姐的好习惯养成记,0.0,30,中国,全30话,国创
245854,机灵姐的人体魔法书,0.0,10,中国,全10话,国创
245856,机灵姐的旅行日记,0.0,20,中国,全20话,国创
